ts_rounded,cpu,ram,rps
2026-03-06 22:00:00+00:00,0.0005219975639467,28.12109375,0.1
2026-03-06 22:00:15+00:00,0.0004015854197213,28.12109375,0.1
2026-03-06 22:00:30+00:00,0.0005068221405091,28.3671875,0.1
2026-03-06 22:00:45+00:00,0.0003414588914003,28.12109375,0.0999980000399992
2026-03-06 22:01:00+00:00,0.0002819582214727,28.12109375,0.1000020000400008
2026-03-06 22:01:15+00:00,0.0002924616902721,28.12109375,0.1
2026-03-06 22:01:30+00:00,0.0006375319890966,28.12109375,0.1000020000400008
2026-03-06 22:01:45+00:00,0.0005922410022888,28.12109375,0.1
2026-03-06 22:02:00+00:00,0.0004227296181516,28.12109375,0.1
2026-03-06 22:02:15+00:00,0.0003135999999926,28.12109375,0.1
2026-03-06 22:02:30+00:00,0.0003852646890259,28.12109375,0.1
2026-03-06 22:02:45+00:00,0.0003612620558195,28.125,0.1
2026-03-06 22:03:00+00:00,0.0003283529289416,28.125,0.1
2026-03-06 22:03:15+00:00,0.0003773379819533,28.125,0.1
2026-03-06 22:03:30+00:00,0.0004577346717909,28.125,0.1
2026-03-06 22:03:45+00:00,0.0004442641442213,28.125,0.1000020000400008
2026-03-06 22:04:00+00:00,0.0005246001214798,28.125,0.1
2026-03-06 22:04:15+00:00,0.0003694904587442,28.125,0.1
2026-03-06 22:04:30+00:00,0.0003242578283782,28.125,0.1
2026-03-06 22:04:45+00:00,0.0003195914136405,28.125,0.1
2026-03-06 22:05:00+00:00,0.0004565054192299,28.62109375,0.1
2026-03-06 22:05:15+00:00,0.0004849493837404,28.125,0.0999980000399992
2026-03-06 22:05:30+00:00,0.0005928020822904,28.125,0.1
2026-03-06 22:05:45+00:00,0.0005305998711543,28.0,0.1
2026-03-06 22:06:00+00:00,0.0005181942979915,28.0,0.1
2026-03-06 22:06:15+00:00,0.000456604928821,28.0,0.0999980000399992
2026-03-06 22:06:30+00:00,0.000423029506038,28.0,0.1000020000400008
2026-03-06 22:06:45+00:00,0.0003793496155645,28.0,0.1
2026-03-06 22:07:00+00:00,0.0004406994813003,28.25,0.1
2026-03-06 22:07:15+00:00,0.0003260541220889,28.0,0.1
2026-03-06 22:07:30+00:00,0.0004678386323194,28.0,0.1
2026-03-06 22:07:45+00:00,0.0004128575462909,28.1171875,0.0999980000399992
2026-03-06 22:08:00+00:00,0.0004155379781548,28.1171875,0.1
2026-03-06 22:08:15+00:00,0.0003503031345404,28.1171875,0.0999980000399992
2026-03-06 22:08:30+00:00,0.0005055407960581,28.1171875,0.1
2026-03-06 22:08:45+00:00,0.0003750666666746,28.1171875,0.1
2026-03-06 22:09:00+00:00,0.000455655939266,28.1171875,0.1000020000400008
2026-03-06 22:09:15+00:00,0.0003954451345796,28.1171875,0.1
2026-03-06 22:09:30+00:00,0.0003302315845668,28.1171875,0.1
2026-03-06 22:09:45+00:00,0.0005288801144689,28.1171875,0.1
2026-03-06 22:10:00+00:00,0.000490291834269,28.1171875,0.1
2026-03-06 22:10:15+00:00,0.0003946286456272,28.12890625,0.1
2026-03-06 22:10:30+00:00,0.0004009405492489,28.1328125,0.1
2026-03-06 22:10:45+00:00,0.0004236291299105,28.1328125,0.1
2026-03-06 22:11:00+00:00,0.0002968773507282,28.1328125,0.1000020000400008
2026-03-06 22:11:15+00:00,0.0003132838185228,28.1328125,0.1
2026-03-06 22:11:30+00:00,0.0003037947575784,28.1328125,0.1
2026-03-06 22:11:45+00:00,0.0003458261335814,28.1328125,0.0999980000399992
2026-03-06 22:12:00+00:00,0.0004676767237611,28.1328125,0.1
2026-03-06 22:12:15+00:00,0.0005707579397435,28.1328125,0.1
2026-03-06 22:12:30+00:00,0.0005052134431573,28.1328125,0.1
2026-03-06 22:12:45+00:00,0.0004624181896403,28.1328125,0.1
2026-03-06 22:13:00+00:00,0.0003773815564875,28.1328125,0.1000020000400008
2026-03-06 22:13:15+00:00,0.000431242849713,28.1328125,0.1
2026-03-06 22:13:30+00:00,0.0003555986940842,28.1328125,0.1
2026-03-06 22:13:45+00:00,0.0004495198254757,28.1328125,0.1
2026-03-06 22:14:00+00:00,0.0005612196076747,28.1328125,0.1
2026-03-06 22:14:15+00:00,0.0005173065564054,28.1328125,0.1
2026-03-06 22:14:30+00:00,0.0005061120040642,28.1328125,0.1
2026-03-06 22:14:45+00:00,0.0004098736072592,28.1328125,0.1
2026-03-06 22:15:00+00:00,0.0004323910826157,28.1328125,0.1
2026-03-06 22:15:15+00:00,0.0004723206008881,28.1328125,0.0999980000399992
2026-03-06 22:15:30+00:00,0.0003650805677627,28.1328125,0.1
2026-03-06 22:15:45+00:00,0.0004005600373351,28.1328125,0.1
2026-03-06 22:16:00+00:00,0.0003104220426112,28.1328125,0.1000020000400008
2026-03-06 22:16:15+00:00,0.0005230531738808,28.1328125,0.1000020000400008
2026-03-06 22:16:30+00:00,0.0004399834246838,28.1328125,0.1000020000400008
2026-03-06 22:16:45+00:00,0.000518299599973,28.1328125,0.0999980000399992
2026-03-06 22:17:00+00:00,0.0002469431421232,28.1328125,0.0999980000399992
2026-03-06 22:17:15+00:00,0.0004342179294788,28.1328125,0.1000020000400008
2026-03-06 22:17:30+00:00,0.0003609745110625,28.1328125,0.1000020000400008
2026-03-06 22:17:45+00:00,0.0004784002310171,28.37890625,0.1
2026-03-06 22:18:00+00:00,0.0003726443421303,28.1328125,0.0999980000399992
2026-03-06 22:18:15+00:00,0.0004738740949787,28.0078125,0.0999980000399992
2026-03-06 22:18:30+00:00,0.0003700500000036,28.0078125,0.1000020000400008
2026-03-06 22:18:45+00:00,0.0003777040537179,28.0078125,0.1
2026-03-06 22:19:00+00:00,0.0003443191429369,28.0078125,0.1
2026-03-06 22:19:15+00:00,0.0004616579710167,28.0078125,0.1
2026-03-06 22:19:30+00:00,0.0003056249999985,28.0078125,0.1000020000400008
2026-03-06 22:19:45+00:00,0.0004193111029717,28.0078125,0.1
2026-03-06 22:20:00+00:00,0.0002969714057723,28.0078125,0.1
2026-03-06 22:20:15+00:00,0.0002871360284508,28.0078125,0.1
2026-03-06 22:20:30+00:00,0.0004859818372026,28.0078125,0.1
2026-03-06 22:20:45+00:00,0.0005017559896132,28.0078125,0.0999980000399992
2026-03-06 22:21:00+00:00,0.0003424628076315,28.0078125,0.1
2026-03-06 22:21:15+00:00,0.0003556980141609,28.0078125,0.0999980000399992
2026-03-06 22:21:30+00:00,0.0004655754865092,28.25390625,0.1
2026-03-06 22:21:45+00:00,0.0003688970845377,28.0078125,0.1
2026-03-06 22:22:15+00:00,0.00036558913926645,28.0078125,0.1
2026-03-06 22:22:30+00:00,0.000271945045912,28.0078125,0.1
2026-03-06 22:22:45+00:00,0.0006193150462525,28.0078125,0.1000020000400008
2026-03-06 22:23:00+00:00,0.0006768438003267,28.0078125,0.1000020000400008
2026-03-06 22:23:15+00:00,0.000269824999998,28.0078125,1.0
2026-03-06 22:23:30+00:00,0.0062064628993971,31.5390625,17.63964720705586
2026-03-06 22:23:45+00:00,0.0208782461073217,37.15625,28.16
2026-03-06 22:24:00+00:00,0.0351208254743046,36.95703125,48.18
2026-03-06 22:24:15+00:00,0.0361056622299913,36.2265625,52.74105482109644
2026-03-06 22:24:30+00:00,0.0292630374763708,36.2265625,57.08
2026-03-06 22:24:45+00:00,0.0296085707451316,35.87109375,60.66
2026-03-06 22:25:00+00:00,0.0405967165480049,36.83984375,66.23867522649547
2026-03-06 22:25:15+00:00,0.041713745305946,36.0,71.05857882842344
2026-03-06 22:25:30+00:00,0.0290556144237923,36.890625,76.62
2026-03-06 22:25:45+00:00,0.0146116799781551,36.70703125,78.94
2026-03-06 22:26:00+00:00,0.0146389202365369,36.921875,82.60165203304066
2026-03-06 22:26:15+00:00,0.0149423664543711,36.92578125,86.24000000000001
2026-03-06 22:26:30+00:00,0.0115425429985536,36.92578125,92.04
2026-03-06 22:26:45+00:00,0.0160951844404399,38.0546875,94.79810403791925
2026-03-06 22:27:00+00:00,0.0166452621237825,38.0546875,98.8819776395528
2026-03-06 22:27:15+00:00,0.0134439996229481,36.88671875,99.1980160396792
2026-03-06 22:27:30+00:00,0.0173149579200924,38.24609375,103.54
2026-03-06 22:27:45+00:00,0.0176695371107469,37.66796875,105.59788804223916
2026-03-06 22:28:00+00:00,0.0101994500000046,37.66796875,109.16218324366488
2026-03-06 22:28:15+00:00,0.0186393240316411,38.01953125,113.58
2026-03-06 22:28:30+00:00,0.0167393960865566,38.48828125,120.022400448009
2026-03-06 22:28:45+00:00,0.0197752611109792,38.265625,122.9
2026-03-06 22:29:00+00:00,0.0144037230574807,38.265625,129.98259965199304
2026-03-06 22:29:15+00:00,0.0209545921297702,39.2578125,133.00266005320103
2026-03-06 22:29:30+00:00,0.0214417844616841,39.2578125,136.54
2026-03-06 22:29:45+00:00,0.021901265713608,38.72265625,139.82
2026-03-06 22:30:00+00:00,0.0180395657115367,38.72265625,142.68
2026-03-06 22:30:15+00:00,0.0233706519942387,39.25390625,145.17709645807082
2026-03-06 22:30:30+00:00,0.024105566737029,39.41015625,147.86
2026-03-06 22:30:45+00:00,0.0246517427479178,38.82421875,152.48304966099323
2026-03-06 22:31:00+00:00,0.019580394883341,38.82421875,156.38
2026-03-06 22:31:15+00:00,0.0244416119388912,38.78515625,156.53686926261474
2026-03-06 22:31:30+00:00,0.0212671335232127,38.94140625,160.9767804643907
2026-03-06 22:31:45+00:00,0.0202073265691635,38.69140625,161.03677926441472
2026-03-06 22:32:00+00:00,0.0211981099555562,39.6875,167.2
2026-03-06 22:32:15+00:00,0.0260367718694115,39.62890625,172.74
2026-03-06 22:32:30+00:00,0.0269422124707209,38.9140625,173.72
2026-03-06 22:32:45+00:00,0.0268496481328811,39.33203125,177.3
2026-03-06 22:33:00+00:00,0.0272817506193217,40.02734375,179.18
2026-03-06 22:33:15+00:00,0.027873263617923,39.5234375,183.91632167356653
2026-03-06 22:33:30+00:00,0.0285112522376675,39.69140625,193.41613167736645
2026-03-06 22:33:45+00:00,0.025041805526962,39.29296875,194.68
2026-03-06 22:34:00+00:00,0.0300309317238767,39.8046875,204.88409768195365
2026-03-06 22:34:15+00:00,0.0305977764460252,40.3046875,204.78409568191364
2026-03-06 22:34:30+00:00,0.0309299919990839,40.3046875,208.9
2026-03-06 22:34:45+00:00,0.0313765246286165,40.3203125,209.6
2026-03-06 22:35:00+00:00,0.0318953440928467,39.80859375,213.1557368852623
2026-03-06 22:35:15+00:00,0.0327497083465859,41.43359375,216.44
2026-03-06 22:35:30+00:00,0.0262777944013998,41.43359375,219.34
2026-03-06 22:35:45+00:00,0.0332028716877783,40.8046875,223.96
2026-03-06 22:36:00+00:00,0.0333171673099619,41.14453125,229.16458329166588
2026-03-06 22:36:15+00:00,0.0286710810324076,40.9609375,232.46
2026-03-06 22:36:30+00:00,0.0349072778595974,41.1953125,235.44
2026-03-06 22:36:45+00:00,0.0351050286713127,40.91796875,240.68
2026-03-06 22:37:00+00:00,0.023662999999999,40.72265625,242.884857697154
2026-03-06 22:37:15+00:00,0.0354462294634276,40.76171875,245.17509649807005
2026-03-06 22:37:30+00:00,0.0355855680726989,40.52734375,249.86
2026-03-06 22:37:45+00:00,0.0233100499999977,41.30078125,251.214975700486
2026-03-06 22:38:00+00:00,0.0367307229599355,40.890625,257.6051521030421
2026-03-06 22:38:15+00:00,0.0312772791480265,41.94140625,259.3851877037541
2026-03-06 22:38:30+00:00,0.0384505085421764,42.203125,262.64
2026-03-06 22:38:45+00:00,0.0384696681234092,42.1640625,266.14
2026-03-06 22:39:00+00:00,0.0387870658006197,41.86328125,269.04
2026-03-06 22:39:15+00:00,0.0389372502472855,41.7578125,272.9745405091898
2026-03-06 22:39:30+00:00,0.0400347026194698,41.80078125,280.4343913121737
2026-03-06 22:39:45+00:00,0.041146114773595,38.51953125,287.24
2026-03-06 22:40:00+00:00,0.0424251901092822,41.86328125,293.1258625172504
2026-03-06 22:40:15+00:00,0.041946812719453,41.9296875,295.2140957180856
2026-03-06 22:40:30+00:00,0.0419291442901355,41.92578125,296.14
2026-03-06 22:40:45+00:00,0.0424010399669306,42.5390625,301.04
2026-03-06 22:41:00+00:00,0.0435798283056021,42.9921875,306.3461269225385
2026-03-06 22:41:15+00:00,0.0436578035199205,42.7734375,307.3
2026-03-06 22:41:30+00:00,0.0373345581769587,43.2734375,311.78000000000003
2026-03-06 22:41:45+00:00,0.044119590941278,42.93359375,313.3537329253415
2026-03-06 22:42:00+00:00,0.0372430359962848,42.93359375,319.62
2026-03-06 22:42:15+00:00,0.0383082991503667,42.98828125,323.48
2026-03-06 22:42:30+00:00,0.0466464412982833,42.9453125,324.56
2026-03-06 22:42:45+00:00,0.0468397203595364,42.67578125,328.6534269314613
2026-03-06 22:43:00+00:00,0.0468807063944591,42.3828125,330.12
2026-03-06 22:43:15+00:00,0.0470162024897244,42.828125,334.4333113337733
2026-03-06 22:43:30+00:00,0.0474871017340089,43.140625,337.52000000000004
2026-03-06 22:43:45+00:00,0.0484187095710992,41.79296875,342.34000000000003
2026-03-06 22:44:00+00:00,0.049512110221264,43.30078125,348.18
2026-03-06 22:44:15+00:00,0.050216377382604,43.71875,354.38
2026-03-06 22:44:30+00:00,0.0368463557302883,43.71875,358.2
2026-03-06 22:44:45+00:00,0.0514520297661004,43.578125,363.7000000000001
2026-03-06 22:45:00+00:00,0.0515432492375893,43.578125,363.22726454529095
2026-03-06 22:45:15+00:00,0.0512722503394726,43.21484375,363.54
2026-03-06 22:45:30+00:00,0.0430873234228417,43.21484375,362.4327513449731
2026-03-06 22:45:45+00:00,0.0517136682874104,44.38671875,364.987299745995
2026-03-06 22:46:00+00:00,0.0514496285539897,43.8203125,371.992560148797
2026-03-06 22:46:15+00:00,0.0428847935088381,43.39453125,376.6
2026-03-06 22:46:30+00:00,0.0427426363964139,43.39453125,381.65236695266094
2026-03-06 22:46:45+00:00,0.0538183760290201,44.21484375,383.1
2026-03-06 22:47:00+00:00,0.0449665297352795,44.21484375,387.6877537550752
2026-03-06 22:47:15+00:00,0.054271076370848,44.8984375,391.84
2026-03-06 22:47:30+00:00,0.0404840987783649,44.8984375,399.64
2026-03-06 22:47:45+00:00,0.0560718462213202,44.91015625,405.4
2026-03-06 22:48:00+00:00,0.0566475191700497,44.10546875,411.1
2026-03-06 22:48:15+00:00,0.0574888307984735,44.625,412.8517429651407
2026-03-06 22:48:30+00:00,0.041720060387561,44.625,414.52
2026-03-06 22:48:45+00:00,0.0481514507516185,45.05859375,417.3516529669407
2026-03-06 22:49:00+00:00,0.0580298208180154,44.60546875,420.58
2026-03-06 22:49:15+00:00,0.0579399851961431,44.9765625,423.3315333693327
2026-03-06 22:49:30+00:00,0.0590983801103672,45.22265625,431.32
2026-03-06 22:49:45+00:00,0.0592003796095435,45.74609375,433.54
2026-03-06 22:50:00+00:00,0.0477935220622306,44.44140625,439.9687993759876
2026-03-06 22:50:15+00:00,0.061126220349143,45.34765625,441.88
2026-03-06 22:50:30+00:00,0.0386450250000052,45.34765625,445.4289085781717
2026-03-06 22:50:45+00:00,0.0616586217775381,45.53515625,447.8310433791325
2026-03-06 22:51:00+00:00,0.0611136568694462,44.5390625,451.7690353807077
2026-03-06 22:51:15+00:00,0.0626042273445975,46.33984375,457.2508549829003
2026-03-06 22:51:30+00:00,0.0629491135500187,45.87890625,463.36
2026-03-06 22:51:45+00:00,0.0636466578952983,45.8046875,465.63068738625225
2026-03-06 22:52:00+00:00,0.0638358319178766,46.265625,467.78
2026-03-06 22:52:15+00:00,0.0643109879850667,45.2578125,472.7905441891162
2026-03-06 22:52:30+00:00,0.0487618842917787,45.2578125,483.7000000000001
2026-03-06 22:52:45+00:00,0.0658241562381525,45.91015625,485.2497049941
2026-03-06 22:53:00+00:00,0.0667802636568423,45.3828125,491.58
2026-03-06 22:53:15+00:00,0.0667970365016243,45.984375,493.53012939741205
2026-03-06 22:53:30+00:00,0.0505919206296778,45.984375,494.76
2026-03-06 22:53:45+00:00,0.0680680786686903,46.91796875,494.8
2026-03-06 22:54:00+00:00,0.0688342954832643,46.6640625,501.02
2026-03-06 22:54:15+00:00,0.069239361025611,47.125,505.589888202236
2026-03-06 22:54:30+00:00,0.0699684490781001,46.421875,508.5
2026-03-06 22:54:45+00:00,0.0689660537482284,46.51171875,506.8101362027241
2026-03-06 22:55:00+00:00,0.0483577967238306,46.51171875,511.34
2026-03-06 22:55:15+00:00,0.0695477256146827,46.984375,511.4302286045721
2026-03-06 22:55:30+00:00,0.0520505417997984,46.984375,518.86
2026-03-06 22:55:45+00:00,0.0704986465042404,47.484375,519.8903978079562
2026-03-06 22:56:00+00:00,0.0710995587012595,46.609375,525.82
2026-03-06 22:56:15+00:00,0.0723523093953831,46.7734375,531.12
2026-03-06 22:56:30+00:00,0.0560448308903006,46.7734375,536.4200000000001
2026-03-06 22:56:45+00:00,0.0609921123710112,46.61328125,538.9107782155643
2026-03-06 22:57:00+00:00,0.0734792185619571,47.36328125,537.4707494149884
2026-03-06 22:57:15+00:00,0.0739224103312003,47.23828125,538.72
2026-03-06 22:57:30+00:00,0.0629154278557352,47.23828125,545.3690926181476
2026-03-06 22:57:45+00:00,0.0757289595902588,48.35546875,551.22
2026-03-06 22:58:00+00:00,0.0629822866967283,48.35546875,561.36
2026-03-06 22:58:15+00:00,0.0760708649376034,47.421875,562.4112482249647
2026-03-06 22:58:30+00:00,0.076465277777781,47.63671875,563.56
2026-03-06 22:58:45+00:00,0.0639839720286205,47.88671875,565.7313146262925
2026-03-06 22:59:00+00:00,0.0654209682518061,47.54296875,567.5686486270274
2026-03-06 22:59:15+00:00,0.0773493411316997,47.8046875,572.72
2026-03-06 22:59:30+00:00,0.0646508900175546,47.8046875,575.7084858302834
2026-03-06 22:59:45+00:00,0.0782008208124633,47.60546875,580.84
2026-03-06 23:00:00+00:00,0.0664641809555261,47.60546875,578.74
2026-03-06 23:00:15+00:00,0.0795343803510206,47.9375,585.6800000000001
2026-03-06 23:00:30+00:00,0.0804544420106392,47.94921875,588.78
2026-03-06 23:00:45+00:00,0.0797882246482572,48.33203125,589.42
2026-03-06 23:01:00+00:00,0.0800632884003698,47.98828125,591.76
2026-03-06 23:01:15+00:00,0.0798396337800587,48.61328125,593.8118762375249
2026-03-06 23:01:30+00:00,0.0808402732200564,48.62109375,606.1
2026-03-06 23:01:45+00:00,0.0817992502935592,48.94921875,607.8321566431329
2026-03-06 23:02:00+00:00,0.071745748113575,48.8671875,619.14
2026-03-06 23:02:15+00:00,0.0839980892100144,48.64453125,621.707565848683
2026-03-06 23:02:30+00:00,0.0840488509228986,48.60546875,625.34
2026-03-06 23:02:45+00:00,0.0840234202043014,48.7890625,624.46
2026-03-06 23:03:00+00:00,0.0835550455573033,48.5859375,625.2
2026-03-06 23:03:15+00:00,0.0840050890585271,48.9609375,627.6074478510429
2026-03-06 23:03:30+00:00,0.0842837356283181,49.1171875,629.48
2026-03-06 23:03:45+00:00,0.0850850598480887,49.19921875,634.6
2026-03-06 23:04:00+00:00,0.0696666329871128,49.19921875,641.6600000000001
2026-03-06 23:04:15+00:00,0.0884396139011081,49.046875,650.14
2026-03-06 23:04:30+00:00,0.0745149692325368,49.046875,655.26
2026-03-06 23:04:45+00:00,0.0892767417311666,49.54296875,655.1468970620588
2026-03-06 23:05:00+00:00,0.0879971531774208,49.82421875,653.82
2026-03-06 23:05:15+00:00,0.0888940274599549,50.0234375,656.8731374627494
2026-03-06 23:05:30+00:00,0.0577814999999986,50.0234375,668.4933698673974
2026-03-06 23:05:45+00:00,0.0725721891174493,50.14453125,672.98
2026-03-06 23:06:00+00:00,0.0914454848152949,49.9140625,680.9263814723706
2026-03-06 23:06:15+00:00,0.0907048625331056,49.84375,679.22
2026-03-06 23:06:30+00:00,0.0775339675480793,49.890625,681.56
2026-03-06 23:06:45+00:00,0.0916770523887801,49.74609375,681.9399999999999
2026-03-06 23:07:00+00:00,0.0925265173196489,49.8125,698.3139662793258
2026-03-06 23:07:15+00:00,0.093397879928673,49.82421875,702.24
2026-03-06 23:07:30+00:00,0.0941370071370074,49.9765625,707.48
2026-03-06 23:07:45+00:00,0.0941049676232383,49.51171875,707.14
2026-03-06 23:08:00+00:00,0.0936830850552591,50.08203125,706.6600000000001
2026-03-06 23:08:15+00:00,0.0947158770988269,50.01171875,707.1258574828504
2026-03-06 23:08:30+00:00,0.0956014904386981,50.01171875,709.56
2026-03-06 23:08:45+00:00,0.0961763013037238,50.80859375,713.3657326853463
2026-03-06 23:09:00+00:00,0.0956515535529888,50.80859375,715.8543170863418
2026-03-06 23:09:15+00:00,0.0959970659025781,50.89453125,717.8143562871257
2026-03-06 23:09:30+00:00,0.0779282694771491,50.89453125,719.86
2026-03-06 23:09:45+00:00,0.0963171915136542,51.109375,726.82
2026-03-06 23:10:00+00:00,0.0981165094869223,50.515625,732.705345893082
2026-03-06 23:10:15+00:00,0.0997190952607774,51.38671875,737.8452430951381
2026-03-06 23:10:30+00:00,0.0627973249999968,51.38671875,743.694873897478
2026-03-06 23:10:45+00:00,0.0995970786413148,51.203125,745.48
2026-03-06 23:11:00+00:00,0.1002578875171492,51.57421875,751.5750315006301
2026-03-06 23:11:15+00:00,0.1017220358794549,51.8828125,756.24
2026-03-06 23:11:30+00:00,0.1023195400545346,51.97265625,766.46
2026-03-06 23:11:45+00:00,0.1022782822226023,51.1171875,764.6952939058782
2026-03-06 23:12:00+00:00,0.1022398857975897,51.1171875,769.22
2026-03-06 23:12:15+00:00,0.1022077044057283,51.84765625,768.98
2026-03-06 23:12:30+00:00,0.0843919254695758,51.84765625,766.9446611067779
2026-03-06 23:12:45+00:00,0.0857906428141961,51.015625,767.0600000000001
2026-03-06 23:13:00+00:00,0.0866143257561276,51.015625,774.5600000000001
2026-03-06 23:13:15+00:00,0.1039132359303734,51.99609375,780.4000000000001
2026-03-06 23:13:30+00:00,0.1047298999508018,52.9453125,790.4200000000001
2026-03-06 23:13:45+00:00,0.105763094483199,52.796875,794.6958939178785
2026-03-06 23:14:00+00:00,0.0916080440031773,52.54296875,797.32
2026-03-06 23:14:15+00:00,0.1067863230621891,52.91015625,804.02
2026-03-06 23:14:30+00:00,0.0933824086428492,52.90234375,802.0239595208096
2026-03-06 23:14:45+00:00,0.1068608527294965,52.984375,805.0238995220095
2026-03-06 23:15:00+00:00,0.0794879309008431,52.984375,808.5
2026-03-06 23:15:15+00:00,0.1074433743730028,49.63671875,812.8962579251586
2026-03-06 23:15:30+00:00,0.0884395768860811,49.63671875,819.0200000000001
2026-03-06 23:15:45+00:00,0.1091441299790365,52.51953125,821.78
2026-03-06 23:16:00+00:00,0.1096173299806314,52.39453125,824.52
2026-03-06 23:16:15+00:00,0.1110525988088715,53.296875,828.76
2026-03-06 23:16:30+00:00,0.0809151236296626,53.296875,837.26
2026-03-06 23:16:45+00:00,0.1117634275921181,52.9765625,836.14
2026-03-06 23:17:00+00:00,0.1118590785224076,52.9765625,840.7
2026-03-06 23:17:15+00:00,0.1134127140889367,53.3046875,844.5600000000001
2026-03-06 23:17:30+00:00,0.1132458193491927,53.47265625,848.9000000000001
2026-03-06 23:17:45+00:00,0.094544792254974,52.8203125,851.32
2026-03-06 23:18:00+00:00,0.113304227561712,53.91015625,855.8971179423588
2026-03-06 23:18:15+00:00,0.1138160873350746,54.24609375,861.84
2026-03-06 23:18:30+00:00,0.1142903880294201,54.65234375,860.9399999999999
2026-03-06 23:18:45+00:00,0.1141554233454664,54.30078125,861.242775144497
2026-03-06 23:19:00+00:00,0.1139386806032286,54.65625,863.12
2026-03-06 23:19:15+00:00,0.1137371709537531,53.73046875,864.6
2026-03-06 23:19:30+00:00,0.0869000448677735,53.73046875,871.0374207484152
2026-03-06 23:19:45+00:00,0.1148620340508507,53.72265625,871.1974239484791
2026-03-06 23:20:00+00:00,0.1153747238693196,53.72265625,874.88
2026-03-06 23:20:15+00:00,0.1158831918857369,54.3984375,873.882522349553
2026-03-06 23:20:30+00:00,0.1159348995188183,54.3984375,879.7024059518809
2026-03-06 23:20:45+00:00,0.1167387779315849,54.4765625,883.02
2026-03-06 23:21:00+00:00,0.0973308030135043,54.4765625,900.88
2026-03-06 23:21:15+00:00,0.0992889491142787,55.2421875,906.52
2026-03-06 23:21:30+00:00,0.0997680872319884,55.2421875,911.22
2026-03-06 23:21:45+00:00,0.1194019432591402,54.52734375,906.76
2026-03-06 23:22:00+00:00,0.1191541292589027,55.48046875,909.54
2026-03-06 23:22:15+00:00,0.1194154399370594,55.140625,912.9182583651676
2026-03-06 23:22:30+00:00,0.0932773903921693,55.140625,914.0382807656156
2026-03-06 23:22:45+00:00,0.1202946595939827,54.6875,914.9017019659608
2026-03-06 23:23:00+00:00,0.1213191116583102,55.11328125,918.5816283674326
2026-03-06 23:23:15+00:00,0.1209638399273767,55.2890625,926.64
2026-03-06 23:23:30+00:00,0.0851377644987939,55.2890625,924.92
2026-03-06 23:23:45+00:00,0.1212020672882026,55.515625,916.8783375667514
2026-03-06 23:24:00+00:00,0.1214574539786927,55.02734375,913.3
2026-03-06 23:24:15+00:00,0.1218276238987364,54.87109375,914.4417111657768
2026-03-06 23:24:30+00:00,0.1206975268157515,54.921875,914.94
2026-03-06 23:24:45+00:00,0.1209807943034801,55.68359375,916.04
2026-03-06 23:25:00+00:00,0.0991145539940213,54.8359375,916.5
2026-03-06 23:25:15+00:00,0.101978776170798,55.046875,915.52
2026-03-06 23:25:30+00:00,0.1210524844791579,54.9140625,916.0
2026-03-06 23:25:45+00:00,0.1223925453910533,55.67578125,920.5
2026-03-06 23:26:00+00:00,0.1225188535309507,55.453125,926.5014699706004
2026-03-06 23:26:15+00:00,0.1223483710272009,55.5703125,928.0
2026-03-06 23:26:30+00:00,0.1229098135059549,55.63671875,935.1012979740406
2026-03-06 23:26:45+00:00,0.1034648880961216,55.43359375,941.5611687766244
2026-03-06 23:27:00+00:00,0.1243125089520115,55.0,943.84
2026-03-06 23:27:15+00:00,0.1242354652362315,55.76953125,945.38
2026-03-06 23:27:30+00:00,0.1016747803419842,55.1171875,943.5
2026-03-06 23:27:45+00:00,0.1246743814654201,56.1796875,945.32
2026-03-06 23:28:00+00:00,0.1240154202372685,55.546875,945.4989099781995
2026-03-06 23:28:15+00:00,0.1237848235502018,55.8984375,946.6589331786636
2026-03-06 23:28:30+00:00,0.1236183984598559,55.8984375,957.8791575831516
2026-03-06 23:28:45+00:00,0.125869109660434,56.05859375,958.98
2026-03-06 23:29:00+00:00,0.1269644316139253,54.69140625,967.36
2026-03-06 23:29:15+00:00,0.1272936023570318,55.8515625,965.2
2026-03-06 23:29:30+00:00,0.1274782840963715,55.48828125,966.819336386728
2026-03-06 23:29:45+00:00,0.1276271797731891,55.92578125,965.9806803863922
2026-03-06 23:30:00+00:00,0.1021982238424049,55.92578125,973.08
2026-03-06 23:30:15+00:00,0.1280819782928463,56.6953125,976.94
2026-03-06 23:30:30+00:00,0.1281368321847217,56.6953125,980.62
2026-03-06 23:30:45+00:00,0.1285335081338625,56.18359375,983.460330793384
2026-03-06 23:31:00+00:00,0.1290527116363385,56.9296875,984.48
2026-03-06 23:31:15+00:00,0.1291308458906137,56.78515625,989.74
2026-03-06 23:31:30+00:00,0.1299087972479753,56.87109375,999.8
2026-03-06 23:31:45+00:00,0.1303593815207412,56.84765625,1002.18
2026-03-06 23:32:00+00:00,0.1312366121856166,56.828125,1010.5
2026-03-06 23:32:15+00:00,0.1100823487531349,57.2734375,1006.32
2026-03-06 23:32:30+00:00,0.1324763396134168,56.89453125,1003.66
2026-03-06 23:32:45+00:00,0.1316074533588525,57.37109375,1000.059998800024
2026-03-06 23:33:00+00:00,0.130978686209909,55.328125,1002.14
2026-03-06 23:33:15+00:00,0.1311699277811311,56.484375,1003.48
2026-03-06 23:33:30+00:00,0.1088892896071561,56.484375,1008.76
2026-03-06 23:33:45+00:00,0.1319466336205932,57.28515625,1012.939741205176
2026-03-06 23:34:00+00:00,0.1325576887632967,57.234375,1016.76
2026-03-06 23:34:15+00:00,0.1331857278316459,57.015625,1017.78
2026-03-06 23:34:30+00:00,0.1329404145077709,57.1015625,1019.9603992079842
2026-03-06 23:34:45+00:00,0.1097794133324917,57.48828125,1016.8
2026-03-06 23:35:00+00:00,0.132473252744199,57.09375,1022.7
2026-03-06 23:35:15+00:00,0.1331547652425145,56.96484375,1018.4
2026-03-06 23:35:30+00:00,0.1344669078947229,56.34765625,1027.22
2026-03-06 23:35:45+00:00,0.1348906941347161,57.01171875,1034.08
2026-03-06 23:36:00+00:00,0.1104912038683151,57.01171875,1033.1206624132485
2026-03-06 23:36:15+00:00,0.1341586842105351,56.89453125,1033.2193356132875
2026-03-06 23:36:30+00:00,0.1333088115273183,57.23046875,1022.3395532089356
2026-03-06 23:36:45+00:00,0.133650181435093,56.78515625,1028.94
2026-03-06 23:37:00+00:00,0.1336985063285998,56.8671875,1030.0006000120002
2026-03-06 23:37:15+00:00,0.1341941937303582,57.4453125,1035.1592968140635
2026-03-06 23:37:30+00:00,0.1021864121195651,57.4453125,1038.36
2026-03-06 23:37:45+00:00,0.1083390778902696,57.84765625,1040.1791964160716
2026-03-06 23:38:00+00:00,0.1357083594196574,57.37109375,1039.92
2026-03-06 23:38:15+00:00,0.1349169205973528,57.12890625,1040.28
2026-03-06 23:38:30+00:00,0.1357089469866586,57.34375,1036.78
2026-03-06 23:38:45+00:00,0.1090682522435486,57.82421875,1039.180783615673
2026-03-06 23:39:00+00:00,0.1360469698229223,57.8515625,1036.9007380147605
2026-03-06 23:39:15+00:00,0.1365025222732981,57.83984375,1043.8200000000002
2026-03-06 23:39:30+00:00,0.1364436433605311,57.95703125,1041.3991720165595
2026-03-06 23:39:45+00:00,0.1366425007197048,56.76953125,1045.62
2026-03-06 23:40:00+00:00,0.1352886854556692,57.5,1038.3792324153517
2026-03-06 23:40:15+00:00,0.1355636455355615,57.19140625,1040.5800000000002
2026-03-06 23:40:30+00:00,0.1349675796230286,57.19140625,1045.9409188183763
2026-03-06 23:40:45+00:00,0.135130223435104,56.84765625,1043.36
2026-03-06 23:41:00+00:00,0.135021628125367,57.3203125,1051.46
2026-03-06 23:41:15+00:00,0.1357954858934087,57.91796875,1043.4591308173835
2026-03-06 23:41:30+00:00,0.1361001168187451,58.66796875,1042.8608572171445
2026-03-06 23:41:45+00:00,0.0939009499999997,57.88671875,1039.68
2026-03-06 23:42:00+00:00,0.13520737210578,57.109375,1043.7
2026-03-06 23:42:15+00:00,0.1359425026541987,58.5703125,1044.9591008179837
2026-03-06 23:42:30+00:00,0.111086256763834,57.46484375,1050.78
2026-03-06 23:42:45+00:00,0.1374996856641104,58.40625,1050.8610172203444
2026-03-06 23:43:00+00:00,0.1367261412805678,57.796875,1047.5409508190164
2026-03-06 23:43:15+00:00,0.1365660377358569,58.01171875,1045.62
2026-03-06 23:43:30+00:00,0.1361453084013239,57.59765625,1046.5790684186316
2026-03-06 23:43:45+00:00,0.1358619765555279,58.64453125,1048.28
2026-03-06 23:44:00+00:00,0.0831154749999996,58.64453125,1038.56
2026-03-06 23:44:15+00:00,0.1352753299602027,58.00390625,1034.1
2026-03-06 23:44:30+00:00,0.1356328561370489,58.14453125,1037.0
2026-03-06 23:44:45+00:00,0.135592634635113,57.30859375,1038.5007700154003
2026-03-06 23:45:00+00:00,0.1092775231315853,57.30859375,1047.3609472189446
2026-03-06 23:45:15+00:00,0.1362033079593798,57.98046875,1045.6190876182477
2026-03-06 23:45:30+00:00,0.1064534246313606,57.98046875,1050.8789824203516
2026-03-06 23:45:45+00:00,0.1358795031836464,58.35546875,1049.0
2026-03-06 23:46:00+00:00,0.135675358385938,58.35546875,1045.12
2026-03-06 23:46:15+00:00,0.1346543157512069,57.91015625,1043.3008660173205
2026-03-06 23:46:30+00:00,0.1347423941899795,58.49609375,1036.6
2026-03-06 23:46:45+00:00,0.1341781978406327,57.7421875,1038.04
2026-03-06 23:47:00+00:00,0.13438563318777,56.765625,1033.34
2026-03-06 23:47:15+00:00,0.1344051248923359,57.546875,1034.84
2026-03-06 23:47:30+00:00,0.1343372461825191,57.48046875,1034.8606972139446
2026-03-06 23:47:45+00:00,0.1338774011800705,57.39453125,1036.3792724145517
2026-03-06 23:48:00+00:00,0.1331423023954056,57.34375,1025.3394932101355
2026-03-06 23:48:15+00:00,0.1322783457830888,57.90625,1023.3604672093444
2026-03-06 23:48:30+00:00,0.1318596556117287,57.5625,1016.46
2026-03-06 23:48:45+00:00,0.1322163952476534,56.78515625,1014.9197016059678
2026-03-06 23:49:00+00:00,0.1102608318455137,56.78515625,1018.959620807584
2026-03-06 23:49:15+00:00,0.1078438367821127,56.7890625,1022.38
2026-03-06 23:49:30+00:00,0.133889973705268,56.921875,1026.78
2026-03-06 23:49:45+00:00,0.133094815398525,57.5546875,1023.04
2026-03-06 23:50:00+00:00,0.0823877750000065,57.5546875,1020.74
2026-03-06 23:50:15+00:00,0.132255112303051,56.76953125,1018.42
2026-03-06 23:50:30+00:00,0.1323146967087154,57.3671875,1016.36
2026-03-06 23:50:45+00:00,0.1329684149000674,57.078125,1019.56
2026-03-06 23:51:00+00:00,0.1328713883096942,57.29296875,1012.46
2026-03-06 23:51:15+00:00,0.1319752038043432,57.02734375,1017.06
2026-03-06 23:51:30+00:00,0.0970011323446608,57.02734375,1007.04
2026-03-06 23:51:45+00:00,0.1309013552737845,56.92578125,1005.64
2026-03-06 23:52:00+00:00,0.101308572700647,56.92578125,1001.2
2026-03-06 23:52:15+00:00,0.1095986441973453,57.4296875,995.52
2026-03-06 23:52:30+00:00,0.1302964291493584,57.38671875,988.94
2026-03-06 23:52:45+00:00,0.1289819681948167,56.44140625,983.4003319933602
2026-03-06 23:53:00+00:00,0.0870327999999972,56.44140625,983.819676393528
2026-03-06 23:53:15+00:00,0.1093950406531893,56.53125,977.8404431911362
2026-03-06 23:53:30+00:00,0.1289266187918712,57.57421875,975.96
2026-03-06 23:53:45+00:00,0.1277188789505142,57.171875,973.219464389288
2026-03-06 23:54:00+00:00,0.1063468043148689,55.79296875,965.86
2026-03-06 23:54:15+00:00,0.1265774743187576,56.3984375,966.7606647867044
2026-03-06 23:54:30+00:00,0.1270322125980181,56.17578125,966.3606727865442
2026-03-06 23:54:45+00:00,0.127899191679974,55.55078125,968.12
2026-03-06 23:55:00+00:00,0.1275461644874801,56.09765625,968.62
2026-03-06 23:55:15+00:00,0.1272505055137501,56.75390625,972.8
2026-03-06 23:55:30+00:00,0.1266260242543433,56.46875,962.96
2026-03-06 23:55:45+00:00,0.12633080202505,56.37109375,961.1592231844638
2026-03-06 23:56:00+00:00,0.1257695365012568,56.37109375,948.8210235795284
2026-03-06 23:56:15+00:00,0.124385714285711,55.78125,946.8210635787284
2026-03-06 23:56:30+00:00,0.1239461754950236,56.34375,945.8210835783284
2026-03-06 23:56:45+00:00,0.1232853284223538,56.27734375,939.64
2026-03-06 23:57:00+00:00,0.0973827819504932,56.27734375,935.54
2026-03-06 23:57:15+00:00,0.1227863382576786,55.40234375,933.32
2026-03-06 23:57:30+00:00,0.1236127868007237,56.046875,935.04
2026-03-06 23:57:45+00:00,0.1221609133039465,56.54296875,928.52
2026-03-06 23:58:00+00:00,0.1022329219248174,56.54296875,928.76
2026-03-06 23:58:15+00:00,0.1219697729354499,55.265625,927.94
2026-03-06 23:58:30+00:00,0.0946049783080617,55.265625,930.7986159723196
2026-03-06 23:58:45+00:00,0.1223656655607951,55.84765625,923.08
2026-03-06 23:59:00+00:00,0.1205904198665804,55.4921875,918.4983699673996
2026-03-06 23:59:15+00:00,0.1214176325558943,56.1953125,920.04
2026-03-06 23:59:30+00:00,0.1217735093900684,55.91015625,918.6983739674796
2026-03-06 23:59:45+00:00,0.1211648414228079,55.9140625,912.18
2026-03-07 00:00:00+00:00,0.1196703318026043,55.89453125,903.6
2026-03-07 00:00:15+00:00,0.1191573283500428,56.09375,901.1419771604568
2026-03-07 00:00:30+00:00,0.1193075327057938,55.10546875,901.88
2026-03-07 00:00:45+00:00,0.1198367586190374,55.2578125,908.1981639632792
2026-03-07 00:01:00+00:00,0.1191952342988752,54.87890625,901.46
2026-03-07 00:01:15+00:00,0.118190217391305,54.5390625,897.5820483590328
2026-03-07 00:01:30+00:00,0.1177050206761241,55.34765625,888.2422351552968
2026-03-07 00:01:45+00:00,0.1172698150234367,55.5078125,886.3199999999999
2026-03-07 00:02:00+00:00,0.0961212017227933,55.5078125,891.38
2026-03-07 00:02:15+00:00,0.1167244342680301,55.0546875,888.72
2026-03-07 00:02:30+00:00,0.1163424690371545,54.02734375,881.722365552689
2026-03-07 00:02:45+00:00,0.1163164297563749,54.52734375,879.12
2026-03-07 00:03:00+00:00,0.1154455961641785,54.28125,871.4000000000001
2026-03-07 00:03:15+00:00,0.1148060995959935,54.67578125,868.0799999999999
2026-03-07 00:03:30+00:00,0.1138315108335398,54.421875,864.54
2026-03-07 00:03:45+00:00,0.0932659779942257,54.25,866.54
2026-03-07 00:04:00+00:00,0.097023539400955,54.50390625,869.317386347727
2026-03-07 00:04:15+00:00,0.114750282509967,54.875,871.42
2026-03-07 00:04:30+00:00,0.1155625237552161,55.17578125,862.5600000000001
2026-03-07 00:04:45+00:00,0.1136377575905398,53.8671875,861.217224344487
2026-03-07 00:05:00+00:00,0.1134167595985388,54.46875,850.3370067401348
2026-03-07 00:05:15+00:00,0.1123637066579879,54.90625,850.2570051401028
2026-03-07 00:05:30+00:00,0.1121885933223851,55.125,851.26
2026-03-07 00:05:45+00:00,0.1112921572540345,53.89453125,849.46
2026-03-07 00:06:00+00:00,0.0864667567813165,53.89453125,850.1029979400412
2026-03-07 00:06:15+00:00,0.1117582215043068,54.5703125,849.5400000000001
2026-03-07 00:06:30+00:00,0.1124120060860374,54.67578125,851.4970299405988
2026-03-07 00:06:45+00:00,0.1120213674287567,54.921875,852.1
2026-03-07 00:07:00+00:00,0.0906137913335418,54.921875,852.4200000000001
2026-03-07 00:07:15+00:00,0.1116079935957547,54.3046875,852.1829563408733
2026-03-07 00:07:30+00:00,0.1111449082113657,54.3046875,843.7800000000001
2026-03-07 00:07:45+00:00,0.1102507029322309,53.89453125,839.34
2026-03-07 00:08:00+00:00,0.1104094124791196,53.16796875,831.64
2026-03-07 00:08:15+00:00,0.1090262646524144,53.45703125,831.4366287325748
2026-03-07 00:08:30+00:00,0.1088069618949595,53.76171875,826.8199999999999
2026-03-07 00:08:45+00:00,0.1086685971943904,53.95703125,829.3834123317533
2026-03-07 00:09:00+00:00,0.1102453077088364,54.25390625,831.8233635327294
2026-03-07 00:09:15+00:00,0.1110917739227759,53.7109375,833.4833303333933
2026-03-07 00:09:30+00:00,0.1103656864761122,54.55859375,830.7166143322867
2026-03-07 00:09:45+00:00,0.109485616528487,54.05859375,831.9
2026-03-07 00:10:00+00:00,0.1093189574666728,52.66015625,829.04
2026-03-07 00:10:15+00:00,0.1097657398850858,54.09765625,832.08
2026-03-07 00:10:30+00:00,0.1096727774130037,54.09765625,828.7565751315026
2026-03-07 00:10:45+00:00,0.1092568394704408,53.796875,829.4399999999999
2026-03-07 00:11:00+00:00,0.0902531445805326,53.796875,824.9364987299746
2026-03-07 00:11:15+00:00,0.1089782964447936,53.75390625,826.3565271305426
2026-03-07 00:11:30+00:00,0.1090506752452623,53.75390625,823.7564751295029
2026-03-07 00:11:45+00:00,0.1088108857645925,53.9921875,824.9164983299667
2026-03-07 00:12:00+00:00,0.1077794068472284,53.93359375,817.7836443271135
2026-03-07 00:12:15+00:00,0.0908973291996095,53.62890625,820.66
2026-03-07 00:12:30+00:00,0.0944406628698643,53.07421875,813.7237255254895
2026-03-07 00:12:45+00:00,0.1062094677695511,53.52734375,814.22
2026-03-07 00:13:00+00:00,0.1068852146696627,54.09765625,810.2437951240976
2026-03-07 00:13:15+00:00,0.1064999578752224,53.6953125,812.0999999999999
2026-03-07 00:13:30+00:00,0.1079389186864966,53.8671875,819.1563831276626
2026-03-07 00:13:45+00:00,0.108709110497606,53.328125,825.5565111302227
2026-03-07 00:14:00+00:00,0.1090001117368441,53.9296875,821.0600000000001
2026-03-07 00:14:15+00:00,0.1080707654008645,54.0390625,817.6636467270655
2026-03-07 00:14:30+00:00,0.0793174686093756,54.0390625,814.0037199256014
2026-03-07 00:14:45+00:00,0.1075104641446367,53.22265625,812.8600000000001
2026-03-07 00:15:00+00:00,0.107889452648882,53.22265625,822.7964559291186
2026-03-07 00:15:15+00:00,0.1083701517328127,53.703125,822.2
2026-03-07 00:15:30+00:00,0.0854825815960324,53.703125,822.1600000000001
2026-03-07 00:15:45+00:00,0.0901807026422976,54.296875,822.3764475289506
2026-03-07 00:16:00+00:00,0.1103765969802462,53.15625,820.0035999280014
2026-03-07 00:16:15+00:00,0.1090005447297364,53.2734375,821.6964339286786
2026-03-07 00:16:30+00:00,0.0927937306754491,52.66015625,820.4435911281774
2026-03-07 00:16:45+00:00,0.1085398988886717,53.96484375,820.0235995280094
2026-03-07 00:17:00+00:00,0.0840430213022751,53.96484375,823.4
2026-03-07 00:17:15+00:00,0.1086022919443741,53.75390625,828.0434391312174
2026-03-07 00:17:30+00:00,0.1089322756096934,53.15234375,831.6200000000001
2026-03-07 00:17:45+00:00,0.1090634302781037,53.83203125,830.3966079321586
2026-03-07 00:18:00+00:00,0.081538788695348,53.83203125,828.5600000000001
2026-03-07 00:18:15+00:00,0.1090717845786126,53.66796875,830.04
2026-03-07 00:18:30+00:00,0.1097166886061145,54.0078125,831.8633627327454
2026-03-07 00:18:45+00:00,0.1106435180169495,52.8125,835.0567011340228
2026-03-07 00:19:00+00:00,0.0862709461705478,52.8125,831.8366367327346
2026-03-07 00:19:15+00:00,0.0842078874959502,53.22265625,834.78
2026-03-07 00:19:30+00:00,0.1102122713300923,54.25,831.1833763324734
2026-03-07 00:19:45+00:00,0.1089892898436074,53.53515625,832.88
2026-03-07 00:20:00+00:00,0.110380077459329,54.265625,839.66
2026-03-07 00:20:15+00:00,0.1120159132242176,54.140625,844.7031059378812
2026-03-07 00:20:30+00:00,0.0755011500000023,54.140625,847.036940738815
2026-03-07 00:20:45+00:00,0.1114644794023626,53.9609375,846.6369327386549
2026-03-07 00:21:00+00:00,0.0913468387101173,53.9609375,843.78
2026-03-07 00:21:15+00:00,0.0784961000000066,54.35546875,846.66
2026-03-07 00:21:30+00:00,0.1122015989901115,54.265625,858.66
2026-03-07 00:21:45+00:00,0.1137717130971824,54.1796875,860.52
2026-03-07 00:22:00+00:00,0.0901020811752193,55.01171875,863.697273945479
2026-03-07 00:22:15+00:00,0.1137282597370176,54.05859375,863.1400000000001
2026-03-07 00:22:30+00:00,0.0820056907802971,54.05859375,868.62
2026-03-07 00:22:45+00:00,0.1144533768048438,53.97265625,867.577351547031
2026-03-07 00:23:00+00:00,0.1145332903193739,54.375,868.217364347287
2026-03-07 00:23:15+00:00,0.1148291571753958,54.19140625,866.86
2026-03-07 00:23:30+00:00,0.081655381216107,54.19140625,865.242695146097
2026-03-07 00:23:45+00:00,0.1150707403781778,54.13671875,872.26
2026-03-07 00:24:00+00:00,0.1169244442154683,54.52734375,873.0
2026-03-07 00:24:15+00:00,0.1173565539755446,54.5,871.797435948719
2026-03-07 00:24:30+00:00,0.1159658168020108,54.53125,876.0975219504393
2026-03-07 00:24:45+00:00,0.0971254241855662,55.0078125,876.0375207504151
2026-03-07 00:25:00+00:00,0.1155801793317215,54.59765625,883.0823383532329
2026-03-07 00:25:15+00:00,0.1158323104018839,54.3515625,889.74
2026-03-07 00:25:30+00:00,0.1167065651760256,54.96875,892.2621547569049
2026-03-07 00:25:45+00:00,0.1178547412422214,55.1015625,895.5600000000001
2026-03-07 00:26:00+00:00,0.0884983074835096,55.1015625,895.0620987580248
2026-03-07 00:26:15+00:00,0.1186636615364852,54.26171875,896.3
2026-03-07 00:26:30+00:00,0.0850978605505922,54.26171875,902.7
2026-03-07 00:26:45+00:00,0.1193569413976798,55.28515625,905.34
2026-03-07 00:27:00+00:00,0.0936153168051346,55.28515625,916.56
2026-03-07 00:27:15+00:00,0.1194539152593541,55.390625,916.06
2026-03-07 00:27:30+00:00,0.0990147110750304,55.390625,920.5584111682234
2026-03-07 00:27:45+00:00,0.1206405746476001,55.4609375,915.94
2026-03-07 00:28:00+00:00,0.1208163031291461,55.4296875,921.0584211684234
2026-03-07 00:28:15+00:00,0.1213876590203352,55.77734375,920.76
2026-03-07 00:28:30+00:00,0.1221021299707249,55.48828125,928.42
2026-03-07 00:28:45+00:00,0.1226589396957266,55.30859375,931.7
2026-03-07 00:29:00+00:00,0.1235518094005589,55.19140625,937.4787495749916
2026-03-07 00:29:15+00:00,0.1240507963646187,54.93359375,934.4986899737996
2026-03-07 00:29:30+00:00,0.1242449733278556,55.88671875,937.66
2026-03-07 00:29:45+00:00,0.1235447520277646,55.4375,940.1
2026-03-07 00:30:00+00:00,0.1012976105151388,55.4375,951.04
2026-03-07 00:30:15+00:00,0.1253016939826312,55.12109375,953.74
2026-03-07 00:30:30+00:00,0.1262723224018193,55.12109375,952.0190403808078
2026-03-07 00:30:45+00:00,0.1249190795572333,56.42578125,953.8990779815596
2026-03-07 00:31:00+00:00,0.1248111491547149,55.42578125,952.68
2026-03-07 00:31:15+00:00,0.125316932692016,55.27734375,953.58
2026-03-07 00:31:30+00:00,0.1251328762720929,56.13671875,954.74
2026-03-07 00:31:45+00:00,0.1248393612122727,56.1875,953.8
2026-03-07 00:32:00+00:00,0.0955875677664484,56.1875,953.58
2026-03-07 00:32:15+00:00,0.1271970075284673,56.17578125,959.94
2026-03-07 00:32:30+00:00,0.1280018698688173,56.17578125,972.3005539889202
2026-03-07 00:32:45+00:00,0.1293697097387773,56.4609375,980.58
2026-03-07 00:33:00+00:00,0.1286895121088317,56.4609375,990.02
2026-03-07 00:33:15+00:00,0.1290783067032243,55.58203125,995.460090798184
2026-03-07 00:33:30+00:00,0.1294699804598679,56.359375,994.54
2026-03-07 00:33:45+00:00,0.1289193665728992,55.59765625,995.34
2026-03-07 00:34:00+00:00,0.128424803912923,57.015625,987.179743594872
2026-03-07 00:34:15+00:00,0.129582703491315,56.484375,987.8
2026-03-07 00:34:30+00:00,0.1305436588288788,57.6015625,991.12
2026-03-07 00:34:45+00:00,0.1300575785063257,56.8984375,990.12
2026-03-07 00:35:00+00:00,0.1293549429516065,56.953125,981.52
2026-03-07 00:35:15+00:00,0.1290760487215827,56.6484375,984.09968199364
2026-03-07 00:35:30+00:00,0.1311647568906861,56.5,995.78
2026-03-07 00:35:45+00:00,0.1313405131237736,56.7578125,1003.84
2026-03-07 00:36:00+00:00,0.1325953546942782,57.890625,1008.579828403432
2026-03-07 00:36:15+00:00,0.131911136501851,56.84765625,1009.66
2026-03-07 00:36:30+00:00,0.1053165256924953,56.84765625,1013.92
2026-03-07 00:36:45+00:00,0.0928909750000002,57.3828125,1014.82
2026-03-07 00:37:00+00:00,0.1330225149333787,57.38671875,1020.36
2026-03-07 00:37:15+00:00,0.1325257388274884,57.1796875,1015.739685206296
2026-03-07 00:37:30+00:00,0.132663749277873,57.34765625,1019.38
2026-03-07 00:37:45+00:00,0.1333233062064858,57.18359375,1018.3
2026-03-07 00:38:00+00:00,0.10360658022018,57.18359375,1018.54
2026-03-07 00:38:15+00:00,0.1344456680054725,57.49609375,1021.2
2026-03-07 00:38:30+00:00,0.0979697244370392,57.49609375,1033.1006620132405
2026-03-07 00:38:45+00:00,0.1359412108234412,57.80859375,1040.4808096161923
2026-03-07 00:39:00+00:00,0.1358213163445439,57.8671875,1043.36
2026-03-07 00:39:15+00:00,0.1356917302608609,55.88671875,1040.7
2026-03-07 00:39:30+00:00,0.1349925995827894,57.52734375,1030.12
2026-03-07 00:39:45+00:00,0.1348923115017871,56.91796875,1032.1606432128644
2026-03-07 00:40:00+00:00,0.1347030760688464,57.5078125,1037.0207404148086
2026-03-07 00:40:15+00:00,0.1356565177073204,57.10546875,1037.5592488150237
2026-03-07 00:40:30+00:00,0.1361341157426193,57.83984375,1044.54
2026-03-07 00:40:45+00:00,0.1368770101371994,57.8359375,1049.42
2026-03-07 00:41:00+00:00,0.1090235555215894,57.8359375,1048.7009740194806
2026-03-07 00:41:15+00:00,0.1363613082638105,57.9375,1046.16
2026-03-07 00:41:30+00:00,0.1106033608323377,57.9375,1036.86
2026-03-07 00:41:45+00:00,0.1350721102627875,57.828125,1035.14
2026-03-07 00:42:00+00:00,0.1138723969163638,57.828125,1039.9
2026-03-07 00:42:15+00:00,0.1352541957875672,57.15625,1039.06
2026-03-07 00:42:30+00:00,0.105739418342125,57.15625,1042.3191536169277
2026-03-07 00:42:45+00:00,0.1359872970391544,57.7578125,1045.2790944181115
2026-03-07 00:43:00+00:00,0.112043898323743,57.7578125,1055.5388892222154
2026-03-07 00:43:15+00:00,0.137284560897366,57.51171875,1057.08
2026-03-07 00:43:30+00:00,0.112071448123675,57.51171875,1051.6
2026-03-07 00:43:45+00:00,0.1128766898188757,57.61328125,1053.9589208215834
2026-03-07 00:44:00+00:00,0.0994564273181988,57.61328125,1054.9610992219846
2026-03-07 00:44:15+00:00,0.1359098782390121,57.0703125,1051.1
2026-03-07 00:44:30+00:00,0.1357431270266496,57.84375,1047.0
2026-03-07 00:44:45+00:00,0.136489735614307,57.97265625,1046.88
2026-03-07 00:45:00+00:00,0.1202062738520427,57.8203125,1045.7809156183123
2026-03-07 00:45:15+00:00,0.1368030555618956,58.2890625,1047.6009520190407
2026-03-07 00:45:30+00:00,0.1349559805076263,58.03515625,1042.6808536170724
2026-03-07 00:45:45+00:00,0.1345091125198081,58.01171875,1041.56
2026-03-07 00:46:00+00:00,0.1012453881544932,58.01171875,1043.62
2026-03-07 00:46:15+00:00,0.1350722350810119,58.359375,1048.0009600192004
2026-03-07 00:46:30+00:00,0.1004848564884664,58.359375,1048.0409608192165
2026-03-07 00:46:45+00:00,0.135658110102411,58.4765625,1046.5590688186237
2026-03-07 00:47:00+00:00,0.1093066054428386,58.4765625,1042.6591468170636
2026-03-07 00:47:15+00:00,0.1345365588019689,58.0,1032.4
2026-03-07 00:47:30+00:00,0.1346645434587605,58.0,1032.3
2026-03-07 00:47:45+00:00,0.1338882355343199,58.2109375,1028.140562811256
2026-03-07 00:48:00+00:00,0.1340865372292711,58.2109375,1039.08
2026-03-07 00:48:15+00:00,0.1356498468192525,56.81640625,1040.8191836163278
2026-03-07 00:48:30+00:00,0.0776651750000041,56.81640625,1051.48
2026-03-07 00:48:45+00:00,0.1360784022670574,58.1015625,1050.86
2026-03-07 00:49:00+00:00,0.1365052141447052,57.98046875,1049.14
2026-03-07 00:49:15+00:00,0.1356359534397099,57.90625,1046.38
2026-03-07 00:49:30+00:00,0.1092055697360607,57.90625,1037.7007540150803
2026-03-07 00:49:45+00:00,0.1345211259282568,57.7890625,1030.44
2026-03-07 00:50:00+00:00,0.1346383049919358,57.7890625,1031.46
2026-03-07 00:50:15+00:00,0.0939009999999939,57.5390625,1038.8407768155364
2026-03-07 00:50:30+00:00,0.135076706084127,57.30859375,1037.44
2026-03-07 00:50:45+00:00,0.1362931411411398,58.2109375,1037.7407548150964
2026-03-07 00:51:00+00:00,0.0860930749999965,58.2109375,1039.1992160156797
2026-03-07 00:51:15+00:00,0.1356779334982115,57.33203125,1037.96
2026-03-07 00:51:30+00:00,0.1032653564478951,57.33203125,1029.46
2026-03-07 00:51:45+00:00,0.133974693083742,52.58984375,1027.98
2026-03-07 00:52:00+00:00,0.1059346716987325,52.58984375,1019.0803816076324
2026-03-07 00:52:15+00:00,0.1327364516129038,57.31640625,1017.7996440071198
2026-03-07 00:52:30+00:00,0.1327777611977462,56.80859375,1008.7801756035124
2026-03-07 00:52:45+00:00,0.1314623582986219,57.359375,1004.54
2026-03-07 00:53:00+00:00,0.0924960964126589,57.359375,1002.38
2026-03-07 00:53:15+00:00,0.1305791781030748,56.84375,1002.379952400952
2026-03-07 00:53:30+00:00,0.1311225453172097,56.84375,1003.960079201584
2026-03-07 00:53:45+00:00,0.1303208015552483,57.16015625,1003.78
2026-03-07 00:54:00+00:00,0.1298487149347229,57.3828125,1000.64
2026-03-07 00:54:15+00:00,0.130566738563406,56.44140625,998.76
2026-03-07 00:54:30+00:00,0.1306565958194258,56.60546875,996.980060398792
2026-03-07 00:54:45+00:00,0.130205614282881,56.4140625,993.019860397208
2026-03-07 00:55:00+00:00,0.1300707884111987,56.8671875,986.459729194584
2026-03-07 00:55:15+00:00,0.1303316858375274,56.58984375,986.239724794496
2026-03-07 00:55:30+00:00,0.1304218869224944,56.36328125,981.46
2026-03-07 00:55:45+00:00,0.1308120103859175,56.625,988.58
2026-03-07 00:56:00+00:00,0.1308203539823012,56.99609375,987.56
2026-03-07 00:56:15+00:00,0.1289758266584525,56.0078125,980.38
2026-03-07 00:56:30+00:00,0.1278127081486451,56.65234375,977.0
2026-03-07 00:56:45+00:00,0.1269584820631804,57.02734375,969.2593851877036
2026-03-07 00:57:00+00:00,0.1264719711084984,57.6796875,968.2393647872958
2026-03-07 00:57:15+00:00,0.1280275464569342,57.18359375,972.279445588912
2026-03-07 00:57:30+00:00,0.1281748298770741,57.18359375,972.040559188816
2026-03-07 00:57:45+00:00,0.127996487025946,53.93359375,969.8
2026-03-07 00:58:00+00:00,0.1254742205574548,55.9765625,960.9007819843604
2026-03-07 00:58:15+00:00,0.0876570000000015,56.06640625,958.9608207835844
2026-03-07 00:58:30+00:00,0.1257292233787087,56.6171875,952.8
2026-03-07 00:58:45+00:00,0.125209425058983,57.2265625,952.48
2026-03-07 00:59:00+00:00,0.1078440333007973,56.98828125,948.98
2026-03-07 00:59:15+00:00,0.1263419166645788,55.0625,953.7209255814884
2026-03-07 00:59:30+00:00,0.1256834950487693,55.52734375,954.48
2026-03-07 00:59:45+00:00,0.1003682871735935,55.40234375,948.6
2026-03-07 01:00:00+00:00,0.1245438308865465,55.8203125,945.28
2026-03-07 01:00:15+00:00,0.1229498060420816,56.16015625,938.2412351752964
2026-03-07 01:00:30+00:00,0.102534936760576,55.640625,930.98
2026-03-07 01:00:45+00:00,0.1219043505203558,55.95703125,927.84
2026-03-07 01:01:00+00:00,0.122370629533198,55.51953125,933.8
2026-03-07 01:01:15+00:00,0.1225210995219394,55.37890625,934.0613187736244
2026-03-07 01:01:30+00:00,0.1217172061328728,56.06640625,925.5985119702397
2026-03-07 01:01:45+00:00,0.1216761041902569,54.9921875,923.16
2026-03-07 01:02:00+00:00,0.1199548714115565,55.33984375,914.42
2026-03-07 01:02:15+00:00,0.1203972595696534,56.0390625,910.1382027640552
2026-03-07 01:02:30+00:00,0.119640897879871,56.0703125,905.12
2026-03-07 01:02:45+00:00,0.120371557397026,55.76171875,905.78
2026-03-07 01:03:00+00:00,0.1194033186725298,54.86328125,903.2219355612888
2026-03-07 01:03:15+00:00,0.1198501590850497,55.23046875,910.16
2026-03-07 01:03:30+00:00,0.1191945003522224,54.4296875,911.36
2026-03-07 01:03:45+00:00,0.1204081645490048,54.59765625,913.88
2026-03-07 01:04:00+00:00,0.0964173980945887,54.59765625,893.0778615572312
2026-03-07 01:04:15+00:00,0.118187133734526,54.9375,884.3800000000001
2026-03-07 01:04:30+00:00,0.1156368862604838,54.8984375,877.6
2026-03-07 01:04:45+00:00,0.1166440476914682,55.03515625,878.1
2026-03-07 01:05:00+00:00,0.0985090107605771,54.3984375,880.48
2026-03-07 01:05:15+00:00,0.0904051668759267,54.9609375,879.6600000000001
2026-03-07 01:05:30+00:00,0.0986435882351191,54.8046875,881.26
2026-03-07 01:05:45+00:00,0.1169480329492334,55.26171875,883.22
2026-03-07 01:06:00+00:00,0.0898358106215422,55.26171875,876.8000000000001
2026-03-07 01:06:15+00:00,0.1138727007597999,54.73046875,867.92
2026-03-07 01:06:30+00:00,0.0992652903853687,54.765625,865.6800000000001
2026-03-07 01:06:45+00:00,0.1133307062514257,54.87890625,866.4773295465909
2026-03-07 01:07:00+00:00,0.100157999647709,54.79296875,871.56
2026-03-07 01:07:15+00:00,0.0937117223018615,54.71484375,866.282674346513
2026-03-07 01:07:30+00:00,0.0968803505789282,54.6015625,859.7228055438891
2026-03-07 01:07:45+00:00,0.0920667057304751,54.27734375,852.4429511409771
2026-03-07 01:08:00+00:00,0.1130630126895975,55.078125,849.6200000000001
2026-03-07 01:08:15+00:00,0.1128610370051652,54.63671875,852.7
2026-03-07 01:08:30+00:00,0.0954511500851625,54.63671875,852.557051141023
2026-03-07 01:08:45+00:00,0.0965748633688346,54.62109375,851.1400000000001
2026-03-07 01:09:00+00:00,0.0934427565102712,54.62109375,846.2569251385028
2026-03-07 01:09:15+00:00,0.0730015499999922,54.984375,848.5
2026-03-07 01:09:30+00:00,0.1121310052528322,55.484375,847.0569411388228
2026-03-07 01:09:45+00:00,0.1115839622898615,52.11328125,845.9769195383908
2026-03-07 01:10:00+00:00,0.1101889960938792,53.7109375,840.4
2026-03-07 01:10:15+00:00,0.1098514818235258,53.41796875,834.82
2026-03-07 01:10:30+00:00,0.1099814114341325,54.3046875,840.22
2026-03-07 01:10:45+00:00,0.1109728379376101,53.0390625,837.68
2026-03-07 01:11:00+00:00,0.0937531161022363,53.0390625,841.5
2026-03-07 01:11:15+00:00,0.1113822022890437,53.28515625,833.5400000000001
2026-03-07 01:11:30+00:00,0.1096445351222962,54.0859375,826.8565371307427
2026-03-07 01:11:45+00:00,0.0751927750000049,53.625,823.1635367292654
2026-03-07 01:12:00+00:00,0.0926659426984436,53.7421875,816.98
2026-03-07 01:12:15+00:00,0.1076510803448147,53.03125,820.5235895282094
2026-03-07 01:12:30+00:00,0.0812164720547164,53.03125,814.5000000000002
2026-03-07 01:12:45+00:00,0.1080065297946907,53.34765625,818.6163723274466
2026-03-07 01:13:00+00:00,0.1074296521739096,53.34765625,816.5963319266388
2026-03-07 01:13:15+00:00,0.107376068619623,53.94140625,820.5400000000001
2026-03-07 01:13:30+00:00,0.1087268881460227,54.21484375,818.02
2026-03-07 01:13:45+00:00,0.0925250209996572,53.80078125,823.5564711294226
2026-03-07 01:14:00+00:00,0.0888347911042623,53.7421875,819.62
2026-03-07 01:14:15+00:00,0.1081640960014437,53.8828125,820.9035819283614
2026-03-07 01:14:30+00:00,0.1091142104951851,54.16796875,821.9235615287694
2026-03-07 01:14:45+00:00,0.10916079753768,54.25,816.1800000000001
2026-03-07 01:15:00+00:00,0.1072987607821214,54.13671875,810.88
2026-03-07 01:15:15+00:00,0.1064140865772093,53.4296875,814.48
2026-03-07 01:15:30+00:00,0.1076354885216818,53.28515625,820.5364107282148
2026-03-07 01:15:45+00:00,0.1090319885125087,54.25390625,822.96
2026-03-07 01:16:00+00:00,0.1090921562362761,54.80078125,820.6200000000001
2026-03-07 01:16:15+00:00,0.108059433014624,53.62109375,816.58
2026-03-07 01:16:30+00:00,0.0840653102657787,53.62109375,811.7237655246895
2026-03-07 01:16:45+00:00,0.1083134817150823,54.71875,812.58
2026-03-07 01:17:00+00:00,0.1080897735663356,54.71875,811.74
2026-03-07 01:17:15+00:00,0.106454818635686,53.55859375,809.6638067238655
2026-03-07 01:17:30+00:00,0.0881265516527458,53.55859375,807.4361487229745
2026-03-07 01:17:45+00:00,0.1068918703337289,54.39453125,810.7837843243135
2026-03-07 01:18:00+00:00,0.1073638858761839,54.2421875,812.6800000000001
2026-03-07 01:18:15+00:00,0.1075385175338756,53.1796875,816.5036699266014
2026-03-07 01:18:30+00:00,0.1071763552592912,53.9921875,812.3162463249266
2026-03-07 01:18:45+00:00,0.1071667613688426,54.2421875,815.24
2026-03-07 01:19:00+00:00,0.107323713245285,54.2421875,817.0
2026-03-07 01:19:15+00:00,0.1085354271064011,54.08203125,820.2600000000001
2026-03-07 01:19:30+00:00,0.110641856846475,53.875,827.48
2026-03-07 01:19:45+00:00,0.1121518650664888,53.79296875,831.72
2026-03-07 01:20:00+00:00,0.1102936418109149,53.625,825.8399999999999
2026-03-07 01:20:15+00:00,0.1093120332426876,53.90234375,825.6834863302735
2026-03-07 01:20:30+00:00,0.0924308693313416,53.90234375,824.8564971299426
2026-03-07 01:20:45+00:00,0.109991790708161,54.078125,838.04
2026-03-07 01:21:00+00:00,0.1107656187911247,53.83203125,842.9968599371988
2026-03-07 01:21:15+00:00,0.1101488494146189,54.1640625,834.3033139337213
2026-03-07 01:21:30+00:00,0.0876578084519484,54.1640625,832.9000000000001
2026-03-07 01:21:45+00:00,0.1099741324291977,53.31640625,836.1167223344466
2026-03-07 01:22:00+00:00,0.1107937762720368,53.31640625,842.7
2026-03-07 01:22:15+00:00,0.1110335699885985,53.9921875,841.3031739365213
2026-03-07 01:22:30+00:00,0.093662853410886,53.9921875,833.8433231335374
2026-03-07 01:22:45+00:00,0.0942797008542941,54.49609375,836.6
2026-03-07 01:23:00+00:00,0.1115476790212328,54.15625,840.8768175363509
2026-03-07 01:23:15+00:00,0.1122818213262176,55.05078125,848.7369747394948
2026-03-07 01:23:30+00:00,0.0964538402881274,55.78125,898.08
2026-03-07 01:23:45+00:00,0.1226715713909886,56.28125,927.68
2026-03-07 01:24:00+00:00,0.1343398660493593,57.390625,1010.759784804304
2026-03-07 01:24:15+00:00,0.1400293294663064,57.83984375,1039.4407888157764
2026-03-07 01:24:30+00:00,0.1126401640309562,57.83984375,1101.9379612407752
2026-03-07 01:24:45+00:00,0.1231793848387094,60.0,1126.317473650527
2026-03-07 01:25:00+00:00,0.1537990695804452,60.125,1180.62
2026-03-07 01:25:15+00:00,0.1595857854960609,62.25,1210.98
2026-03-07 01:25:30+00:00,0.1652224359824907,62.734375,1278.42
2026-03-07 01:25:45+00:00,0.1401001668939892,63.69140625,1307.593848123037
2026-03-07 01:26:00+00:00,0.178346763875625,64.328125,1361.267225344507
2026-03-07 01:26:15+00:00,0.1835790133880088,65.03125,1375.94
2026-03-07 01:26:30+00:00,0.1483734363041893,65.03125,1423.46
2026-03-07 01:26:45+00:00,0.1887723325766171,66.48828125,1450.2400000000002
2026-03-07 01:27:00+00:00,0.1951480433069652,66.74609375,1512.04
2026-03-07 01:27:15+00:00,0.2001399092547711,67.57421875,1535.1907038140764
2026-03-07 01:27:30+00:00,0.2053658996732242,68.15625,1593.56
2026-03-07 01:27:45+00:00,0.210436635783789,70.72265625,1608.24
2026-03-07 01:28:00+00:00,0.1766814303116482,70.72265625,1664.58
2026-03-07 01:28:15+00:00,0.1857201236365062,72.3046875,1684.1463170736586
2026-03-07 01:28:30+00:00,0.1630330194129917,72.3046875,1749.48
2026-03-07 01:28:45+00:00,0.2296430944963658,73.3359375,1773.8045239095218
2026-03-07 01:29:00+00:00,0.2327011672259092,73.3359375,1821.74
2026-03-07 01:29:15+00:00,0.2363198409134642,75.48828125,1843.58
2026-03-07 01:29:30+00:00,0.2378894507237699,75.48828125,1887.68
2026-03-07 01:29:45+00:00,0.1971329601184455,77.53125,1910.758215164304
2026-03-07 01:30:00+00:00,0.2045223012907024,77.53125,1949.42
2026-03-07 01:30:15+00:00,0.2464805202607291,78.37890625,1972.1394427888565
2026-03-07 01:30:30+00:00,0.2496421870890508,79.0234375,2008.959820803584
2026-03-07 01:30:45+00:00,0.2557080365621977,79.640625,2024.059518809624
2026-03-07 01:31:00+00:00,0.2545080759863574,81.359375,2063.2387352252954
2026-03-07 01:31:15+00:00,0.2543510628211611,81.61328125,2064.958700825983
2026-03-07 01:31:30+00:00,0.2549802126524064,83.09375,2086.061721234425
2026-03-07 01:31:45+00:00,0.2567834548236186,83.9296875,2087.66
2026-03-07 01:32:00+00:00,0.2581549473786601,82.07421875,2090.82
2026-03-07 01:32:15+00:00,0.2544727384162763,84.15234375,2088.92
2026-03-07 01:32:30+00:00,0.2544307896596707,86.12890625,2097.681953639073
2026-03-07 01:32:45+00:00,0.2536290545484149,87.58203125,2100.66
2026-03-07 01:33:00+00:00,0.2550802592638941,84.546875,2122.2000000000003
2026-03-07 01:33:15+00:00,0.2529434573285288,85.72265625,2117.82
2026-03-07 01:33:30+00:00,0.1935386614088002,85.72265625,2120.4
2026-03-07 01:33:45+00:00,0.2532106938599374,84.42578125,2112.4
2026-03-07 01:34:00+00:00,0.252179257525259,89.29296875,2118.462369247385
2026-03-07 01:34:15+00:00,0.2484474293024073,86.50390625,2105.157896842063
2026-03-07 01:34:30+00:00,0.2027213605024204,93.03515625,2093.38
2026-03-07 01:34:45+00:00,0.2428703728362144,94.04296875,2077.8984420311594
2026-03-07 01:35:00+00:00,0.2063767034112015,91.29296875,2096.58
2026-03-07 01:35:15+00:00,0.2424606632200538,94.609375,2079.08
2026-03-07 01:35:30+00:00,0.1714057819703645,94.609375,2071.6800000000003
2026-03-07 01:35:45+00:00,0.2367114509953216,96.1953125,2058.02
2026-03-07 01:36:00+00:00,0.2363528270510004,96.1953125,2060.42
2026-03-07 01:36:15+00:00,0.2373807742042003,97.25,2056.78
2026-03-07 01:36:30+00:00,0.2377218743046033,99.4609375,2046.5
2026-03-07 01:36:45+00:00,0.199100962126654,99.44921875,2034.78
2026-03-07 01:37:00+00:00,0.2331997299373806,102.9375,2035.1807036140729
2026-03-07 01:37:15+00:00,0.228676853768411,102.85546875,2029.9205984119685
2026-03-07 01:37:30+00:00,0.2289892918683825,98.0703125,2022.8804576091527
2026-03-07 01:37:45+00:00,0.1892403101674655,101.53515625,2016.2200000000005
2026-03-07 01:38:00+00:00,0.2278010474481518,96.5546875,1995.38
2026-03-07 01:38:15+00:00,0.2265009361780777,103.6953125,1983.74
2026-03-07 01:38:30+00:00,0.2232551114867575,104.828125,1971.08
2026-03-07 01:38:45+00:00,0.2224111185288611,98.6484375,1973.02
2026-03-07 01:39:00+00:00,0.2215356544502713,98.6484375,1966.48
2026-03-07 01:39:15+00:00,0.2255910797383256,101.6484375,1965.94
2026-03-07 01:39:30+00:00,0.2269318281607468,101.40625,1958.5
2026-03-07 01:39:45+00:00,0.2273737707910281,95.9140625,1971.89943798876
2026-03-07 01:40:00+00:00,0.2257789815581865,101.125,1986.14
2026-03-07 01:40:15+00:00,0.2270007563760122,99.8671875,1992.9
2026-03-07 01:40:30+00:00,0.2303483578655741,99.2890625,2006.519869602608
2026-03-07 01:40:45+00:00,0.2322313073442123,98.28125,2017.62
2026-03-07 01:41:00+00:00,0.233793318089425,97.6328125,2007.18
2026-03-07 01:41:15+00:00,0.232225896960057,96.80859375,2010.58
2026-03-07 01:41:30+00:00,0.2310734372611938,92.1171875,2007.02
2026-03-07 01:41:45+00:00,0.2328159318726194,95.04296875,2012.4402488049764
2026-03-07 01:42:00+00:00,0.1785346239223218,95.04296875,2040.9608192163844
2026-03-07 01:42:15+00:00,0.2382127760501734,96.4609375,2041.86
2026-03-07 01:42:30+00:00,0.2404357532568702,94.640625,2046.66
2026-03-07 01:42:45+00:00,0.2409105611150776,88.76953125,2038.6807736154724
2026-03-07 01:43:00+00:00,0.2430031378299136,91.29296875,2052.8
2026-03-07 01:43:15+00:00,0.2464379735353782,92.03125,2051.8989620207594
2026-03-07 01:43:30+00:00,0.2458844438565389,91.91015625,2068.5586288274235
2026-03-07 01:43:45+00:00,0.2474061764525382,89.609375,2059.58
2026-03-07 01:44:00+00:00,0.2466544723097962,90.45703125,2062.54
2026-03-07 01:44:15+00:00,0.2478093539719893,87.8515625,2068.52
2026-03-07 01:44:30+00:00,0.2497808405296455,86.625,2069.54
2026-03-07 01:44:45+00:00,0.2522435484239608,86.03125,2060.74
2026-03-07 01:45:00+00:00,0.2546136048800586,86.234375,2069.98
2026-03-07 01:45:15+00:00,0.2544175065786221,87.00390625,2064.22
2026-03-07 01:45:30+00:00,0.2532702019588266,82.9296875,2052.8810576211526
2026-03-07 01:45:45+00:00,0.2523184561663195,85.9140625,2043.0808616172328
2026-03-07 01:46:00+00:00,0.2498822216328453,85.05078125,2024.0
2026-03-07 01:46:15+00:00,0.2493568613790278,83.6015625,2014.039719205616
2026-03-07 01:46:30+00:00,0.2133028277657743,80.08984375,1993.520129597408
2026-03-07 01:46:45+00:00,0.2485373032027591,82.39453125,1974.219484389688
2026-03-07 01:47:00+00:00,0.248153693198429,81.52734375,1939.32
2026-03-07 01:47:15+00:00,0.2011956166261705,81.3046875,1909.42
2026-03-07 01:47:30+00:00,0.2500254378146669,81.38671875,1875.562488750225
2026-03-07 01:47:45+00:00,0.1977202564047833,74.55859375,1851.257025140503
2026-03-07 01:48:00+00:00,0.2044607289990871,79.44140625,1839.64
2026-03-07 01:48:15+00:00,0.2341603235971055,79.11328125,1814.7
2026-03-07 01:48:30+00:00,0.2277613955949117,77.24609375,1760.4047919041618
2026-03-07 01:48:45+00:00,0.2207477306371025,75.2578125,1725.514510290206
2026-03-07 01:49:00+00:00,0.2194268973333676,76.56640625,1674.18
2026-03-07 01:49:15+00:00,0.215137855337267,73.24609375,1647.56
2026-03-07 01:49:30+00:00,0.2118759871581587,73.91796875,1612.5077498450032
2026-03-07 01:49:45+00:00,0.2076335482776105,72.6015625,1585.62
2026-03-07 01:50:00+00:00,0.2008409623496313,66.5859375,1523.1
2026-03-07 01:50:15+00:00,0.1961264365314256,72.2421875,1492.32
2026-03-07 01:50:30+00:00,0.1904784848350299,71.30859375,1425.2085041700834
2026-03-07 01:50:45+00:00,0.184507382550332,69.8046875,1400.84
2026-03-07 01:51:00+00:00,0.1797827711116172,70.30859375,1345.5669113382269
2026-03-07 01:51:15+00:00,0.1743950910188934,66.93359375,1317.54
2026-03-07 01:51:30+00:00,0.170570505175786,67.6171875,1268.96
2026-03-07 01:51:45+00:00,0.1642724370630734,68.5390625,1240.96
2026-03-07 01:52:00+00:00,0.1188945977393848,68.5390625,1188.0837616752335
2026-03-07 01:52:15+00:00,0.1549815178426689,65.7578125,1157.1831436628736
2026-03-07 01:52:30+00:00,0.1485661964860189,63.94921875,1097.26
2026-03-07 01:52:45+00:00,0.1440442116515278,62.81640625,1077.4184516309674
2026-03-07 01:53:00+00:00,0.1127207920671387,62.81640625,1022.66
2026-03-07 01:53:15+00:00,0.1345760797065241,61.359375,996.52
2026-03-07 01:53:30+00:00,0.1060205315974864,61.359375,886.02
2026-03-07 01:53:45+00:00,0.112366672049083,56.9296875,825.6765135302708
2026-03-07 01:54:00+00:00,0.098571393287416,56.29296875,685.4337086741735
2026-03-07 01:54:15+00:00,0.086524062309631,53.6015625,629.4874102517949
2026-03-07 01:54:30+00:00,0.082649677032983,51.36328125,534.2293154136917
2026-03-07 01:54:45+00:00,0.0609564311705244,51.1796875,491.4200000000001
2026-03-07 01:55:00+00:00,0.0641200198708583,51.19921875,419.0683813676274
2026-03-07 01:55:15+00:00,0.0570161236408037,49.0703125,391.18000000000006
2026-03-07 01:55:30+00:00,0.0299913999999944,49.0703125,365.36730734614696
2026-03-07 01:55:45+00:00,0.0530779650055554,49.50390625,363.77272454550905
2026-03-07 01:56:00+00:00,0.0438165644412458,49.50390625,390.28
2026-03-07 01:56:15+00:00,0.0478426824905258,50.1171875,415.6716865662687
2026-03-07 01:56:30+00:00,0.0665958068802733,51.6171875,488.56
2026-03-07 01:56:45+00:00,0.07902672190103,54.28515625,529.8
2026-03-07 01:57:00+00:00,0.0749937263775205,55.55859375,624.52
2026-03-07 01:57:15+00:00,0.0950678788497967,56.23046875,672.5400000000001
2026-03-07 01:57:30+00:00,0.0706619311156959,56.23046875,761.0847783044339
2026-03-07 01:57:45+00:00,0.1103826799808163,57.7890625,797.0
2026-03-07 01:58:00+00:00,0.0880454803575254,57.7890625,848.3169663393269
2026-03-07 01:58:15+00:00,0.1172834811165906,58.47265625,862.52
2026-03-07 01:58:30+00:00,0.098897440429486,58.47265625,871.5374307486151
2026-03-07 01:58:45+00:00,0.1168976753100991,58.44140625,858.7428251434972
2026-03-07 01:59:00+00:00,0.1126674972314552,56.57421875,817.5
2026-03-07 01:59:15+00:00,0.106239377984573,56.3046875,785.36
2026-03-07 01:59:30+00:00,0.1032188655025163,55.6953125,715.9200000000001
2026-03-07 01:59:45+00:00,0.0969135346358657,53.71875,684.7600000000001
2026-03-07 02:00:00+00:00,0.0774022012813862,53.8828125,628.147437051259
2026-03-07 02:00:15+00:00,0.0719462115740734,53.48828125,606.8321366427328
2026-03-07 02:00:30+00:00,0.0829514176313158,52.6171875,583.96
2026-03-07 02:00:45+00:00,0.0812286868686835,53.73828125,582.78
2026-03-07 02:01:00+00:00,0.0513702499999908,53.73828125,609.287814243715
2026-03-07 02:01:15+00:00,0.088017687578179,55.03515625,636.32
2026-03-07 02:01:30+00:00,0.0738886440633509,55.03515625,713.9457210855783
2026-03-07 02:01:45+00:00,0.1098723837999426,59.29296875,764.9247015059698
2026-03-07 02:02:00+00:00,0.0954690762080653,59.29296875,884.9976999539991
2026-03-07 02:02:15+00:00,0.1331933970773956,61.72265625,946.66
2026-03-07 02:02:30+00:00,0.1410269819466292,62.984375,1062.64
2026-03-07 02:02:45+00:00,0.1550299467770662,64.66015625,1119.237615247695
2026-03-07 02:03:00+00:00,0.1311110195459053,64.66015625,1207.3958520829583
2026-03-07 02:03:15+00:00,0.1663009384476717,65.71484375,1237.0
2026-03-07 02:03:30+00:00,0.1670881663241903,66.0625,1268.6653733074666
2026-03-07 02:03:45+00:00,0.1668699935400639,66.64453125,1279.88
2026-03-07 02:04:00+00:00,0.1242345187790893,66.64453125,1274.88
2026-03-07 02:04:15+00:00,0.1661320771291834,65.95703125,1258.2548349033018
2026-03-07 02:04:30+00:00,0.1643198468716273,64.1171875,1217.42
2026-03-07 02:04:45+00:00,0.1563044150976394,63.82421875,1185.9037180743617
2026-03-07 02:05:00+00:00,0.1245800411927199,63.82421875,1126.742534850697
2026-03-07 02:05:15+00:00,0.1490587854975814,63.23046875,1096.098078038439
2026-03-07 02:05:30+00:00,0.1445401280828378,62.9296875,1057.5588488230237
2026-03-07 02:05:45+00:00,0.118400826211829,62.859375,1048.18
2026-03-07 02:06:00+00:00,0.1066103531449713,62.859375,1053.7
2026-03-07 02:06:15+00:00,0.1435379706558192,63.20703125,1067.4586508269836
2026-03-07 02:06:30+00:00,0.1474694874377952,63.20703125,1115.54
2026-03-07 02:06:45+00:00,0.1259830640031088,63.703125,1151.6230324606493
2026-03-07 02:07:00+00:00,0.1610861425512554,66.04296875,1242.66
2026-03-07 02:07:15+00:00,0.172113472571589,68.09765625,1293.6258725174507
2026-03-07 02:07:30+00:00,0.1814867426118375,69.5546875,1405.6318873622529
2026-03-07 02:07:45+00:00,0.1618440122198898,71.8203125,1459.1908161836764
2026-03-07 02:08:00+00:00,0.198486574384608,72.80078125,1556.08
2026-03-07 02:08:15+00:00,0.2053698480575063,73.00390625,1594.0281194376112
2026-03-07 02:08:30+00:00,0.2086105775521476,73.00390625,1643.8128762575252
2026-03-07 02:08:45+00:00,0.1732053398253224,73.08984375,1654.6869062618748
2026-03-07 02:09:00+00:00,0.2141325463453698,73.2734375,1654.96
2026-03-07 02:09:15+00:00,0.2133924870820456,72.33984375,1630.92
2026-03-07 02:09:30+00:00,0.2059249057270831,72.5703125,1586.22
2026-03-07 02:09:45+00:00,0.202639948119332,70.859375,1548.68
2026-03-07 02:10:00+00:00,0.1649947816895635,70.859375,1483.2696653933083
2026-03-07 02:10:15+00:00,0.1635880905964636,68.19921875,1443.2311353772925
2026-03-07 02:10:30+00:00,0.1866924387940841,66.24609375,1368.02
2026-03-07 02:10:45+00:00,0.1746153029518566,67.546875,1333.386667733355
2026-03-07 02:11:00+00:00,0.1435902965581087,67.32421875,1290.98
2026-03-07 02:11:15+00:00,0.1269038888888947,67.890625,1289.36
2026-03-07 02:11:30+00:00,0.1689245649803104,67.77734375,1298.0940381192377
2026-03-07 02:11:45+00:00,0.1718996899334744,68.40234375,1311.16
2026-03-07 02:12:00+00:00,0.1766984375635823,67.7734375,1355.52
2026-03-07 02:12:15+00:00,0.1827661410590349,69.3125,1383.88
2026-03-07 02:12:30+00:00,0.1883439623627872,69.48828125,1462.28
2026-03-07 02:12:45+00:00,0.1956204857296484,71.6171875,1499.629992599852
2026-03-07 02:13:00+00:00,0.2046521145258887,71.984375,1575.46
2026-03-07 02:13:15+00:00,0.2082487802372685,73.5234375,1603.232064641293
2026-03-07 02:13:30+00:00,0.2101588064203348,66.58203125,1637.12
2026-03-07 02:13:45+00:00,0.2112114351964786,73.3671875,1643.58
2026-03-07 02:14:00+00:00,0.1637286449845373,73.3671875,1643.8671226575466
2026-03-07 02:14:15+00:00,0.212899678100592,70.0859375,1633.3326666533333
2026-03-07 02:14:30+00:00,0.1659087749063343,70.0859375,1576.86
2026-03-07 02:14:45+00:00,0.2021835166919518,69.671875,1538.66
2026-03-07 02:15:00+00:00,0.1937883443708463,69.78125,1444.8111037779245
2026-03-07 02:15:15+00:00,0.1827166245174904,67.5,1391.0721785564288
2026-03-07 02:15:30+00:00,0.1506236518775402,65.2421875,1287.94
2026-03-07 02:15:45+00:00,0.1647362312610884,63.83203125,1238.195236095278
2026-03-07 02:16:00+00:00,0.1312096232762769,63.83203125,1146.0029200584013
2026-03-07 02:16:15+00:00,0.1465064703552223,63.48828125,1106.802136042721
2026-03-07 02:16:30+00:00,0.1125645881061381,63.48828125,1053.08
2026-03-07 02:16:45+00:00,0.1386355227409317,63.08203125,1044.58
2026-03-07 02:17:00+00:00,0.1378490934197723,63.08203125,1046.5590688186237
2026-03-07 02:17:15+00:00,0.1422287692157821,63.484375,1063.42
2026-03-07 02:17:30+00:00,0.1459174845808779,62.49609375,1104.24
2026-03-07 02:17:45+00:00,0.1557970971476031,64.359375,1131.977360452791
2026-03-07 02:18:00+00:00,0.1579168123957842,65.30078125,1183.88
2026-03-07 02:18:15+00:00,0.1636110831328085,66.078125,1208.9
2026-03-07 02:18:30+00:00,0.134570386201557,66.078125,1253.3200000000002
2026-03-07 02:18:45+00:00,0.1672944667077645,66.11328125,1265.0
2026-03-07 02:19:00+00:00,0.1359163468249103,66.11328125,1283.3256665133306
2026-03-07 02:19:15+00:00,0.1676339150457623,65.41015625,1270.46
2026-03-07 02:19:30+00:00,0.1668097670841702,63.375,1230.14
2026-03-07 02:19:45+00:00,0.1584049114620519,65.18359375,1191.1838236764736
2026-03-07 02:20:00+00:00,0.1536224364099962,60.80078125,1092.06
2026-03-07 02:20:15+00:00,0.1418244217746898,61.77734375,1030.56
2026-03-07 02:20:30+00:00,0.1308177795013492,59.44140625,912.3217535649288
2026-03-07 02:20:45+00:00,0.1177625794295777,57.15234375,854.56
2026-03-07 02:21:00+00:00,0.1063704175255578,55.5859375,748.894977899558
2026-03-07 02:21:15+00:00,0.0968379570666396,53.9609375,703.22
2026-03-07 02:21:30+00:00,0.0746065903389483,53.9609375,630.2
2026-03-07 02:21:45+00:00,0.068000148530703,54.36328125,604.86
2026-03-07 02:22:00+00:00,0.0796448153673956,52.82421875,580.9
2026-03-07 02:22:15+00:00,0.0801466811456448,54.34765625,584.7516950339008
2026-03-07 02:22:30+00:00,0.0836912938503293,54.3125,613.8922778455569
2026-03-07 02:22:45+00:00,0.0766527882682637,55.33984375,637.24
2026-03-07 02:23:00+00:00,0.0776949597039762,55.33984375,696.5460690786184
2026-03-07 02:23:15+00:00,0.0784250227870016,56.4453125,728.3600000000001
2026-03-07 02:23:30+00:00,0.1076655652970492,57.12890625,793.84
2026-03-07 02:23:45+00:00,0.1143690204530142,58.78125,824.5
2026-03-07 02:24:00+00:00,0.0992049693980052,58.78125,873.36
2026-03-07 02:24:15+00:00,0.1003483184153933,58.796875,874.0600000000001
2026-03-07 02:24:30+00:00,0.1190891588894649,58.859375,867.0573411468231
2026-03-07 02:24:45+00:00,0.1167832694763804,58.88671875,847.1200000000001
2026-03-07 02:25:00+00:00,0.1127608003638163,55.83984375,792.0558411168224
2026-03-07 02:25:15+00:00,0.1041751035732761,56.2109375,752.2550451009022
2026-03-07 02:25:30+00:00,0.0770073075802673,56.2109375,656.94
2026-03-07 02:25:45+00:00,0.0851343715012702,53.13671875,608.6600000000001
2026-03-07 02:26:00+00:00,0.0628499541208503,53.13671875,515.6496870062598
2026-03-07 02:26:15+00:00,0.0660390948460526,49.1796875,473.62
2026-03-07 02:26:30+00:00,0.0585211046304059,50.09765625,398.66
2026-03-07 02:26:45+00:00,0.0532234021012921,49.03515625,377.092458150837
2026-03-07 02:27:00+00:00,0.040129616089989,49.03515625,352.86
2026-03-07 02:27:15+00:00,0.0506299136833094,49.4140625,362.62
2026-03-07 02:27:30+00:00,0.0554199926455954,49.31640625,397.3679473589472
2026-03-07 02:27:45+00:00,0.0651235710994546,51.43359375,428.48
2026-03-07 02:28:00+00:00,0.0708151657563857,51.5859375,503.46
2026-03-07 02:28:15+00:00,0.0800311667441883,53.390625,549.3509870197404
2026-03-07 02:28:30+00:00,0.0703814306593655,53.390625,650.02
2026-03-07 02:28:45+00:00,0.0945818550724758,55.40625,706.3541270825418
2026-03-07 02:29:00+00:00,0.1068547825282978,56.51953125,793.1400000000001
2026-03-07 02:29:15+00:00,0.0882305629176293,57.58203125,824.5
2026-03-07 02:29:30+00:00,0.1157811113744875,58.015625,861.062778744425
2026-03-07 02:29:45+00:00,0.1176597392315626,57.9375,871.782564348713
2026-03-07 02:30:00+00:00,0.1024160915724677,58.0078125,866.257325146503
2026-03-07 02:30:15+00:00,0.1164395210212544,58.2421875,852.32
2026-03-07 02:30:30+00:00,0.0975581690449782,55.57421875,805.1361027220545
2026-03-07 02:30:45+00:00,0.1077367313045314,56.62109375,775.62
2026-03-07 02:31:00+00:00,0.1023449017732971,54.9453125,711.02
2026-03-07 02:31:15+00:00,0.0753567324949306,53.29296875,679.8664026719465
2026-03-07 02:31:30+00:00,0.0709400293066195,53.29296875,624.6
2026-03-07 02:31:45+00:00,0.0848024789419219,52.51171875,608.5799999999999
2026-03-07 02:32:00+00:00,0.0821086379886809,52.51171875,580.3116062321247
2026-03-07 02:32:15+00:00,0.0805953484589836,54.16796875,588.7
2026-03-07 02:32:30+00:00,0.0840737695749508,53.66015625,617.8
2026-03-07 02:32:45+00:00,0.0819084385957232,55.765625,650.86
2026-03-07 02:33:00+00:00,0.0800436426459233,55.765625,741.905161896762
2026-03-07 02:33:15+00:00,0.1105531397378349,58.3671875,795.5
2026-03-07 02:33:30+00:00,0.093445051103655,58.3671875,914.74
2026-03-07 02:33:45+00:00,0.1121272404902582,61.6953125,974.08
2026-03-07 02:34:00+00:00,0.1410775063521593,63.546875,1089.7
2026-03-07 02:34:15+00:00,0.1553573067438547,64.96875,1130.26
2026-03-07 02:34:30+00:00,0.1299093315500364,64.96875,1204.7040940818815
2026-03-07 02:34:45+00:00,0.1653223996460469,65.88671875,1238.9047780955625
2026-03-07 02:35:00+00:00,0.1675402989244454,65.4765625,1276.9855397107945
2026-03-07 02:35:15+00:00,0.1696421313152881,60.95703125,1278.96
2026-03-07 02:35:30+00:00,0.1691939084101335,65.19921875,1267.094658106838
2026-03-07 02:35:45+00:00,0.1661357661530731,64.78125,1248.12
2026-03-07 02:36:00+00:00,0.1353075436493644,64.78125,1198.6439728794576
2026-03-07 02:36:15+00:00,0.1543033750987676,62.703125,1166.34
2026-03-07 02:36:30+00:00,0.1483195107968719,63.4453125,1108.66
2026-03-07 02:36:45+00:00,0.143972715845516,62.70703125,1088.86
2026-03-07 02:37:00+00:00,0.141829968015239,60.6953125,1056.22
2026-03-07 02:37:15+00:00,0.1392048686830335,61.27734375,1049.4409888197763
2026-03-07 02:37:30+00:00,0.1411527091160873,61.27734375,1057.82
2026-03-07 02:37:45+00:00,0.1440504013059518,61.765625,1078.5815716314328
2026-03-07 02:38:00+00:00,0.1507179275807455,63.14453125,1138.697226055479
2026-03-07 02:38:15+00:00,0.1581786046880149,64.96484375,1183.3836676733536
2026-03-07 02:38:30+00:00,0.1279615987755696,64.96484375,1288.6
2026-03-07 02:38:45+00:00,0.1766877973071061,68.28125,1338.5667713354271
2026-03-07 02:39:00+00:00,0.1431235916624852,68.28125,1443.4311313773726
2026-03-07 02:39:15+00:00,0.1954941376004646,70.8359375,1480.9696193923878
2026-03-07 02:39:30+00:00,0.1524721200595163,70.8359375,1571.5085698286034
2026-03-07 02:39:45+00:00,0.2084358394573339,73.05859375,1603.72
2026-03-07 02:40:00+00:00,0.2108717192147511,73.52734375,1648.2070358592828
2026-03-07 02:40:15+00:00,0.2119776072619636,73.3515625,1652.433048660973
2026-03-07 02:40:30+00:00,0.1803778214092183,73.78125,1642.16
2026-03-07 02:40:45+00:00,0.2112007552164496,70.9765625,1632.692653853077
2026-03-07 02:41:00+00:00,0.1691989076507707,70.9765625,1575.8884822303555
2026-03-07 02:41:15+00:00,0.1626596907448083,70.55078125,1537.5
2026-03-07 02:41:30+00:00,0.1936222208958704,68.40234375,1453.8709225815485
2026-03-07 02:41:45+00:00,0.1855251262453863,68.5234375,1420.4515909681804
2026-03-07 02:42:00+00:00,0.1784691028593916,67.2265625,1359.66
2026-03-07 02:42:15+00:00,0.1760888441475315,65.32421875,1327.14
2026-03-07 02:42:30+00:00,0.1736918960447206,65.32421875,1286.3457269145383
2026-03-07 02:42:45+00:00,0.16812738984917,66.51171875,1281.02
2026-03-07 02:43:00+00:00,0.1682295157927195,66.796875,1298.46
2026-03-07 02:43:15+00:00,0.1460717921910922,66.80078125,1318.62
2026-03-07 02:43:30+00:00,0.1511412592296644,69.13671875,1376.587531750635
2026-03-07 02:43:45+00:00,0.1838020534378891,69.74609375,1404.691906161877
2026-03-07 02:44:00+00:00,0.139471506776229,69.74609375,1480.9696193923885
2026-03-07 02:44:15+00:00,0.2013445914774738,70.03515625,1514.9702994059885
2026-03-07 02:44:30+00:00,0.2065687403551668,72.77734375,1585.44
2026-03-07 02:44:45+00:00,0.2107578440307192,72.65625,1618.76
2026-03-07 02:45:00+00:00,0.213924588069317,73.6484375,1644.94
2026-03-07 02:45:15+00:00,0.2122058846871225,73.24609375,1645.4470910581788
2026-03-07 02:45:30+00:00,0.17209111659436,73.24609375,1625.6525130502614
2026-03-07 02:45:45+00:00,0.207746600631942,68.7109375,1606.58
2026-03-07 02:46:00+00:00,0.1729859515393676,68.7109375,1548.84
2026-03-07 02:46:15+00:00,0.1987526629989473,69.1640625,1506.1
2026-03-07 02:46:30+00:00,0.1874423229013641,65.9609375,1409.62
2026-03-07 02:46:45+00:00,0.1756701328541589,67.5859375,1358.1799999999998
2026-03-07 02:47:00+00:00,0.127327908169355,67.5859375,1248.6449728994585
2026-03-07 02:47:15+00:00,0.1606852309188226,63.859375,1199.82
2026-03-07 02:47:30+00:00,0.1259072216722402,63.859375,1114.54
2026-03-07 02:47:45+00:00,0.144649045814208,62.1015625,1090.9
2026-03-07 02:48:00+00:00,0.1395335374979797,62.23828125,1050.28
2026-03-07 02:48:15+00:00,0.1207298445703259,62.3515625,1051.8789624207516
2026-03-07 02:48:30+00:00,0.1399444287729166,62.46875,1057.9
2026-03-07 02:48:45+00:00,0.1440503465610342,62.8828125,1077.281545630913
2026-03-07 02:49:00+00:00,0.1497830348769646,63.73828125,1127.64
2026-03-07 02:49:15+00:00,0.1544678941367619,63.9140625,1155.98
2026-03-07 02:49:30+00:00,0.1597914043798264,64.7734375,1210.44
2026-03-07 02:49:45+00:00,0.1631577984234176,65.9375,1234.94
2026-03-07 02:50:00+00:00,0.1665908501615206,65.39453125,1274.22
2026-03-07 02:50:15+00:00,0.1682166703712045,66.1328125,1284.3200000000002
2026-03-07 02:50:30+00:00,0.1685339124953241,65.609375,1274.18
2026-03-07 02:50:45+00:00,0.1657139373100841,65.8828125,1253.94
2026-03-07 02:51:00+00:00,0.161817818911232,61.69921875,1198.24
2026-03-07 02:51:15+00:00,0.1534146459137462,63.15234375,1158.98
2026-03-07 02:51:30+00:00,0.1466458920418563,61.1953125,1062.2612452249048
2026-03-07 02:51:45+00:00,0.1374112571898266,57.7734375,1003.4000680013604
2026-03-07 02:52:00+00:00,0.1227128430673883,58.5,884.7800000000001
2026-03-07 02:52:15+00:00,0.1126498917748987,55.61328125,825.6765135302707
2026-03-07 02:52:30+00:00,0.1048554148672981,54.95703125,724.14
2026-03-07 02:52:45+00:00,0.0968000000000173,55.00390625,683.72
2026-03-07 02:53:00+00:00,0.0765179133972387,54.32421875,616.1400000000001
2026-03-07 02:53:15+00:00,0.0842392987303686,52.08203125,594.8399999999999
2026-03-07 02:53:30+00:00,0.080970848407534,53.359375,581.28
2026-03-07 02:53:45+00:00,0.0821535654008565,53.3046875,591.6800000000001
2026-03-07 02:54:00+00:00,0.0849026133571572,53.56640625,633.62
2026-03-07 02:54:15+00:00,0.093254588616755,55.28515625,660.98
2026-03-07 02:54:30+00:00,0.0776951067658085,55.28515625,723.38
2026-03-07 02:54:45+00:00,0.0851296644624795,56.25390625,757.195143902878
2026-03-07 02:55:00+00:00,0.1111278982581452,56.9765625,818.3163663273266
2026-03-07 02:55:15+00:00,0.1167234978312854,58.24609375,844.34
2026-03-07 02:55:30+00:00,0.1195406078425567,59.1328125,869.5426091478171
2026-03-07 02:55:45+00:00,0.1184418528108209,58.328125,871.797435948719
2026-03-07 02:56:00+00:00,0.1166471866222036,58.26953125,850.58
2026-03-07 02:56:15+00:00,0.1127894948253799,56.1640625,825.8034839303214
2026-03-07 02:56:30+00:00,0.0931013746876682,57.1484375,768.32
2026-03-07 02:56:45+00:00,0.099711550677585,53.73046875,726.98
2026-03-07 02:57:00+00:00,0.0805308235307671,53.73046875,634.2526850537012
2026-03-07 02:57:15+00:00,0.0634666261511541,51.3125,589.5082098358033
2026-03-07 02:57:30+00:00,0.0628528252595733,51.3125,494.329886597732
2026-03-07 02:57:45+00:00,0.0654363815656095,49.51171875,454.06000000000006
2026-03-07 02:58:00+00:00,0.0578585881294877,48.375,391.1678233564672
2026-03-07 02:58:15+00:00,0.0517477139347548,47.87109375,368.22
2026-03-07 02:58:30+00:00,0.0319572999999991,47.87109375,356.1871237424749
2026-03-07 02:58:45+00:00,0.0514518341307826,48.66015625,363.92727854557097
2026-03-07 02:59:00+00:00,0.0573707408087038,49.4140625,413.08
2026-03-07 02:59:15+00:00,0.0575681937010611,52.4296875,447.46
2026-03-07 02:59:30+00:00,0.056062864784667,52.4296875,535.5692886142277
2026-03-07 02:59:45+00:00,0.0827573138173822,53.71875,583.12
2026-03-07 03:00:00+00:00,0.0713230382055572,53.71875,675.7464850702986
2026-03-07 03:00:15+00:00,0.1025279109468902,56.6328125,718.808119188081
2026-03-07 03:00:30+00:00,0.0823040106756782,56.6328125,791.6800000000001
2026-03-07 03:00:45+00:00,0.112436896729105,57.10546875,819.42
2026-03-07 03:01:00+00:00,0.1158563438250358,57.88671875,867.4667466746674
2026-03-07 03:01:15+00:00,0.1180250317543896,57.57421875,873.62
2026-03-07 03:01:30+00:00,0.0974926855271049,58.0078125,862.06
2026-03-07 03:01:45+00:00,0.1141884902533939,56.34765625,841.5
2026-03-07 03:02:00+00:00,0.1099902785278969,56.57421875,783.1600000000001
2026-03-07 03:02:15+00:00,0.1043474834178712,54.21875,753.5550711014221
2026-03-07 03:02:30+00:00,0.096215173498359,54.80859375,692.1800000000001
2026-03-07 03:02:45+00:00,0.0910188391362362,53.015625,662.5667486650266
2026-03-07 03:03:00+00:00,0.070024546013266,53.015625,610.7477850442991
2026-03-07 03:03:15+00:00,0.0815263639959355,52.25,590.6481870362593
2026-03-07 03:03:30+00:00,0.0596311951235001,52.25,580.8916178323568
2026-03-07 03:03:45+00:00,0.0643751614339419,52.23046875,590.6481870362593
2026-03-07 03:04:00+00:00,0.0868872503581219,53.43359375,640.96
2026-03-07 03:04:15+00:00,0.0971841414742646,56.01953125,677.1600000000001
2026-03-07 03:04:30+00:00,0.0915358219238593,57.6484375,771.6754335086703
2026-03-07 03:04:45+00:00,0.1015451257599022,58.8203125,828.34
2026-03-07 03:05:00+00:00,0.0960887811805199,58.8203125,943.9188783775676
2026-03-07 03:05:15+00:00,0.1096715238995576,60.1328125,1006.32
2026-03-07 03:05:30+00:00,0.145915046401932,63.0234375,1109.56
2026-03-07 03:05:45+00:00,0.1537208689542205,63.69140625,1157.0
2026-03-07 03:06:00+00:00,0.1651576316019017,63.83203125,1221.884437688754
2026-03-07 03:06:15+00:00,0.1690003356114349,66.015625,1251.36
2026-03-07 03:06:30+00:00,0.1693452067021048,65.8125,1280.0456009120185
2026-03-07 03:06:45+00:00,0.1686130061398926,65.68359375,1282.46
2026-03-07 03:07:00+00:00,0.1683290354989793,63.02734375,1256.74
2026-03-07 03:07:15+00:00,0.1638325844809888,63.86328125,1226.76
2026-03-07 03:07:30+00:00,0.1574375686124711,63.9296875,1166.08
2026-03-07 03:07:45+00:00,0.152024853743782,61.875,1135.26
2026-03-07 03:08:00+00:00,0.1177354378731018,61.875,1086.6982660346794
2026-03-07 03:08:15+00:00,0.1438500156298917,62.484375,1071.18
2026-03-07 03:08:30+00:00,0.1409132332151835,62.5703125,1046.7209344186886
2026-03-07 03:08:45+00:00,0.1384410382580799,62.6015625,1045.42
2026-03-07 03:09:00+00:00,0.1413245321952928,61.8046875,1059.9388012239756
2026-03-07 03:09:15+00:00,0.1472146875807609,62.26171875,1083.02
2026-03-07 03:09:30+00:00,0.1533711333562463,64.1796875,1155.74
2026-03-07 03:09:45+00:00,0.1607873006833518,65.02734375,1201.5159696806063
2026-03-07 03:10:00+00:00,0.1199599909956433,65.02734375,1306.44
2026-03-07 03:10:15+00:00,0.1815035621471529,69.02734375,1357.3328533429333
2026-03-07 03:10:30+00:00,0.1912077228258593,70.18359375,1456.24
2026-03-07 03:10:45+00:00,0.1984683274021428,71.5546875,1501.090021800436
2026-03-07 03:11:00+00:00,0.1600542024246703,71.5546875,1579.46
2026-03-07 03:11:15+00:00,0.2089022970544491,72.63671875,1608.567828643427
2026-03-07 03:11:30+00:00,0.2115405176071172,72.63671875,1646.7870642587147
2026-03-07 03:11:45+00:00,0.2126404424365243,73.0625,1650.9330186603736
2026-03-07 03:12:00+00:00,0.2120122468205323,71.40234375,1633.2
2026-03-07 03:12:15+00:00,0.2081798745960033,72.21875,1612.467750644987
2026-03-07 03:12:30+00:00,0.2066513011923215,68.6328125,1551.8689626207477
2026-03-07 03:12:45+00:00,0.1970083751772904,66.7109375,1512.6799999999998
2026-03-07 03:13:00+00:00,0.158645818246925,66.7109375,1430.72
2026-03-07 03:13:15+00:00,0.1510421027058757,67.68359375,1392.16
2026-03-07 03:13:30+00:00,0.180472023150133,68.1171875,1330.3200000000002
2026-03-07 03:13:45+00:00,0.172483100004368,66.44921875,1314.16
2026-03-07 03:14:00+00:00,0.1430366033512349,66.44921875,1296.645932918659
2026-03-07 03:14:15+00:00,0.1710317613834297,66.51953125,1296.98
2026-03-07 03:14:30+00:00,0.1517471014175163,66.92578125,1316.76
2026-03-07 03:14:45+00:00,0.1757170789672579,67.67578125,1334.4533109337813
2026-03-07 03:15:00+00:00,0.1535761426644654,67.62109375,1388.36
2026-03-07 03:15:15+00:00,0.1858270454898429,69.69921875,1418.6516269674607
2026-03-07 03:15:30+00:00,0.1927283918069418,71.171875,1491.429828596572
2026-03-07 03:15:45+00:00,0.1612121641588259,70.921875,1530.06
2026-03-07 03:16:00+00:00,0.1752495416411033,72.15625,1599.74
2026-03-07 03:16:15+00:00,0.1625179464357212,72.55078125,1626.42
2026-03-07 03:16:30+00:00,0.1832690222974051,72.5234375,1650.94
2026-03-07 03:16:45+00:00,0.2129852589765143,72.39453125,1654.34
2026-03-07 03:17:00+00:00,0.2129979665109616,73.15234375,1627.94
2026-03-07 03:17:15+00:00,0.2070451713045122,71.140625,1597.1
2026-03-07 03:17:30+00:00,0.1330024999999977,71.140625,1522.98
2026-03-07 03:17:45+00:00,0.1954827106595047,67.59765625,1476.0895217904358
2026-03-07 03:18:00+00:00,0.1405121957612277,67.59765625,1378.12
2026-03-07 03:18:15+00:00,0.1767548901455456,65.390625,1333.42
2026-03-07 03:18:30+00:00,0.1291316113405599,65.390625,1237.5352492950142
2026-03-07 03:18:45+00:00,0.1569682015454645,60.015625,1190.62
2026-03-07 03:19:00+00:00,0.1541842778688203,60.015625,1102.16
2026-03-07 03:19:15+00:00,0.1419706397801667,61.89453125,1066.5813316266328
2026-03-07 03:19:30+00:00,0.1104178817708505,61.89453125,1039.44
2026-03-07 03:19:45+00:00,0.1171018230101712,62.46484375,1044.8391032179356
2026-03-07 03:20:00+00:00,0.1419702529390827,62.5703125,1067.7786444271114
2026-03-07 03:20:15+00:00,0.1481356036693662,63.015625,1088.02
2026-03-07 03:20:30+00:00,0.0925265500000023,63.015625,1143.3828676573532
2026-03-07 03:20:45+00:00,0.1600518002944798,63.9921875,1173.74
2026-03-07 03:21:00+00:00,0.1624679738957122,63.9921875,1230.24
2026-03-07 03:21:15+00:00,0.1644715987100434,64.62890625,1248.4
2026-03-07 03:21:30+00:00,0.167370750061333,65.5,1269.9853997079942
2026-03-07 03:21:45+00:00,0.1688516753845415,65.38671875,1277.3744525109496
2026-03-07 03:22:00+00:00,0.1351594264831539,65.38671875,1265.92531850637
2026-03-07 03:22:15+00:00,0.1662067844552865,63.33984375,1247.2
2026-03-07 03:22:30+00:00,0.1610487002467421,63.6328125,1184.74
2026-03-07 03:22:45+00:00,0.1286598297286548,61.47265625,1140.222804456089
2026-03-07 03:23:00+00:00,0.1444260794822573,58.984375,1031.5606312126242
2026-03-07 03:23:15+00:00,0.1108048147590172,59.73828125,971.56
2026-03-07 03:23:30+00:00,0.0849972499999921,58.05859375,847.2830543389132
2026-03-07 03:23:45+00:00,0.1136989465244211,56.59375,791.7758355167103
2026-03-07 03:24:00+00:00,0.0982160013974952,55.67578125,697.9939598791977
2026-03-07 03:24:15+00:00,0.0750712598498408,53.04296875,658.1
2026-03-07 03:24:30+00:00,0.0741920374197474,53.04296875,608.7
2026-03-07 03:24:45+00:00,0.0828189106871018,53.16796875,592.96
2026-03-07 03:25:00+00:00,0.0816560338317331,52.6875,594.48
2026-03-07 03:25:15+00:00,0.0678840614830439,53.7578125,603.12
2026-03-07 03:25:30+00:00,0.067256005250028,53.7578125,643.76
2026-03-07 03:25:45+00:00,0.0934993485705869,54.88671875,672.9
2026-03-07 03:26:00+00:00,0.0787819078354782,54.88671875,743.76
2026-03-07 03:26:15+00:00,0.1070308991622314,56.2109375,778.6355727114542
2026-03-07 03:26:30+00:00,0.1098128860633908,57.62890625,828.6600000000001
2026-03-07 03:26:45+00:00,0.1157096513958767,58.3203125,852.26
2026-03-07 03:27:00+00:00,0.1002074485392572,57.625,869.4200000000001
2026-03-07 03:27:15+00:00,0.1021727649620566,58.52734375,868.9200000000001
2026-03-07 03:27:30+00:00,0.1152360751526056,56.8671875,840.84
2026-03-07 03:27:45+00:00,0.1123352178327406,56.7890625,815.4000000000001
2026-03-07 03:28:00+00:00,0.1052528186083873,55.49609375,745.52
2026-03-07 03:28:15+00:00,0.0964439284784456,53.40234375,705.02
2026-03-07 03:28:30+00:00,0.0732914251731049,53.40234375,616.9123382467651
2026-03-07 03:28:45+00:00,0.079138156983065,51.31640625,568.08
2026-03-07 03:29:00+00:00,0.0590364482144975,51.31640625,476.2000000000001
2026-03-07 03:29:15+00:00,0.0601073216255289,48.48828125,435.78
2026-03-07 03:29:30+00:00,0.047573001006307,48.48828125,378.14
2026-03-07 03:29:45+00:00,0.0511871448863438,49.01953125,362.2472449448989
2026-03-07 03:30:00+00:00,0.0519577399511099,49.26953125,364.12
2026-03-07 03:30:15+00:00,0.0554124753204276,48.5,375.94
2026-03-07 03:30:30+00:00,0.0590552456438873,50.0703125,433.6513269734605
2026-03-07 03:30:45+00:00,0.0531180540172513,50.48046875,469.62
2026-03-07 03:31:00+00:00,0.0725546357987338,52.3125,555.3311066221326
2026-03-07 03:31:15+00:00,0.0828367275967772,54.3046875,606.4921298425969
2026-03-07 03:31:30+00:00,0.0966405411951898,54.125,703.5
2026-03-07 03:31:45+00:00,0.103519095713873,56.52734375,750.38
2026-03-07 03:32:00+00:00,0.0852532800776694,56.52734375,822.0200000000001
2026-03-07 03:32:15+00:00,0.1176309808179602,57.77734375,850.4200000000001
2026-03-07 03:32:30+00:00,0.1181283506022005,57.50390625,873.0799999999999
2026-03-07 03:32:45+00:00,0.1171071780988426,58.515625,873.6400000000001
2026-03-07 03:33:00+00:00,0.1164589157939543,56.015625,855.437108742175
2026-03-07 03:33:15+00:00,0.1139785502331407,57.203125,833.3199999999999
2026-03-07 03:33:30+00:00,0.0903249979803323,57.203125,772.62
2026-03-07 03:33:45+00:00,0.1043720661107898,55.30859375,735.98
2026-03-07 03:34:00+00:00,0.0955000542564332,53.3828125,672.8334566691334
2026-03-07 03:34:15+00:00,0.089330598950491,54.3515625,643.0271394572109
2026-03-07 03:34:30+00:00,0.0843679593575511,54.078125,603.792075841517
2026-03-07 03:34:45+00:00,0.0827935576885081,53.70703125,594.16
2026-03-07 03:35:00+00:00,0.0825551887355264,53.15234375,595.54
2026-03-07 03:35:15+00:00,0.0839668915517033,52.62109375,604.22
2026-03-07 03:35:30+00:00,0.0889037437938794,53.91796875,653.0930618612374
2026-03-07 03:35:45+00:00,0.0944165273296712,55.5625,685.8199999999999
2026-03-07 03:36:00+00:00,0.1045949863006738,56.66015625,791.7358347166944
2026-03-07 03:36:15+00:00,0.0961360924792785,58.00390625,850.98
2026-03-07 03:36:30+00:00,0.1250287708072662,59.5078125,978.08
2026-03-07 03:36:45+00:00,0.1377631404135146,61.48046875,1037.78
2026-03-07 03:37:00+00:00,0.1542427599886583,63.7421875,1142.0228404568093
2026-03-07 03:37:15+00:00,0.1558087098886687,64.265625,1186.8437368747375
2026-03-07 03:37:30+00:00,0.1636990342701611,64.89453125,1247.72495449909
2026-03-07 03:37:45+00:00,0.1672498487462839,66.1015625,1270.4
2026-03-07 03:38:00+00:00,0.1689703316992321,65.71875,1283.7343253134936
2026-03-07 03:38:15+00:00,0.167654253778887,65.16796875,1281.98
2026-03-07 03:38:30+00:00,0.1661002852041646,65.09765625,1248.46
2026-03-07 03:38:45+00:00,0.1640943002780512,63.23046875,1223.44
2026-03-07 03:39:00+00:00,0.1581880415267961,63.69921875,1169.3566128677426
2026-03-07 03:39:15+00:00,0.1546528055508627,63.484375,1138.4
2026-03-07 03:39:30+00:00,0.1488379284822122,61.4765625,1091.62
2026-03-07 03:39:45+00:00,0.1441826280138652,61.9140625,1070.8185836283274
2026-03-07 03:40:00+00:00,0.1387209931914992,61.97265625,1044.34
2026-03-07 03:40:15+00:00,0.1387931427908331,61.4765625,1049.9009980199608
2026-03-07 03:40:30+00:00,0.1416232430654448,61.86328125,1078.84
2026-03-07 03:40:45+00:00,0.1489431743064909,62.78515625,1115.8776824463512
2026-03-07 03:41:00+00:00,0.1311028334400913,62.953125,1185.4562908741823
2026-03-07 03:41:15+00:00,0.1645795748212732,66.48046875,1230.24
2026-03-07 03:41:30+00:00,0.1339836483216623,66.48046875,1334.3266865337307
2026-03-07 03:41:45+00:00,0.1866599247564192,68.26171875,1385.42
2026-03-07 03:42:00+00:00,0.1943642041905573,69.78125,1494.84
2026-03-07 03:42:15+00:00,0.2037770613578893,71.21484375,1537.16
2026-03-07 03:42:30+00:00,0.2053023910952222,72.046875,1604.52
2026-03-07 03:42:45+00:00,0.212036669835659,72.07421875,1626.967460650787
2026-03-07 03:43:00+00:00,0.2131525787499827,73.12890625,1650.8330166603332
2026-03-07 03:43:15+00:00,0.2114565094263426,73.0859375,1653.62
2026-03-07 03:43:30+00:00,0.2106995424608693,70.90234375,1624.02
2026-03-07 03:43:45+00:00,0.2058644463538534,69.921875,1594.7918958379169
2026-03-07 03:44:00+00:00,0.1680222295438553,69.921875,1522.5800000000002
2026-03-07 03:44:15+00:00,0.1958483197480196,69.234375,1482.82
2026-03-07 03:44:30+00:00,0.1912516866158887,68.71484375,1418.6716265674686
2026-03-07 03:44:45+00:00,0.1816790126378557,66.1796875,1385.52
2026-03-07 03:45:00+00:00,0.1776399063463803,66.609375,1333.6866737334751
2026-03-07 03:45:15+00:00,0.1720992926925378,63.76171875,1304.5260905218106
2026-03-07 03:45:30+00:00,0.1684588271184931,65.796875,1284.7256945138906
2026-03-07 03:45:45+00:00,0.1678449614042511,66.37109375,1281.96
2026-03-07 03:46:00+00:00,0.1704886352985141,66.70703125,1318.5136297274055
2026-03-07 03:46:15+00:00,0.1766843031266476,67.546875,1343.9
2026-03-07 03:46:30+00:00,0.1831904489491307,68.8828125,1407.28
2026-03-07 03:46:45+00:00,0.159423053667367,68.99609375,1438.2312353752925
2026-03-07 03:47:00+00:00,0.1955218685269381,70.65234375,1516.9
2026-03-07 03:47:15+00:00,0.2019220098185045,71.59765625,1547.2200000000005
2026-03-07 03:47:30+00:00,0.1201131499999974,71.59765625,1607.74
2026-03-07 03:47:45+00:00,0.2100202302830281,72.96484375,1619.6123922478453
2026-03-07 03:48:00+00:00,0.1600794238737488,72.96484375,1638.98
2026-03-07 03:48:15+00:00,0.2106078014335195,73.421875,1636.98
2026-03-07 03:48:30+00:00,0.2108663243678911,73.421875,1608.747825043499
2026-03-07 03:48:45+00:00,0.2078931302360955,70.5078125,1585.8200000000002
2026-03-07 03:49:00+00:00,0.2027677054671697,70.1640625,1511.109777804444
2026-03-07 03:49:15+00:00,0.1932110724620681,67.33203125,1464.64
2026-03-07 03:49:30+00:00,0.1815242015044945,67.8828125,1358.56
2026-03-07 03:49:45+00:00,0.1754905675903532,65.140625,1302.6139477210456
2026-03-07 03:50:00+00:00,0.1180407798712323,65.140625,1203.7040740814816
2026-03-07 03:50:15+00:00,0.1557234244715968,63.2265625,1158.3368332633347
2026-03-07 03:50:30+00:00,0.149475359719573,60.28125,1098.3419668393371
2026-03-07 03:50:45+00:00,0.1430978376135429,61.45703125,1077.76
2026-03-07 03:51:00+00:00,0.139190205979394,60.67578125,1047.92
2026-03-07 03:51:15+00:00,0.1385990338164208,62.2109375,1050.14
2026-03-07 03:51:30+00:00,0.1419003343185168,61.4921875,1072.0
2026-03-07 03:51:45+00:00,0.1467899474200215,62.828125,1093.6
2026-03-07 03:52:00+00:00,0.1523400778669151,63.59375,1149.92
2026-03-07 03:52:15+00:00,0.1578908412346286,63.76171875,1181.4836296725937
2026-03-07 03:52:30+00:00,0.1623922158978546,64.578125,1227.344546890938
2026-03-07 03:52:45+00:00,0.1664265749729088,64.921875,1250.96
2026-03-07 03:53:00+00:00,0.1677173474291189,65.7265625,1278.7
2026-03-07 03:53:15+00:00,0.1688412152124312,66.37109375,1289.3000000000002
2026-03-07 03:53:30+00:00,0.1684522234561477,64.91015625,1269.3853877077545
2026-03-07 03:53:45+00:00,0.1660039496420502,63.69921875,1249.26
2026-03-07 03:54:00+00:00,0.1610984272915002,63.24609375,1164.6
2026-03-07 03:54:15+00:00,0.1482363671422912,59.2578125,1115.44
2026-03-07 03:54:30+00:00,0.112960903412567,59.2578125,998.7599751995042
2026-03-07 03:54:45+00:00,0.1271614322864552,56.07421875,939.8187963759276
2026-03-07 03:55:00+00:00,0.1009947781157248,56.07421875,836.556731134623
2026-03-07 03:55:15+00:00,0.1070517062784162,55.7578125,782.8643427131458
2026-03-07 03:55:30+00:00,0.0963072413418688,53.45703125,687.2462550748985
2026-03-07 03:55:45+00:00,0.0853784064223741,53.80859375,644.4071118577629
2026-03-07 03:56:00+00:00,0.0838968693622065,51.3515625,591.7918358367168
2026-03-07 03:56:15+00:00,0.0804876252319118,53.14453125,580.4283914321713
2026-03-07 03:56:30+00:00,0.0651120643371729,53.14453125,588.7317746354927
2026-03-07 03:56:45+00:00,0.0841297057236578,53.33203125,605.3
2026-03-07 03:57:00+00:00,0.062476955664351,53.33203125,656.14
2026-03-07 03:57:15+00:00,0.0968874457776161,54.6328125,685.7937158743175
2026-03-07 03:57:30+00:00,0.103153964674098,57.26171875,762.8600000000001
2026-03-07 03:57:45+00:00,0.1103191235618814,57.609375,789.0
2026-03-07 03:58:00+00:00,0.1146624791526933,57.421875,841.6999999999999
2026-03-07 03:58:15+00:00,0.1171077791626811,58.08203125,857.0571411428228
2026-03-07 03:58:30+00:00,0.1171440517261059,57.98046875,866.757335146703
2026-03-07 03:58:45+00:00,0.1160702189623564,55.34375,860.1000000000001
2026-03-07 03:59:00+00:00,0.0927043701652627,55.34375,834.4033119337613
2026-03-07 03:59:15+00:00,0.1104471883432358,54.50390625,809.26
2026-03-07 03:59:30+00:00,0.1042563746830584,54.94140625,730.78
2026-03-07 03:59:45+00:00,0.0840804058389786,53.58203125,683.44
2026-03-07 04:00:00+00:00,0.0857829439142297,51.640625,579.72
2026-03-07 04:00:15+00:00,0.0754031863006089,50.84765625,531.4200000000001
2026-03-07 04:00:30+00:00,0.0563751089285171,50.84765625,448.7
2026-03-07 04:00:45+00:00,0.0591907030796136,48.65234375,413.96
2026-03-07 04:01:00+00:00,0.0542875731090235,49.14453125,367.76
2026-03-07 04:01:15+00:00,0.0510507627622409,47.97265625,357.36714734294685
2026-03-07 04:01:30+00:00,0.0402990257975592,47.97265625,364.7000000000001
2026-03-07 04:01:45+00:00,0.0552368595772783,48.89453125,386.4
2026-03-07 04:02:00+00:00,0.0621571005120033,49.78515625,453.7509249815004
2026-03-07 04:02:15+00:00,0.0560752911442041,50.19921875,494.44
2026-03-07 04:02:30+00:00,0.0793988305208471,51.41796875,587.58
2026-03-07 04:02:45+00:00,0.0910634970850181,55.046875,636.76
2026-03-07 04:03:00+00:00,0.0604164000000082,55.046875,721.52
2026-03-07 04:03:15+00:00,0.1043254953812052,56.921875,762.0
2026-03-07 04:03:30+00:00,0.0909861550175353,56.921875,823.16
2026-03-07 04:03:45+00:00,0.1171392904073555,58.1875,845.9000000000001
2026-03-07 04:04:00+00:00,0.0926746770849956,58.1875,869.597391947839
2026-03-07 04:04:15+00:00,0.1168092211342809,58.08984375,868.3226335473291
2026-03-07 04:04:30+00:00,0.0861288304355466,58.08984375,840.536810736215
2026-03-07 04:04:45+00:00,0.111455238095244,55.52734375,822.78
2026-03-07 04:05:00+00:00,0.1082534920880377,56.12109375,757.84
2026-03-07 04:05:15+00:00,0.0845543777205222,54.30078125,731.9453610927781
2026-03-07 04:05:30+00:00,0.0962292756340548,52.3671875,668.6733734674694
2026-03-07 04:05:45+00:00,0.0902734784614821,53.7109375,638.9872202555948
2026-03-07 04:06:00+00:00,0.0824214748056708,51.12890625,588.96
2026-03-07 04:06:15+00:00,0.0693871610486094,52.609375,581.3883722325553
2026-03-07 04:06:30+00:00,0.0808279926784561,51.875,584.74
2026-03-07 04:06:45+00:00,0.0832768049838747,53.390625,606.74
2026-03-07 04:07:00+00:00,0.0917029649132791,53.81640625,670.9000000000001
2026-03-07 04:07:15+00:00,0.0994053893367418,56.64453125,720.1055978880422
2026-03-07 04:07:30+00:00,0.1096126903351425,57.890625,827.74
2026-03-07 04:07:45+00:00,0.1207280816204336,59.41796875,888.02
2026-03-07 04:08:00+00:00,0.1304742206809386,61.19921875,1001.72
2026-03-07 04:08:15+00:00,0.1431336176594532,62.69921875,1051.92
2026-03-07 04:08:30+00:00,0.1525012156027536,63.9453125,1153.4430688613772
2026-03-07 04:08:45+00:00,0.1612571765715494,64.22265625,1192.24
2026-03-07 04:09:00+00:00,0.1675434958829303,65.625,1259.4
2026-03-07 04:09:15+00:00,0.1709597137611541,62.16015625,1280.86
2026-03-07 04:09:30+00:00,0.1407118707551221,62.16015625,1284.1
2026-03-07 04:09:45+00:00,0.1670739845585785,64.64453125,1273.52
2026-03-07 04:10:00+00:00,0.1646039047247348,64.62890625,1241.2
2026-03-07 04:10:15+00:00,0.1608828238039801,61.03515625,1220.6155876882465
2026-03-07 04:10:30+00:00,0.1584226969740532,62.671875,1160.1032020640414
2026-03-07 04:10:45+00:00,0.1510416910858217,60.9140625,1122.82
2026-03-07 04:11:00+00:00,0.1458468431575672,60.8984375,1067.1813436268728
2026-03-07 04:11:15+00:00,0.1414306611379889,61.78515625,1045.82
2026-03-07 04:11:30+00:00,0.138486384572555,61.9609375,1039.78
2026-03-07 04:11:45+00:00,0.1400591680463595,61.6015625,1045.28
2026-03-07 04:12:00+00:00,0.1426904899391473,62.2578125,1086.42
2026-03-07 04:12:15+00:00,0.1506987737305797,63.75,1115.282305646113
2026-03-07 04:12:30+00:00,0.1274287264014473,63.75,1191.7
2026-03-07 04:12:45+00:00,0.1657578811607649,67.140625,1234.96
2026-03-07 04:13:00+00:00,0.1765866537173938,67.98046875,1337.9132417351652
2026-03-07 04:13:15+00:00,0.1576747476221011,69.2265625,1399.16
2026-03-07 04:13:30+00:00,0.1612031902290544,69.79296875,1504.7500950019005
2026-03-07 04:13:45+00:00,0.2039325156985883,72.51953125,1548.4109682193643
2026-03-07 04:14:00+00:00,0.1728203202314119,72.51953125,1610.92
2026-03-07 04:14:15+00:00,0.1811492004264943,69.5390625,1621.432428648573
2026-03-07 04:14:30+00:00,0.2132049318139146,72.86328125,1646.3270734585308
2026-03-07 04:14:45+00:00,0.2114023106204062,71.16015625,1642.3128462569252
2026-03-07 04:15:00+00:00,0.1474144250000108,71.16015625,1610.74
2026-03-07 04:15:15+00:00,0.2062089186658032,72.13671875,1582.46
2026-03-07 04:15:30+00:00,0.2010784712377696,68.02734375,1504.729905401892
2026-03-07 04:15:45+00:00,0.1938824044194193,68.85546875,1471.6905661886765
2026-03-07 04:16:00+00:00,0.187171842284517,68.30859375,1410.8282165643311
2026-03-07 04:16:15+00:00,0.1807810951817401,66.890625,1385.02
2026-03-07 04:16:30+00:00,0.1422074556624276,66.890625,1325.6799999999998
2026-03-07 04:16:45+00:00,0.1708700044360103,65.984375,1302.6460529210583
2026-03-07 04:17:00+00:00,0.1362031442585868,65.984375,1283.88
2026-03-07 04:17:15+00:00,0.1702106765374949,65.34375,1291.4
2026-03-07 04:17:30+00:00,0.1358165742483376,65.34375,1326.7734645307094
2026-03-07 04:17:45+00:00,0.1544834081091054,67.75390625,1346.4930701385972
2026-03-07 04:18:00+00:00,0.183455145196443,68.32421875,1417.86
2026-03-07 04:18:15+00:00,0.1906534150061844,67.22265625,1451.02
2026-03-07 04:18:30+00:00,0.1987471886713948,71.24609375,1534.54
2026-03-07 04:18:45+00:00,0.2056821828531395,72.48046875,1569.14
2026-03-07 04:19:00+00:00,0.1672142281757668,72.48046875,1628.54
2026-03-07 04:19:15+00:00,0.2137612052730675,72.8984375,1642.16
2026-03-07 04:19:30+00:00,0.1708638761939593,72.8984375,1650.5130102602052
2026-03-07 04:19:45+00:00,0.2112302199676114,71.859375,1637.94
2026-03-07 04:20:00+00:00,0.2096414216554591,71.75390625,1594.94
2026-03-07 04:20:15+00:00,0.2045398703648001,70.2265625,1560.62
2026-03-07 04:20:30+00:00,0.1392580662157629,70.2265625,1485.3297065941324
2026-03-07 04:20:45+00:00,0.1896449467166921,67.93359375,1439.62
2026-03-07 04:21:00+00:00,0.1805878957643697,66.3515625,1341.36
2026-03-07 04:21:15+00:00,0.1684272438511379,64.08984375,1290.54
2026-03-07 04:21:30+00:00,0.165784167226309,64.08984375,1189.5437908758176
2026-03-07 04:21:45+00:00,0.1519761776715416,61.76171875,1140.46
2026-03-07 04:22:00+00:00,0.1470246542969525,61.76171875,1068.9
2026-03-07 04:22:15+00:00,0.1128752480700506,62.640625,1047.4390512189757
2026-03-07 04:22:30+00:00,0.1383697407044849,61.07421875,1042.7808556171124
2026-03-07 04:22:45+00:00,0.141277136198859,61.07421875,1047.96
2026-03-07 04:23:00+00:00,0.1445668706026322,62.34765625,1085.5
2026-03-07 04:23:15+00:00,0.1481375315551687,62.7265625,1110.66
2026-03-07 04:23:30+00:00,0.1131402777157432,62.7265625,1137.2627452549054
2026-03-07 04:23:45+00:00,0.1509185121646921,63.61328125,1136.36
2026-03-07 04:24:00+00:00,0.1477167740892112,62.6875,1106.68
2026-03-07 04:24:15+00:00,0.1422351776017184,61.21875,1080.8200000000002
2026-03-07 04:24:30+00:00,0.10605479280252,61.21875,1035.78
2026-03-07 04:24:45+00:00,0.102852545551713,61.59765625,1009.32
2026-03-07 04:25:00+00:00,0.130404793126818,59.875,962.6792535850718
2026-03-07 04:25:15+00:00,0.1261894768672448,59.9921875,940.8211835763284
2026-03-07 04:25:30+00:00,0.122386204060995,57.9609375,894.1578831576634
2026-03-07 04:25:45+00:00,0.1168900951380544,58.171875,875.1400000000001
2026-03-07 04:26:00+00:00,0.1107398602590307,57.0,830.6166123322469
2026-03-07 04:26:15+00:00,0.1093460003020998,56.83203125,808.9161783235666
2026-03-07 04:26:30+00:00,0.1055345187111687,54.53515625,762.26
2026-03-07 04:26:45+00:00,0.1006403224171201,55.8515625,738.4852302953941
2026-03-07 04:27:00+00:00,0.0960884797588363,53.609375,688.9862202755945
2026-03-07 04:27:15+00:00,0.0906399266377014,54.01171875,666.7933358667174
2026-03-07 04:27:30+00:00,0.0863576862721674,51.9765625,617.532350647013
2026-03-07 04:27:45+00:00,0.0814168936771552,53.23046875,594.4518890377808
2026-03-07 04:28:00+00:00,0.0596341856735565,53.23046875,548.1090378192437
2026-03-07 04:28:15+00:00,0.0745258128842885,51.7578125,528.0494390112198
2026-03-07 04:28:30+00:00,0.0689966363071784,50.05078125,481.87036259274817
2026-03-07 04:28:45+00:00,0.0631183300650118,49.046875,457.3200000000001
2026-03-07 04:29:00+00:00,0.0568151834556457,49.39453125,407.2081441628833
2026-03-07 04:29:15+00:00,0.0552595183055861,47.29296875,385.8
2026-03-07 04:29:30+00:00,0.0505962198900198,47.9921875,339.8067961359227
2026-03-07 04:29:45+00:00,0.0456412191774771,45.06640625,318.38
2026-03-07 04:30:00+00:00,0.0410289212441982,46.3203125,269.88539770795416
2026-03-07 04:30:15+00:00,0.0374323579888413,45.1171875,248.36
2026-03-07 04:30:30+00:00,0.0319560319675163,44.38671875,199.41601167976643
2026-03-07 04:30:45+00:00,0.024138354854293,43.73046875,178.04000000000002
2026-03-07 04:31:00+00:00,0.0246788226355994,43.26953125,133.44
2026-03-07 04:31:15+00:00,0.0193118699678431,42.6015625,109.86219724394488
2026-03-07 04:31:30+00:00,0.0117899515904014,41.69140625,65.20130402608052
2026-03-07 04:31:45+00:00,0.0106625217061567,40.96875,50.2
2026-03-07 04:32:00+00:00,0.0080309506577532,42.23046875,36.11927761444771
2026-03-07 04:32:15+00:00,0.0078273413336651,41.4609375,35.1
2026-03-07 04:32:30+00:00,0.0080149302244873,40.2734375,35.14
2026-03-07 04:32:45+00:00,0.0080084030065083,40.62890625,35.179296414071715
2026-03-07 04:33:00+00:00,0.0077864762425805,40.42578125,34.96
2026-03-07 04:33:15+00:00,0.0074851260452671,40.08984375,34.44
2026-03-07 04:33:30+00:00,0.0059190927568978,40.08984375,35.20070401408029
2026-03-07 04:33:45+00:00,0.0076082757789803,39.6640625,35.22
2026-03-07 04:34:00+00:00,0.0077638829625041,39.6640625,35.40070801416029
2026-03-07 04:34:15+00:00,0.0075412206030978,40.328125,34.6
2026-03-07 04:34:30+00:00,0.0076357684355681,40.05078125,35.060701214024284
2026-03-07 04:34:45+00:00,0.0062700724645172,40.3203125,35.23929521409572
2026-03-07 04:35:00+00:00,0.0063559860792216,40.3203125,34.8
2026-03-07 04:35:15+00:00,0.0073997678882364,40.76953125,33.88
2026-03-07 04:35:30+00:00,0.0073450870170137,39.38671875,34.68
2026-03-07 04:35:45+00:00,0.007674985350385,40.7734375,34.44
2026-03-07 04:36:00+00:00,0.0076603455167075,39.81640625,36.5
2026-03-07 04:36:15+00:00,0.0078382795312551,39.84765625,36.48
2026-03-07 04:36:30+00:00,0.0083044089422341,40.07421875,38.80077601552031
2026-03-07 04:36:45+00:00,0.008149626304769,40.08984375,38.95922081558369
2026-03-07 04:37:00+00:00,0.0080453163397168,40.40625,37.34
2026-03-07 04:37:15+00:00,0.0074511313174097,40.0234375,35.52071041420829
2026-03-07 04:37:30+00:00,0.0075364701130898,40.16015625,34.06
2026-03-07 04:37:45+00:00,0.0074965319133959,40.421875,34.04068081361628
2026-03-07 04:38:00+00:00,0.0074506034310828,40.375,34.68
2026-03-07 04:38:15+00:00,0.0074170581857453,39.390625,34.45931081378372
2026-03-07 04:38:30+00:00,0.0075083227204657,39.7734375,34.65930681386372
2026-03-07 04:38:45+00:00,0.0075359501792827,39.95703125,35.24070481409629
2026-03-07 04:39:00+00:00,0.007531962930311,40.7890625,34.7
2026-03-07 04:39:15+00:00,0.0074450091217223,40.46484375,34.88069761395228
2026-03-07 04:39:30+00:00,0.0077174732092348,39.9765625,35.679286414271715
2026-03-07 04:39:45+00:00,0.0075961543015521,39.51953125,35.460709214184284
2026-03-07 04:40:00+00:00,0.0077584668327808,40.14453125,34.619307613847724
2026-03-07 04:40:15+00:00,0.0074268225076269,40.32421875,33.94
2026-03-07 04:40:30+00:00,0.0074384502830944,39.38671875,34.76
2026-03-07 04:40:45+00:00,0.007451916887204,39.515625,34.46
2026-03-07 04:41:00+00:00,0.004582849999997,39.515625,35.22070441408828
2026-03-07 04:41:15+00:00,0.0075948315643834,39.78125,35.38
2026-03-07 04:41:30+00:00,0.0060085372777628,39.78125,35.14
2026-03-07 04:41:45+00:00,0.0077083907668741,40.1796875,35.499290014199715
2026-03-07 04:42:00+00:00,0.0063891122685187,40.1796875,35.88
2026-03-07 04:42:15+00:00,0.0075286913371741,38.91015625,35.0
2026-03-07 04:42:30+00:00,0.0072912284723724,40.09375,33.72067441348827
2026-03-07 04:42:45+00:00,0.0071501127292641,39.62890625,33.28
2026-03-07 04:43:00+00:00,0.0072334289449491,39.70703125,34.42
2026-03-07 04:43:15+00:00,0.0074506854460008,39.3984375,35.23929521409572
2026-03-07 04:43:30+00:00,0.0061559750359726,39.3984375,36.7607352147043
2026-03-07 04:43:45+00:00,0.007755801484158,39.4609375,36.72
2026-03-07 04:44:00+00:00,0.006171789381204,39.4609375,35.84071681433629
2026-03-07 04:44:15+00:00,0.0074519629678046,39.89453125,35.5
2026-03-07 04:44:30+00:00,0.0058195655503026,39.89453125,33.24
2026-03-07 04:44:45+00:00,0.0072621008382603,40.1484375,32.92
2026-03-07 04:45:00+00:00,0.0054530576419632,40.1484375,34.82
2026-03-07 04:45:15+00:00,0.006202677151784,40.03125,35.86071721434429
2026-03-07 04:45:30+00:00,0.0077365004982495,40.19921875,36.56
2026-03-07 04:45:45+00:00,0.0075253075884506,39.86328125,35.94071881437629
2026-03-07 04:46:00+00:00,0.0056470014281205,39.86328125,35.28
2026-03-07 04:46:15+00:00,0.0075320280354179,40.83984375,35.44070881417628
2026-03-07 04:46:30+00:00,0.0075471103693019,40.03515625,36.02
2026-03-07 04:46:45+00:00,0.007813680008643,39.53125,36.6192676146477
2026-03-07 04:47:00+00:00,0.0078368536585513,40.63671875,37.1392572148557
2026-03-07 04:47:15+00:00,0.0077618061571595,40.19140625,36.939261214775705
2026-03-07 04:47:30+00:00,0.006097709941359,40.19140625,36.2007240144803
2026-03-07 04:47:45+00:00,0.0076395962321357,39.95703125,36.0
2026-03-07 04:48:00+00:00,0.0053498312031973,39.95703125,35.04070081401628
2026-03-07 04:48:15+00:00,0.0075362259236331,39.6328125,35.2
2026-03-07 04:48:30+00:00,0.0058590946228173,39.6328125,34.98
2026-03-07 04:48:45+00:00,0.0075195143299702,40.23828125,35.359292814143714
2026-03-07 04:49:00+00:00,0.0076502859514845,39.7578125,35.75928481430371
2026-03-07 04:49:15+00:00,0.0076271761992966,40.16796875,35.54071081421628
2026-03-07 04:49:30+00:00,0.0075446059024458,39.73046875,35.44
2026-03-07 04:49:45+00:00,0.007431625021244,39.54296875,34.980000000000004
2026-03-07 04:50:00+00:00,0.0076033871866208,40.50390625,35.859282814343715
2026-03-07 04:50:15+00:00,0.0075961006315946,39.6484375,35.64
2026-03-07 04:50:30+00:00,0.0061291652744244,39.6484375,35.480000000000004
2026-03-07 04:50:45+00:00,0.0076418172323739,40.296875,36.05927881442371
2026-03-07 04:51:00+00:00,0.0061962647424659,40.296875,36.4407288145763
2026-03-07 04:51:15+00:00,0.0075168592313142,39.6640625,36.62
2026-03-07 04:51:30+00:00,0.0076474496468778,40.16015625,35.64
2026-03-07 04:51:45+00:00,0.0074507688429541,40.35546875,35.1
2026-03-07 04:52:00+00:00,0.0071661646439637,40.09765625,34.04
2026-03-07 04:52:15+00:00,0.0070929812877376,40.30859375,32.89934201315974
2026-03-07 04:52:30+00:00,0.007326688493421,40.33984375,35.12
2026-03-07 04:52:45+00:00,0.0075435776819385,40.125,34.86069721394428
2026-03-07 04:53:00+00:00,0.0057623702476551,40.125,36.8207364147283
2026-03-07 04:53:15+00:00,0.0064028292082857,40.11328125,35.94071881437629
2026-03-07 04:53:30+00:00,0.0075897416336219,40.1171875,36.09927801443971
2026-03-07 04:53:45+00:00,0.0074298394465462,40.28515625,35.09929801403972
2026-03-07 04:54:00+00:00,0.0071004864569102,40.27734375,33.96
2026-03-07 04:54:15+00:00,0.0073136939733209,40.78125,33.820676413528275
2026-03-07 04:54:30+00:00,0.0073577080644343,40.78125,34.82069641392828
2026-03-07 04:54:45+00:00,0.007554619986717,39.99609375,34.53930921381573
2026-03-07 04:55:00+00:00,0.006234016561189,39.99609375,33.93932121357573
2026-03-07 04:55:15+00:00,0.0074811255530916,39.2890625,34.82069641392828
2026-03-07 04:55:30+00:00,0.0075072478963995,40.51171875,35.3
2026-03-07 04:55:45+00:00,0.0064202686650011,40.5546875,36.28
2026-03-07 04:56:00+00:00,0.0076320728000591,40.390625,35.760000000000005
2026-03-07 04:56:15+00:00,0.0077585448813631,41.17578125,36.52
2026-03-07 04:56:30+00:00,0.007903431967794,41.28125,36.7807356147123
2026-03-07 04:56:45+00:00,0.0077505416993089,40.5859375,36.6207324146483
2026-03-07 04:57:00+00:00,0.0054675381967147,40.5859375,36.0607212144243
2026-03-07 04:57:15+00:00,0.007498761338142,40.0703125,35.11929761404772
2026-03-07 04:57:30+00:00,0.0076560279841726,40.0703125,35.73928521429571
2026-03-07 04:57:45+00:00,0.0073708005183875,39.85546875,35.7807156143123
2026-03-07 04:58:00+00:00,0.0074343737441318,39.83203125,35.30070601412029
2026-03-07 04:58:15+00:00,0.0074233238052372,40.7734375,35.02070041400829
2026-03-07 04:58:30+00:00,0.0074797904001356,40.58203125,34.33931321373572
2026-03-07 04:58:45+00:00,0.0074585426510808,40.96875,34.480000000000004
2026-03-07 04:59:00+00:00,0.0073659217876909,38.66015625,33.25933481330373
2026-03-07 04:59:15+00:00,0.0072595235799006,38.34375,33.72
2026-03-07 04:59:30+00:00,0.0055616751224337,38.34375,34.46
2026-03-07 04:59:45+00:00,0.0074963468703961,38.47265625,35.82
2026-03-07 05:00:00+00:00,0.0077108034769847,37.7578125,35.62
2026-03-07 05:00:15+00:00,0.0075855366680701,37.54296875,35.180703614072286
2026-03-07 05:00:30+00:00,0.007652429976937,37.9921875,35.260000000000005
2026-03-07 05:00:45+00:00,0.0076958694754105,38.46484375,35.9807196143923
2026-03-07 05:01:00+00:00,0.006052496105745,38.46484375,35.760000000000005
2026-03-07 05:01:15+00:00,0.0076564958235345,38.578125,35.71928561428771
2026-03-07 05:01:30+00:00,0.0079327845365611,38.01171875,35.94
2026-03-07 05:01:45+00:00,0.0076709174395414,38.70703125,35.3
2026-03-07 05:02:00+00:00,0.0056879565127694,38.70703125,34.92
2026-03-07 05:02:15+00:00,0.0073356874107256,40.48046875,34.45931081378372
2026-03-07 05:02:30+00:00,0.0073483550338463,40.0,34.28
2026-03-07 05:02:45+00:00,0.0072112242936932,39.1640625,33.660000000000004
2026-03-07 05:03:00+00:00,0.0071238503416962,39.625,33.18
2026-03-07 05:03:15+00:00,0.0072617031286653,40.1328125,34.1
2026-03-07 05:03:30+00:00,0.0072620240060303,40.1328125,34.399312013759726
2026-03-07 05:03:45+00:00,0.007164190460944,39.94921875,34.279314413711724
2026-03-07 05:04:00+00:00,0.007133075151078,39.94921875,33.95932081358373
2026-03-07 05:04:15+00:00,0.0074100721517535,39.55078125,34.46
2026-03-07 05:04:30+00:00,0.0076223453926611,40.0703125,34.18068361367227
2026-03-07 05:04:45+00:00,0.0073094964290071,39.33203125,34.82
2026-03-07 05:05:00+00:00,0.0072853190240659,40.0,32.92
2026-03-07 05:05:15+00:00,0.0071486428875913,40.10546875,32.54
2026-03-07 05:05:30+00:00,0.0058369087707532,40.10546875,34.2
2026-03-07 05:05:45+00:00,0.0075924021828508,40.58984375,35.84071681433629
2026-03-07 05:06:00+00:00,0.0077283516900849,39.85546875,37.04
2026-03-07 05:06:15+00:00,0.0079878178735727,40.0546875,38.14
2026-03-07 05:06:30+00:00,0.007675501220257,39.83203125,36.19927601447971
2026-03-07 05:06:45+00:00,0.0077605477424204,39.625,36.34
2026-03-07 05:07:00+00:00,0.0075224330977608,40.28515625,35.6
2026-03-07 05:07:15+00:00,0.0061351856048304,39.8515625,35.75928481430371
2026-03-07 05:07:30+00:00,0.0076411336140597,40.34375,36.5807316146323
2026-03-07 05:07:45+00:00,0.0076929037234343,40.21875,36.29927401451971
2026-03-07 05:08:00+00:00,0.0052337500000021,40.21875,35.360707214144284
2026-03-07 05:08:15+00:00,0.0077017574252667,40.296875,36.66
2026-03-07 05:08:30+00:00,0.0076489356411086,40.55859375,35.060701214024284
2026-03-07 05:08:45+00:00,0.0074483397826468,40.359375,35.31929361412772
2026-03-07 05:09:00+00:00,0.0055315915554323,40.359375,35.40070801416029
2026-03-07 05:09:15+00:00,0.0077688631180431,40.890625,35.74
2026-03-07 05:09:30+00:00,0.0056416427349149,40.890625,37.0007400148003
2026-03-07 05:09:45+00:00,0.0077792535675025,40.609375,36.47927041459171
2026-03-07 05:10:00+00:00,0.0074897077074571,39.3671875,35.679286414271715
2026-03-07 05:10:15+00:00,0.0073251312974169,39.890625,34.260000000000005
2026-03-07 05:10:30+00:00,0.0050303457423802,39.890625,33.56
2026-03-07 05:10:45+00:00,0.0073147306801897,39.4375,35.2
2026-03-07 05:11:00+00:00,0.0055766551255701,39.4375,35.24
2026-03-07 05:11:15+00:00,0.0058898309111485,39.8671875,34.52
2026-03-07 05:11:30+00:00,0.007385741800997,40.328125,32.900000000000006
2026-03-07 05:11:45+00:00,0.0072860665478194,41.078125,32.85934281314373
2026-03-07 05:12:00+00:00,0.0069737043826145,40.0859375,33.1
2026-03-07 05:12:15+00:00,0.0072266609622678,39.8984375,33.42
2026-03-07 05:12:30+00:00,0.0063762444696403,40.7421875,34.3
2026-03-07 05:12:45+00:00,0.007429223003786,40.69140625,34.87930241395172
2026-03-07 05:13:00+00:00,0.0074334768090535,39.6875,35.14070281405629
2026-03-07 05:13:15+00:00,0.0072870907797654,40.07421875,34.960699213984284
2026-03-07 05:13:30+00:00,0.007392894604825,41.16015625,35.260705214104284
2026-03-07 05:13:45+00:00,0.0074966344172502,37.78515625,34.74069481389628
2026-03-07 05:14:00+00:00,0.0062817087812578,37.78515625,35.11929761404772
2026-03-07 05:14:15+00:00,0.0067416062021081,38.5546875,35.64
2026-03-07 05:14:30+00:00,0.0077819685580684,38.83984375,36.17927641447171
2026-03-07 05:14:45+00:00,0.0079330276105815,38.9375,35.96
2026-03-07 05:15:00+00:00,0.0075811492812514,39.03125,35.94071881437629
2026-03-07 05:15:15+00:00,0.0076489442450989,38.7109375,35.77928441431171
2026-03-07 05:15:30+00:00,0.0063765414562395,38.7109375,35.34
2026-03-07 05:15:45+00:00,0.0063248384516334,38.265625,35.22
2026-03-07 05:16:00+00:00,0.0075519875750207,38.921875,34.44068881377628
2026-03-07 05:16:15+00:00,0.0075370057998611,40.23828125,34.72
2026-03-07 05:16:30+00:00,0.0057133456068678,40.23828125,35.2
2026-03-07 05:16:45+00:00,0.0075755985638663,39.921875,35.09929801403972
2026-03-07 05:17:00+00:00,0.0076307970334061,40.296875,35.400000000000006
2026-03-07 05:17:15+00:00,0.0076134005536589,39.55078125,34.399312013759726
2026-03-07 05:17:30+00:00,0.0076541562722823,40.2890625,34.660000000000004
2026-03-07 05:17:45+00:00,0.007469565217395,40.296875,34.52
2026-03-07 05:18:00+00:00,0.0074834795823342,41.04296875,33.96
2026-03-07 05:18:15+00:00,0.0074276444633157,40.234375,34.260000000000005
2026-03-07 05:18:30+00:00,0.0076604680674575,39.30859375,35.16
2026-03-07 05:18:45+00:00,0.0076508238148264,39.8359375,35.78
2026-03-07 05:19:00+00:00,0.0075200041330986,40.0546875,34.91930161396772
2026-03-07 05:19:15+00:00,0.0073142616665074,40.1015625,35.120000000000005
2026-03-07 05:19:30+00:00,0.0072668358383812,39.578125,34.619307613847724
2026-03-07 05:19:45+00:00,0.0073589372669548,39.5703125,34.36
2026-03-07 05:20:00+00:00,0.0061490631995702,39.5703125,35.09929801403972
2026-03-07 05:20:15+00:00,0.007594448599683,39.8828125,35.43929121417571
2026-03-07 05:20:30+00:00,0.0078110877321325,39.12890625,37.32
2026-03-07 05:20:45+00:00,0.0079602025160943,39.6015625,37.06
2026-03-07 05:21:00+00:00,0.0076479966231797,39.5390625,35.96
2026-03-07 05:21:15+00:00,0.004920375000006,39.79296875,36.00072001440029
2026-03-07 05:21:30+00:00,0.0075640160992027,39.80078125,34.72
2026-03-07 05:21:45+00:00,0.0075121887713518,40.31640625,34.92069841396829
2026-03-07 05:22:00+00:00,0.0059642427391858,39.79296875,34.31931361372772
2026-03-07 05:22:15+00:00,0.0072570959418333,39.234375,34.34
2026-03-07 05:22:30+00:00,0.0053382000000055,40.40625,37.18
2026-03-07 05:22:45+00:00,0.0077872196931435,39.9375,37.22
2026-03-07 05:23:00+00:00,0.0078753940990973,39.9453125,36.120000000000005
2026-03-07 05:23:15+00:00,0.0059687363294253,39.94921875,35.820716414328295
2026-03-07 05:23:30+00:00,0.0065563472685446,39.484375,35.120000000000005
2026-03-07 05:23:45+00:00,0.0074159720236701,39.4609375,34.72
2026-03-07 05:24:00+00:00,0.0075371287637375,39.68359375,35.37929241415171
2026-03-07 05:24:15+00:00,0.0074978058591663,40.109375,35.83928321433571
2026-03-07 05:24:30+00:00,0.0077084152755465,39.7109375,36.18
2026-03-07 05:24:45+00:00,0.0075222198960991,39.859375,35.46070921418429
2026-03-07 05:25:00+00:00,0.0061879365032187,39.859375,34.300686013720274
2026-03-07 05:25:15+00:00,0.0072312547392846,40.0234375,33.67932641347173
2026-03-07 05:25:30+00:00,0.0072494570692939,40.27734375,34.42
2026-03-07 05:25:45+00:00,0.0076552278820472,40.859375,35.18
2026-03-07 05:26:00+00:00,0.0074880511182216,40.125,35.180703614072286
2026-03-07 05:26:15+00:00,0.0076659026026682,39.65234375,34.62069241384829
2026-03-07 05:26:30+00:00,0.0074298785406379,40.1796875,33.3
2026-03-07 05:26:45+00:00,0.0074470427027815,40.3515625,34.52
2026-03-07 05:27:00+00:00,0.0073030853422687,40.8125,33.21933561328773
2026-03-07 05:27:15+00:00,0.0071364219337139,41.17578125,32.980659613192266
2026-03-07 05:27:30+00:00,0.0071675896597542,40.78515625,33.120000000000005
2026-03-07 05:27:45+00:00,0.0072572341888728,40.25390625,33.38066761335227
2026-03-07 05:28:00+00:00,0.0073886646746051,40.8671875,35.18
2026-03-07 05:28:15+00:00,0.007644267958388,40.02734375,35.480000000000004
2026-03-07 05:28:30+00:00,0.0063029790229239,40.02734375,36.38
2026-03-07 05:28:45+00:00,0.0074612558516254,41.125,34.90069801396028
2026-03-07 05:29:00+00:00,0.0061745769266379,41.125,34.78
2026-03-07 05:29:15+00:00,0.004742874999988,40.1640625,34.30068601372028
2026-03-07 05:29:30+00:00,0.0074511351978193,41.1015625,35.9
2026-03-07 05:29:45+00:00,0.0068470938668445,40.11328125,37.08
2026-03-07 05:30:00+00:00,0.0064060081187378,39.421875,35.879282414351714
2026-03-07 05:30:15+00:00,0.0075013346718055,39.63671875,35.39929201415971
2026-03-07 05:30:30+00:00,0.0077261733559951,39.171875,35.62071241424829
2026-03-07 05:30:45+00:00,0.0066952108407821,39.9296875,36.580000000000005
2026-03-07 05:31:00+00:00,0.0044540249999954,39.9296875,35.78
2026-03-07 05:31:15+00:00,0.0074668300877548,39.68359375,35.48070961419229
2026-03-07 05:31:30+00:00,0.0073463656858949,39.68359375,34.89930201395972
2026-03-07 05:31:45+00:00,0.0062759989631515,40.5,34.34
2026-03-07 05:32:00+00:00,0.0074134474838301,40.94140625,34.63930721385572
2026-03-07 05:32:15+00:00,0.0074639209965201,40.01171875,34.78
2026-03-07 05:32:30+00:00,0.007336986710457,41.0,34.77930441391172
2026-03-07 05:32:45+00:00,0.0074174581064465,40.65234375,34.439311213775724
2026-03-07 05:33:00+00:00,0.0073646996165407,40.05859375,34.98069961399228
2026-03-07 05:33:15+00:00,0.0075756688790864,39.859375,35.61928761424772
2026-03-07 05:33:30+00:00,0.0076242611583441,40.41796875,36.3007260145203
2026-03-07 05:33:45+00:00,0.0077229882117734,41.13671875,36.25927481450371
2026-03-07 05:34:00+00:00,0.0076594415960032,39.59375,36.2
2026-03-07 05:34:15+00:00,0.007615623237447,40.96484375,36.1
2026-03-07 05:34:30+00:00,0.0074295900921478,40.28515625,35.00070001400029
2026-03-07 05:34:45+00:00,0.0076021505376358,40.02734375,34.5
2026-03-07 05:35:00+00:00,0.0073787143643854,39.515625,34.54069081381628
2026-03-07 05:35:15+00:00,0.0074088948458639,40.11328125,34.880697613952286
2026-03-07 05:35:30+00:00,0.0073341511184429,40.60546875,34.7
2026-03-07 05:35:45+00:00,0.0074366609666595,40.08203125,34.52
2026-03-07 05:36:00+00:00,0.0057610502192589,40.08203125,34.82
2026-03-07 05:36:15+00:00,0.0074068025817004,40.1171875,34.51930961380772
2026-03-07 05:36:30+00:00,0.0074442150677244,40.03125,35.46
2026-03-07 05:36:45+00:00,0.0064240842364287,40.37109375,34.78
2026-03-07 05:37:00+00:00,0.006551313939386,39.87109375,34.82069641392828
2026-03-07 05:37:15+00:00,0.0073760029683127,39.890625,34.76
2026-03-07 05:37:30+00:00,0.0075444216725929,39.41015625,36.18
2026-03-07 05:37:45+00:00,0.0076966989787363,40.8046875,36.36
2026-03-07 05:38:00+00:00,0.0079495434228268,40.8046875,37.1407428148563
2026-03-07 05:38:15+00:00,0.0078648591359332,39.5625,36.8
2026-03-07 05:38:30+00:00,0.0076693582660477,39.5625,35.0
2026-03-07 05:38:45+00:00,0.007441526831223,39.5390625,34.50069001380028
2026-03-07 05:39:00+00:00,0.0073034814137827,40.640625,33.96067921358428
2026-03-07 05:39:15+00:00,0.0064597982772334,37.11328125,34.579308413831725
2026-03-07 05:39:30+00:00,0.0062652806162839,37.11328125,34.82
2026-03-07 05:39:45+00:00,0.0076108157691759,37.5546875,35.5407108142163
2026-03-07 05:40:00+00:00,0.0074069622651701,37.72265625,34.72
2026-03-07 05:40:15+00:00,0.007486137975502,37.65234375,34.980699613992286
2026-03-07 05:40:30+00:00,0.0056252300198753,37.65234375,35.29929401411972
2026-03-07 05:40:45+00:00,0.0075292116244839,38.7265625,35.59928801423972
2026-03-07 05:41:00+00:00,0.0076042202341594,40.171875,36.21927561448771
2026-03-07 05:41:15+00:00,0.007679214693419,39.6328125,35.980000000000004
2026-03-07 05:41:30+00:00,0.0063276448947613,39.6328125,36.9
2026-03-07 05:41:45+00:00,0.0078020148148223,40.82421875,35.86
2026-03-07 05:42:00+00:00,0.0074377114564615,40.15234375,34.78
2026-03-07 05:42:15+00:00,0.0071241497375124,40.27734375,33.73932521349573
2026-03-07 05:42:30+00:00,0.005704346776486,40.2421875,33.02
2026-03-07 05:42:45+00:00,0.0072020180608031,39.8125,33.21933561328773
2026-03-07 05:43:00+00:00,0.0073273314646657,40.1015625,34.3
2026-03-07 05:43:15+00:00,0.0074536978322669,39.46484375,34.67930641387172
2026-03-07 05:43:30+00:00,0.0073372591963523,39.80859375,35.0
2026-03-07 05:43:45+00:00,0.0074051353013657,39.765625,35.22
2026-03-07 05:44:00+00:00,0.0075691530777931,39.8515625,35.7
2026-03-07 05:44:15+00:00,0.0077349055234044,39.91796875,36.8
2026-03-07 05:44:30+00:00,0.0059662234842544,39.91796875,36.08
2026-03-07 05:44:45+00:00,0.0062284927934838,40.265625,35.660000000000004
2026-03-07 05:45:00+00:00,0.007517221631355,40.0625,34.620692413848275
2026-03-07 05:45:15+00:00,0.0074127431502054,40.34765625,35.14
2026-03-07 05:45:30+00:00,0.0076897236180796,40.27734375,36.18
2026-03-07 05:45:45+00:00,0.007661974870529,39.73828125,35.980000000000004
2026-03-07 05:46:00+00:00,0.0077357538081842,40.0625,35.1
2026-03-07 05:46:15+00:00,0.0073779577866625,40.04296875,34.65930681386372
2026-03-07 05:46:30+00:00,0.0055414090155589,40.04296875,36.2
2026-03-07 05:46:45+00:00,0.007720642146398,40.0703125,36.440728814576296
2026-03-07 05:47:00+00:00,0.0079178300646279,40.0703125,36.08
2026-03-07 05:47:15+00:00,0.0077048910056698,40.58203125,35.48070961419229
2026-03-07 05:47:30+00:00,0.0075075054918141,40.05859375,35.07929841403172
2026-03-07 05:47:45+00:00,0.007548280272241,40.2734375,35.14070281405628
2026-03-07 05:48:00+00:00,0.0049441999999999,40.2734375,37.52
2026-03-07 05:48:15+00:00,0.007694212027806,40.015625,37.32
2026-03-07 05:48:30+00:00,0.0056992187565764,40.015625,37.839243215135696
2026-03-07 05:48:45+00:00,0.0062927752604163,39.8046875,37.5407508150163
2026-03-07 05:49:00+00:00,0.0078558188834945,40.03515625,35.92071841436829
2026-03-07 05:49:15+00:00,0.0076240899508132,39.98046875,35.45929081418372
2026-03-07 05:49:30+00:00,0.0073461538461735,39.79296875,34.65930681386372
2026-03-07 05:49:45+00:00,0.0074515844709679,40.31640625,35.14070281405628
2026-03-07 05:50:00+00:00,0.0075900009802841,39.79296875,36.4207284145683
2026-03-07 05:50:15+00:00,0.0076929610405561,40.19140625,36.9992600147997
2026-03-07 05:50:30+00:00,0.0076337834646353,41.19140625,36.55926881462371
2026-03-07 05:50:45+00:00,0.0065974296307543,39.8828125,35.560711214224284
2026-03-07 05:51:00+00:00,0.0062379646197133,40.05078125,34.54
2026-03-07 05:51:15+00:00,0.0056913808524674,40.28125,34.160000000000004
2026-03-07 05:51:30+00:00,0.0071738403772919,40.0625,35.45929081418372
2026-03-07 05:51:45+00:00,0.00762319848704,40.46484375,36.0
2026-03-07 05:52:00+00:00,0.0069169252899214,41.09375,37.28
2026-03-07 05:52:15+00:00,0.0065092701365052,39.55078125,36.86
2026-03-07 05:52:30+00:00,0.0078175804370579,39.796875,36.3607272145443
2026-03-07 05:52:45+00:00,0.0064234548370562,40.046875,35.10070201404028
2026-03-07 05:53:00+00:00,0.0075899180875428,39.3203125,36.0
2026-03-07 05:53:15+00:00,0.0075207527025322,40.609375,35.120000000000005
2026-03-07 05:53:30+00:00,0.0050529750000123,40.609375,35.499290014199715
2026-03-07 05:53:45+00:00,0.0073716597927424,40.56640625,34.16
2026-03-07 05:54:00+00:00,0.0071450972862103,40.56640625,34.4
2026-03-07 05:54:15+00:00,0.0071932462466473,40.94921875,33.800000000000004
2026-03-07 05:54:30+00:00,0.0055229114107409,40.94921875,35.02070041400828
2026-03-07 05:54:45+00:00,0.0058106619752842,39.33203125,34.78
2026-03-07 05:55:00+00:00,0.0076187639821108,39.8125,35.9
2026-03-07 05:55:15+00:00,0.0060614792720008,39.57421875,35.77928441431172
2026-03-07 05:55:30+00:00,0.0075902814482037,40.23046875,36.18
2026-03-07 05:55:45+00:00,0.0076490293763994,40.04296875,36.24
2026-03-07 05:56:00+00:00,0.0062120262451781,40.04296875,34.960699213984284
2026-03-07 05:56:15+00:00,0.0058924171921892,39.765625,34.1
2026-03-07 05:56:30+00:00,0.0073647331970685,40.015625,34.24
2026-03-07 05:56:45+00:00,0.0074987922097547,40.30859375,34.60069201384028
2026-03-07 05:57:00+00:00,0.0077786395332224,39.8203125,36.7807356147123
2026-03-07 05:57:15+00:00,0.0068106161463196,39.890625,37.260745214904304
2026-03-07 05:57:30+00:00,0.0077662905982872,37.93359375,36.13927721445571
2026-03-07 05:57:45+00:00,0.0076761732705397,37.8984375,36.4407288145763
2026-03-07 05:58:00+00:00,0.0076864548338118,37.921875,35.66
2026-03-07 05:58:15+00:00,0.0074859186127565,37.44140625,35.02
2026-03-07 05:58:30+00:00,0.0076604868115681,37.8671875,34.399312013759726
2026-03-07 05:58:45+00:00,0.0074337985199194,38.11328125,33.92
2026-03-07 05:59:00+00:00,0.0061160915929756,38.11328125,35.04070081401628
2026-03-07 05:59:15+00:00,0.0064794218623287,38.14453125,34.82069641392828
2026-03-07 05:59:30+00:00,0.0076594601197118,37.9921875,36.02
2026-03-07 05:59:45+00:00,0.0076108564844591,40.5625,36.4
2026-03-07 06:00:00+00:00,0.0076594693690407,40.5625,35.25929481410372
2026-03-07 06:00:15+00:00,0.0075263675412617,39.859375,34.82069641392828
2026-03-07 06:00:30+00:00,0.0074935039858799,39.86328125,35.58
2026-03-07 06:00:45+00:00,0.0077657342657337,39.85546875,37.02
2026-03-07 06:01:00+00:00,0.0053261999999904,39.85546875,37.659246815063696
2026-03-07 06:01:15+00:00,0.0078702561513643,39.84765625,36.98
2026-03-07 06:01:30+00:00,0.0075223748717492,40.05859375,35.44
2026-03-07 06:01:45+00:00,0.007265164351056,40.2734375,35.14
2026-03-07 06:02:00+00:00,0.0054422135293035,40.2734375,34.4
2026-03-07 06:02:15+00:00,0.0073524787549403,40.6015625,35.27929441411172
2026-03-07 06:02:30+00:00,0.0073929425307651,41.41015625,35.02
2026-03-07 06:02:45+00:00,0.0065564422312593,40.125,35.06
2026-03-07 06:03:00+00:00,0.0075875600947835,39.671875,35.08070161403228
2026-03-07 06:03:15+00:00,0.0075236136073372,39.9921875,35.519289614207715
2026-03-07 06:03:30+00:00,0.0058532733050295,39.9921875,35.86
2026-03-07 06:03:45+00:00,0.0077219634684645,40.140625,35.699286014279714
2026-03-07 06:04:00+00:00,0.0064046106349405,40.140625,35.8607172143443
2026-03-07 06:04:15+00:00,0.0075532012427981,40.015625,34.96
2026-03-07 06:04:30+00:00,0.0073940407496346,40.6015625,34.980699613992286
2026-03-07 06:04:45+00:00,0.0063798866239091,39.9921875,33.62
2026-03-07 06:05:00+00:00,0.0063255113850779,40.28515625,34.81930361392772
2026-03-07 06:05:15+00:00,0.0064096782867787,39.80078125,34.379999999999995
2026-03-07 06:05:30+00:00,0.0072272438719768,39.640625,34.5
2026-03-07 06:05:45+00:00,0.007276403815448,39.671875,34.6
2026-03-07 06:06:00+00:00,0.0072065082712011,39.9296875,35.38
2026-03-07 06:06:15+00:00,0.0075301861353561,39.73046875,35.75928481430371
2026-03-07 06:06:30+00:00,0.006314743763306,39.73046875,37.36
2026-03-07 06:06:45+00:00,0.0077855807645816,40.16015625,36.08
2026-03-07 06:07:00+00:00,0.0075955340053685,39.4140625,36.04
2026-03-07 06:07:15+00:00,0.0074885635198186,40.515625,35.59928801423972
2026-03-07 06:07:30+00:00,0.0059140215742818,40.515625,34.94
2026-03-07 06:07:45+00:00,0.0076464392030994,40.10546875,36.24
2026-03-07 06:08:00+00:00,0.0074962141320337,40.86328125,35.30070601412029
2026-03-07 06:08:15+00:00,0.0075631231345696,39.8828125,34.420688413768275
2026-03-07 06:08:30+00:00,0.0071603271711641,40.1015625,33.84067681353628
2026-03-07 06:08:45+00:00,0.0072014296771971,40.171875,33.90067801356028
2026-03-07 06:09:00+00:00,0.0072361840460074,40.37890625,33.68
2026-03-07 06:09:15+00:00,0.0073162182874229,40.1171875,34.06
2026-03-07 06:09:30+00:00,0.0079305268356072,41.1875,35.61928761424771
2026-03-07 06:09:45+00:00,0.0077985623897056,38.94140625,36.5407308146163
2026-03-07 06:10:00+00:00,0.0077727819788019,37.890625,36.940738814776296
2026-03-07 06:10:15+00:00,0.0078299389002097,37.0234375,36.52
2026-03-07 06:10:30+00:00,0.0077791706418825,37.30078125,35.6
2026-03-07 06:10:45+00:00,0.0078422914624172,37.52734375,35.22
2026-03-07 06:11:00+00:00,0.0074983266829578,37.75,34.08068161363228
2026-03-07 06:11:15+00:00,0.0075860791150256,39.47265625,34.68069361387228
2026-03-07 06:11:30+00:00,0.0063467750962879,39.47265625,34.980699613992286
2026-03-07 06:11:45+00:00,0.007473775266642,40.3046875,34.900000000000006
2026-03-07 06:12:00+00:00,0.0073614348221749,40.1640625,35.89928201435971
2026-03-07 06:12:15+00:00,0.0064210041962084,39.921875,36.04
2026-03-07 06:12:30+00:00,0.0065589374999982,39.66015625,36.28
2026-03-07 06:12:45+00:00,0.0075605284496551,39.66015625,35.74
2026-03-07 06:13:00+00:00,0.0072497434142961,40.96875,34.5
2026-03-07 06:13:15+00:00,0.00744434000268,39.69921875,35.160000000000004
2026-03-07 06:13:30+00:00,0.0076068815411743,41.17578125,36.1
2026-03-07 06:13:45+00:00,0.0074941210386524,39.98046875,35.38
2026-03-07 06:14:00+00:00,0.0056447431080889,39.98046875,35.7
2026-03-07 06:14:15+00:00,0.0075230067707531,40.56640625,35.14
2026-03-07 06:14:30+00:00,0.0077480770539873,39.7421875,36.340726814536296
2026-03-07 06:14:45+00:00,0.0075766311181585,39.55078125,35.52
2026-03-07 06:15:00+00:00,0.0058401701784018,39.55078125,35.88
2026-03-07 06:15:15+00:00,0.0076025225463432,40.30078125,35.82
2026-03-07 06:15:30+00:00,0.0056198302241472,40.30078125,35.13929721405572
2026-03-07 06:15:45+00:00,0.0073370047851102,40.01171875,34.22
2026-03-07 06:16:00+00:00,0.007394980562558,40.01171875,34.36068721374428
2026-03-07 06:16:15+00:00,0.006231058671191,40.73046875,34.14
2026-03-07 06:16:30+00:00,0.0072272784730015,40.5078125,33.7
2026-03-07 06:16:45+00:00,0.0071440538857695,39.96484375,33.78
2026-03-07 06:17:00+00:00,0.0072654960491679,39.609375,35.08
2026-03-07 06:17:15+00:00,0.0050965500000074,39.89453125,35.24
2026-03-07 06:17:30+00:00,0.0075452303000394,40.5859375,35.760715214304284
2026-03-07 06:17:45+00:00,0.0075860976733579,39.22265625,35.21929561408772
2026-03-07 06:18:00+00:00,0.0043814250000195,39.22265625,35.86
2026-03-07 06:18:15+00:00,0.0077010579666608,39.52734375,36.760735214704304
2026-03-07 06:18:30+00:00,0.0078775708600396,39.52734375,36.66
2026-03-07 06:18:45+00:00,0.0075851730475373,39.78515625,35.120000000000005
2026-03-07 06:19:00+00:00,0.0061012023292057,39.78515625,35.0
2026-03-07 06:19:15+00:00,0.007525668835871,39.890625,34.72
2026-03-07 06:19:30+00:00,0.0063011798023678,39.890625,35.22
2026-03-07 06:19:45+00:00,0.0075170084026576,40.40234375,35.440000000000005
2026-03-07 06:20:00+00:00,0.0064299387987439,40.40234375,35.359292814143714
2026-03-07 06:20:15+00:00,0.007500025720162,40.15234375,36.04072081441629
2026-03-07 06:20:30+00:00,0.0064719525492149,40.12890625,36.28
2026-03-07 06:20:45+00:00,0.0075345739112279,39.921875,36.2
2026-03-07 06:21:00+00:00,0.0065734142566067,39.9375,36.65926681466371
2026-03-07 06:21:15+00:00,0.0078203998111064,40.44921875,37.24
2026-03-07 06:21:30+00:00,0.0077144083702701,40.15625,36.13927721445571
2026-03-07 06:21:45+00:00,0.0075358801643732,40.1484375,35.32
2026-03-07 06:22:00+00:00,0.0073978549882698,40.15234375,34.93930121397572
2026-03-07 06:22:15+00:00,0.0075392802948321,40.1328125,35.38
2026-03-07 06:22:30+00:00,0.0060550275479689,40.1328125,35.86
2026-03-07 06:22:45+00:00,0.0079391912559385,40.140625,36.919261614767706
2026-03-07 06:23:00+00:00,0.0078847316591233,40.140625,35.34
2026-03-07 06:23:15+00:00,0.0075886619301297,40.14453125,33.96067921358427
2026-03-07 06:23:30+00:00,0.0049669175466259,39.1484375,18.82
2026-03-07 06:23:45+00:00,0.0011971505601401,39.15234375,12.02
2026-03-07 06:24:00+00:00,0.0010175053186617,39.1484375,0.1
2026-03-07 06:24:15+00:00,0.00014469742359,39.15234375,0.1
2026-03-07 06:24:30+00:00,0.0001449033771841,39.13671875,0.1000020000400008
2026-03-07 06:24:45+00:00,0.0001282468733855,39.13671875,0.1
2026-03-07 06:25:00+00:00,9.933926137788692e-05,39.13671875,0.0999980000399992
2026-03-07 06:25:15+00:00,0.0001039140081348,39.13671875,0.1
2026-03-07 06:25:30+00:00,0.0001766189655459,39.13671875,0.1000020000400008
2026-03-07 06:25:45+00:00,0.000175853518989,37.640625,0.1
2026-03-07 06:26:00+00:00,0.0002015179028722,37.88671875,0.0999980000399992
2026-03-07 06:26:15+00:00,0.0001492602435509,37.64453125,0.1
2026-03-07 06:26:30+00:00,0.000152316752647,37.890625,0.1
2026-03-07 06:26:45+00:00,0.0001138972276113,37.640625,0.1
2026-03-07 06:27:00+00:00,0.0001260641105068,37.640625,0.1
2026-03-07 06:27:15+00:00,0.0001115930514785,37.640625,0.1000020000400008
2026-03-07 06:27:30+00:00,8.927131799488495e-05,37.640625,0.1
2026-03-07 06:27:45+00:00,0.0001498289723044,30.953125,0.1
2026-03-07 06:28:00+00:00,0.0001392849207694,30.953125,0.0999980000399992
2026-03-07 06:28:15+00:00,0.0001480114676212,30.953125,0.1000020000400008
2026-03-07 06:28:30+00:00,0.0001220264435233,30.953125,0.1
2026-03-07 06:28:45+00:00,0.0001368652037654,31.44921875,0.1
2026-03-07 06:29:00+00:00,0.0001206405693957,30.953125,0.0999980000399992
2026-03-07 06:29:15+00:00,0.0001423745950107,30.953125,0.0999980000399992
2026-03-07 06:29:30+00:00,9.44862434728286e-05,30.953125,0.1
2026-03-07 06:29:45+00:00,0.0001672509225127,30.203125,0.1
2026-03-07 06:30:00+00:00,0.0001284583725366,30.203125,0.1000020000400008
2026-03-07 06:30:15+00:00,0.0001704883739635,30.765625,0.1
2026-03-07 06:30:30+00:00,0.0001370580263568,31.08203125,0.1
2026-03-07 06:30:45+00:00,0.0001270255037202,30.83203125,0.1
2026-03-07 06:31:00+00:00,0.0001422218125544,30.83203125,0.1
2026-03-07 06:31:15+00:00,0.0001016177851996,30.83203125,0.1000020000400008
2026-03-07 06:31:30+00:00,9.096085381138015e-05,30.83203125,0.1
2026-03-07 06:31:45+00:00,9.023523679096908e-05,30.83203125,0.1
2026-03-07 06:32:00+00:00,0.00019192223439,30.20703125,0.0999980000399992
2026-03-07 06:32:15+00:00,0.0001713857242005,30.45703125,0.1000020000400008
2026-03-07 06:32:30+00:00,9.731341054404828e-05,30.20703125,0.1000020000400008
2026-03-07 06:32:45+00:00,0.0001166877425572,30.2109375,0.1
2026-03-07 06:33:00+00:00,8.601622724811403e-05,30.2109375,0.0999980000399992
2026-03-07 06:33:15+00:00,8.726308663390489e-05,30.20703125,0.1
2026-03-07 06:33:30+00:00,9.32220234548758e-05,30.20703125,0.1000020000400008
2026-03-07 06:33:45+00:00,0.0001370484174099,30.20703125,0.0999980000399992
2026-03-07 06:34:00+00:00,0.0001182250000056,30.20703125,0.1
2026-03-07 06:34:15+00:00,0.000148332686689,30.20703125,0.1
2026-03-07 06:34:30+00:00,0.0001018356140895,30.20703125,0.1
2026-03-07 06:34:45+00:00,0.0001153801400836,30.21484375,0.1
2026-03-07 06:35:00+00:00,0.0001140296306565,30.21484375,0.1000020000400008
2026-03-07 06:35:15+00:00,0.0001267263904377,30.3359375,0.1
2026-03-07 06:35:30+00:00,0.0001131717051497,30.3359375,0.1000020000400008
2026-03-07 06:35:45+00:00,0.0001382132779925,30.33984375,0.1000020000400008
2026-03-07 06:36:00+00:00,0.0001584953856274,30.59375,0.1000020000400008
2026-03-07 06:36:15+00:00,0.0001508806912564,30.34375,0.1
2026-03-07 06:36:30+00:00,0.0001544599310128,30.34375,0.0999980000399992
2026-03-07 06:36:45+00:00,9.534745258245453e-05,30.34375,0.1
2026-03-07 06:37:00+00:00,0.0001142364667423,30.34375,0.1
2026-03-07 06:37:15+00:00,8.275079669178732e-05,30.34375,0.0999980000399992
2026-03-07 06:37:30+00:00,0.0001266510466276,30.34375,0.1
2026-03-07 06:37:45+00:00,0.0001033692788997,30.34375,0.1
2026-03-07 06:38:00+00:00,0.0001018664784557,30.34375,0.1
2026-03-07 06:38:15+00:00,8.94013556001369e-05,30.34375,0.1
2026-03-07 06:38:30+00:00,0.0001685792349819,30.34375,0.1
2026-03-07 06:38:45+00:00,0.0001539360873054,30.34375,0.0999980000399992
2026-03-07 06:39:00+00:00,0.0001142966925887,30.34375,0.1000020000400008
2026-03-07 06:39:15+00:00,0.0001226156459957,30.34375,0.0999980000399992
2026-03-07 06:39:30+00:00,0.0001238385132939,30.34375,0.1
2026-03-07 06:39:45+00:00,0.0001133969203768,30.34375,0.0999980000399992
2026-03-07 06:40:00+00:00,7.313882293583846e-05,30.34375,0.1
2026-03-07 06:40:15+00:00,0.0001501967599483,30.34765625,0.1000020000400008
2026-03-07 06:40:30+00:00,0.0001875017883249,30.34765625,0.1
2026-03-07 06:40:45+00:00,0.0001674609398451,30.34375,0.1
2026-03-07 06:41:00+00:00,0.0001125184716001,30.34375,0.1
2026-03-07 06:41:15+00:00,0.0001236635379386,30.34375,0.1000020000400008
2026-03-07 06:41:30+00:00,9.193165211713766e-05,30.34375,0.1000020000400008
2026-03-07 06:41:45+00:00,9.995535108669188e-05,30.34375,0.1000020000400008
2026-03-07 06:42:00+00:00,0.0001219891546396,30.83984375,0.0999980000399992
2026-03-07 06:42:15+00:00,0.0001232034865222,30.34375,0.1
2026-03-07 06:42:30+00:00,9.496877484016248e-05,30.34375,0.0999980000399992
2026-03-07 06:42:45+00:00,0.000141453010257,30.03125,0.0999980000399992
2026-03-07 06:43:00+00:00,0.0001706022044881,30.51953125,0.1
2026-03-07 06:43:15+00:00,0.00011406338963,30.03125,0.1
2026-03-07 06:43:30+00:00,0.0001206947555282,30.03125,0.1
2026-03-07 06:43:45+00:00,9.957780716150345e-05,30.03125,0.1000020000400008
2026-03-07 06:44:00+00:00,0.000147261246711,30.28125,0.1000020000400008
2026-03-07 06:44:15+00:00,0.0001262923821008,30.03125,0.1000020000400008
2026-03-07 06:44:30+00:00,0.0001021915763083,30.03125,0.1
2026-03-07 06:44:45+00:00,0.0001275893508993,30.03125,0.0999980000399992
2026-03-07 06:45:00+00:00,0.0001747626004508,30.03125,0.1
2026-03-07 06:45:15+00:00,0.0001165315345981,30.03125,0.0999980000399992
2026-03-07 06:45:30+00:00,6.372499999542925e-05,30.03125,0.1000020000400008
2026-03-07 06:45:45+00:00,0.0001359800620919,30.03125,0.1
2026-03-07 06:46:00+00:00,0.0001276350550724,30.03125,0.1
2026-03-07 06:46:15+00:00,0.0001024688509469,30.03125,0.0999980000399992
2026-03-07 06:46:30+00:00,0.000130500868566,30.03125,0.1
2026-03-07 06:46:45+00:00,0.0001528096726838,30.03125,0.0999980000399992
2026-03-07 06:47:00+00:00,0.0001586444339263,30.03125,0.1
2026-03-07 06:47:15+00:00,0.0001089498563771,30.03125,0.1
2026-03-07 06:47:30+00:00,8.184478296722075e-05,30.03125,0.1000020000400008
2026-03-07 06:47:45+00:00,0.0001106448087471,30.03125,0.0999980000399992
2026-03-07 06:48:00+00:00,9.302453437078926e-05,30.03125,0.1000020000400008
2026-03-07 06:48:15+00:00,0.0001090232515092,30.03125,0.1
2026-03-07 06:48:30+00:00,0.0001426159735726,30.53125,0.1000020000400008
2026-03-07 06:48:45+00:00,0.0001824141723583,30.03515625,0.1
2026-03-07 06:49:00+00:00,0.0001925664268618,30.03515625,0.1000020000400008
2026-03-07 06:49:15+00:00,0.0001662165652874,30.03515625,0.1
2026-03-07 06:49:30+00:00,0.0001094066261923,30.03515625,0.1000020000400008
2026-03-07 06:49:45+00:00,0.0001180315025561,30.03515625,0.1000020000400008
2026-03-07 06:50:00+00:00,0.0001202398443428,30.03515625,0.1000020000400008
2026-03-07 06:50:15+00:00,0.000132966588167,30.03515625,0.1
2026-03-07 06:50:30+00:00,0.0001397735025125,30.03515625,0.0999980000399992
2026-03-07 06:50:45+00:00,0.0001249159064577,30.2890625,0.1
2026-03-07 06:51:00+00:00,0.0001444948349642,30.03515625,0.1000020000400008
2026-03-07 06:51:15+00:00,0.0001508685744616,30.03515625,0.1
2026-03-07 06:51:30+00:00,0.0001087773926418,30.03515625,0.0999980000399992
2026-03-07 06:51:45+00:00,8.110225647585943e-05,30.03515625,0.1000020000400008
2026-03-07 06:52:00+00:00,0.0001135692288511,30.03515625,0.0999980000399992
2026-03-07 06:52:15+00:00,0.0001169772443839,30.03515625,0.0999980000399992
2026-03-07 06:52:30+00:00,9.804357951293034e-05,30.03515625,0.0999980000399992
2026-03-07 06:52:45+00:00,0.0001092382072206,30.03515625,0.0999980000399992
2026-03-07 06:53:00+00:00,8.140276901856609e-05,30.03515625,0.1
2026-03-07 06:53:15+00:00,0.0001795709057439,30.48046875,0.0999980000399992
2026-03-07 06:53:30+00:00,0.0001889459023766,30.48046875,0.1000020000400008
2026-03-07 06:53:45+00:00,0.0001317379387538,30.48046875,0.1
2026-03-07 06:54:00+00:00,9.68847018386837e-05,30.48046875,0.1
2026-03-07 06:54:15+00:00,5.572499999288994e-05,30.48046875,0.1000020000400008
2026-03-07 06:54:30+00:00,0.0001097625329731,30.48046875,0.1000020000400008
2026-03-07 06:54:45+00:00,0.0001394390105956,30.48046875,0.1
2026-03-07 06:55:00+00:00,0.0001483701949811,30.48046875,0.0999980000399992
2026-03-07 06:55:15+00:00,0.0002120789954269,31.109375,0.1000020000400008
2026-03-07 06:55:30+00:00,0.0002076998917857,31.109375,0.1
2026-03-07 06:55:45+00:00,0.0001667663264134,31.109375,0.1
2026-03-07 06:56:00+00:00,0.0001361474435351,31.109375,0.1
2026-03-07 06:56:15+00:00,0.0001302840287266,31.109375,0.0999980000399992
2026-03-07 06:56:30+00:00,0.000131176300765,31.109375,0.1000020000400008
2026-03-07 06:56:45+00:00,0.0001253191356928,31.109375,0.1000020000400008
2026-03-07 06:57:00+00:00,0.0001376251226699,31.109375,0.1
2026-03-07 06:57:15+00:00,0.0001902896702475,31.109375,0.1
2026-03-07 06:57:30+00:00,0.0002036667271606,31.109375,0.0999980000399992
2026-03-07 06:57:45+00:00,0.0001991264236328,31.125,0.1
2026-03-07 06:58:00+00:00,0.0001594314730941,31.1328125,0.1
2026-03-07 06:58:15+00:00,0.0001772926464229,31.1328125,0.1000020000400008
2026-03-07 06:58:30+00:00,0.0001218875339952,31.13671875,0.1
2026-03-07 06:58:45+00:00,0.0001379789557268,31.13671875,0.1
2026-03-07 06:59:00+00:00,0.0001354221098106,31.13671875,0.0999980000399992
2026-03-07 06:59:15+00:00,0.0001325071683775,31.13671875,0.1
2026-03-07 06:59:30+00:00,0.0001508670158413,31.13671875,0.1000020000400008
2026-03-07 06:59:45+00:00,0.0001914062499999,30.51171875,0.0999980000399992
