"id","ts","target_ts","input_cpu","input_ram","input_rps","predicted_cpu","actual_cpu","horizon_seconds","model_version"
1501,"2026-03-27 12:30:55.378467+00","2026-03-27 12:31:55.378467+00",0.05438148996509932,49.82421875,1.24,0.0578435336982779,0.05473052343272814,60,"v20260326-204532-4583"
1502,"2026-03-27 12:31:00.335944+00","2026-03-27 12:32:00.335944+00",0.05438148996509932,49.82421875,1.2000480019200768,0.05521953174399378,0.05473052343272814,60,"v20260326-204532-4583"
1503,"2026-03-27 12:31:05.317834+00","2026-03-27 12:32:05.317834+00",0.03513831333693984,49.32421875,1.24,0.049668108913062836,0.05473052343272814,60,"v20260326-204532-4583"
1504,"2026-03-27 12:31:10.337043+00","2026-03-27 12:32:10.337043+00",0.053548176374489234,49.32421875,1.2400496019840794,0.05207760413700714,1.3585224036577568,60,"v20260326-204532-4583"
1505,"2026-03-27 12:31:15.364414+00","2026-03-27 12:32:15.364414+00",0.03990053115584442,49.32421875,1.28,0.04891694098865213,1.3585224036577568,60,"v20260326-204532-4583"
1506,"2026-03-27 12:31:20.341883+00","2026-03-27 12:32:20.341883+00",0.030966910397367122,49.32421875,1.2000480019200768,0.04186395886684335,1.3585224036577568,60,"v20260326-204532-4583"
1507,"2026-03-27 12:31:25.348792+00","2026-03-27 12:32:25.348792+00",0.05305385064556703,49.56640625,1.2,0.052234639788748476,1.4978254250919143,60,"v20260326-204532-4583"
1508,"2026-03-27 12:31:30.32334+00","2026-03-27 12:32:30.32334+00",0.05305385064556703,49.56640625,1.2000000000000002,0.053350191972500974,1.4978254250919143,60,"v20260326-204532-4583"
1509,"2026-03-27 12:31:35.346451+00","2026-03-27 12:32:35.346451+00",0.05976958324243489,50.3203125,1.2799488020479182,0.06115175086486605,1.041514864329203,60,"v20260326-204532-4583"
1510,"2026-03-27 12:31:40.339053+00","2026-03-27 12:32:40.339053+00",0.05976958324243489,50.3203125,1.24,0.058037114154573154,0.19804543754227555,60,"v20260326-204532-4583"
1511,"2026-03-27 12:31:45.331131+00","2026-03-27 12:32:45.331131+00",0.05976958324243489,50.3203125,1.28,0.06200894901396869,0.273511940442779,60,"v20260326-204532-4583"
1512,"2026-03-27 12:31:55.375854+00","2026-03-27 12:32:55.375854+00",0.05473052343272814,49.578125,1.3199472021119156,0.06381892902237496,0.04866618367488753,60,"v20260326-204532-4583"
1513,"2026-03-27 12:32:00.331657+00","2026-03-27 12:33:00.331657+00",0.05473052343272814,49.578125,4.720188807552302,0.15081793439956825,0.04866618367488753,60,"v20260326-204532-4583"
1514,"2026-03-27 12:32:15.426519+00","2026-03-27 12:33:15.426519+00",1.3585224036577568,51.15625,20.2,2.6843781772808515,0.056892009817286246,60,"v20260326-204532-4583"
1515,"2026-03-27 12:32:20.329553+00","2026-03-27 12:33:20.329553+00",1.3585224036577568,51.15625,25.32101284051362,1.876708179220485,0.057411124376715604,60,"v20260326-204532-4583"
1516,"2026-03-27 12:32:25.335256+00","2026-03-27 12:33:25.335256+00",1.4978254250919143,50.453125,26.68,1.4679962546633485,0.057411124376715604,60,"v20260326-204532-4583"
1517,"2026-03-27 12:32:30.341389+00","2026-03-27 12:33:30.341389+00",1.4978254250919143,50.453125,25.48,1.1715636619640302,0.05888301282050817,60,"v20260326-204532-4583"
1518,"2026-03-27 12:32:35.33144+00","2026-03-27 12:33:35.33144+00",1.041514864329203,49.3671875,20.59917603295868,0.7874145824828802,0.05888301282050817,60,"v20260326-204532-4583"
1519,"2026-03-27 12:32:40.343659+00","2026-03-27 12:33:40.343659+00",0.19804543754227555,49.3671875,15.24,0.1777302531218386,0.05888301282050817,60,"v20260326-204532-4583"
1520,"2026-03-27 12:32:45.32465+00","2026-03-27 12:33:45.32465+00",0.273511940442779,49.3671875,10.08,0.15739425657518127,0.05888301282050817,60,"v20260326-204532-4583"
1521,"2026-03-27 12:32:50.334654+00","2026-03-27 12:33:50.334654+00",0.17276381718068134,49.3671875,5.2,0.09035207853145265,0.057277641678923186,60,"v20260326-204532-4583"
1522,"2026-03-27 12:32:55.311698+00","2026-03-27 12:33:55.311698+00",0.04866618367488753,49.85546875,1.3999440022399103,0.026716361097917276,0.057277641678923186,60,"v20260326-204532-4583"
1523,"2026-03-27 12:33:00.333277+00","2026-03-27 12:34:00.333277+00",0.04866618367488753,49.85546875,1.160046401856074,0.033067223553522686,0.057277641678923186,60,"v20260326-204532-4583"
1524,"2026-03-27 12:33:05.321103+00","2026-03-27 12:34:05.321103+00",0.04206024979876647,50.10546875,1.2,0.05648531830888834,0.05969322479328443,60,"v20260326-204532-4583"
1525,"2026-03-27 12:33:10.326004+00","2026-03-27 12:34:10.326004+00",0.0562453193350715,50.10546875,1.1999520019199232,0.061431649650851405,0.05969322479328443,60,"v20260326-204532-4583"
1526,"2026-03-27 12:33:15.313838+00","2026-03-27 12:34:15.313838+00",0.056892009817286246,49.359375,1.28,0.06421339533368972,0.05969322479328443,60,"v20260326-204532-4583"
1527,"2026-03-27 12:33:20.33373+00","2026-03-27 12:34:20.33373+00",0.057411124376715604,49.359375,1.2400496019840794,0.059599795648790845,0.05096809856808742,60,"v20260326-204532-4583"
1528,"2026-03-27 12:33:25.327296+00","2026-03-27 12:34:25.327296+00",0.057411124376715604,49.359375,1.28,0.06045909329772651,0.05096809856808742,60,"v20260326-204532-4583"
1529,"2026-03-27 12:33:35.394843+00","2026-03-27 12:34:35.394843+00",0.05888301282050817,50.109375,1.3200528021120843,0.06162493869795526,0.05096809856808742,60,"v20260326-204532-4583"
1530,"2026-03-27 12:33:40.359486+00","2026-03-27 12:34:40.359486+00",0.05888301282050817,50.109375,1.24,0.054774841042565484,1.3666103975848196,60,"v20260326-204532-4583"
1531,"2026-03-27 12:33:55.428324+00","2026-03-27 12:34:55.428324+00",0.057277641678923186,49.859375,1.32,0.06116586163795129,1.589929393072764,60,"v20260326-204532-4583"
1532,"2026-03-27 12:34:00.324519+00","2026-03-27 12:35:00.324519+00",0.057277641678923186,49.859375,1.28,0.058913875922283795,1.589929393072764,60,"v20260326-204532-4583"
1533,"2026-03-27 12:34:05.336288+00","2026-03-27 12:35:05.336288+00",0.05969322479328443,49.85546875,1.36,0.06485395910224945,1.589929393072764,60,"v20260326-204532-4583"
1534,"2026-03-27 12:34:10.342402+00","2026-03-27 12:35:10.342402+00",0.05969322479328443,49.85546875,1.28,0.0578345503581062,0.9288905950096009,60,"v20260326-204532-4583"
1535,"2026-03-27 12:34:15.334638+00","2026-03-27 12:35:15.334638+00",0.05969322479328443,49.85546875,1.36,0.06377840614345036,0.9288905950096009,60,"v20260326-204532-4583"
1536,"2026-03-27 12:34:25.368221+00","2026-03-27 12:35:25.368221+00",0.05096809856808742,49.84765625,1.24,0.05347585956622811,0.9288905950096009,60,"v20260326-204532-4583"
1537,"2026-03-27 12:34:30.335022+00","2026-03-27 12:35:30.335022+00",0.05096809856808742,49.84765625,4.720000000000001,0.13860710331888054,0.0604740506329083,60,"v20260326-204532-4583"
1538,"2026-03-27 12:34:45.423341+00","2026-03-27 12:35:45.423341+00",1.3666103975848196,51.203125,20.6,2.7117300094269035,0.0604740506329083,60,"v20260326-204532-4583"
1539,"2026-03-27 12:35:05.341945+00","2026-03-27 12:36:05.341945+00",1.589929393072764,50.9921875,27.841113644545782,2.370627838829924,0.06332943647182589,60,"v20260326-204532-4583"
1540,"2026-03-27 12:35:15.37509+00","2026-03-27 12:36:15.37509+00",0.9288905950096009,49.64453125,21.36,0.9301872712719275,0.06332943647182589,60,"v20260326-204532-4583"
1541,"2026-03-27 12:35:20.316878+00","2026-03-27 12:36:20.316878+00",0.9288905950096009,49.64453125,15.920636825473018,0.5102402267748951,0.05927834672227065,60,"v20260326-204532-4583"
1542,"2026-03-27 12:35:25.312299+00","2026-03-27 12:36:25.312299+00",0.9288905950096009,49.64453125,10.840433617344694,0.36997063879500125,0.05927834672227065,60,"v20260326-204532-4583"
1543,"2026-03-27 12:35:35.376318+00","2026-03-27 12:36:35.376318+00",0.0604740506329083,49.8828125,1.7200000000000002,0.01739113549288226,0.052301133469170764,60,"v20260326-204532-4583"
1544,"2026-03-27 12:35:40.321101+00","2026-03-27 12:36:40.321101+00",0.0604740506329083,49.8828125,1.24,0.023951712338078152,0.052301133469170764,60,"v20260326-204532-4583"
1545,"2026-03-27 12:35:55.383343+00","2026-03-27 12:36:55.383343+00",0.0517982560855318,49.625,1.28,0.04807134590745029,0.05781231919848674,60,"v20260326-204532-4583"
1546,"2026-03-27 12:36:05.351968+00","2026-03-27 12:37:05.351968+00",0.06332943647182589,49.6328125,1.36,0.06547931802695295,0.05781231919848674,60,"v20260326-204532-4583"
1547,"2026-03-27 12:36:10.342741+00","2026-03-27 12:37:10.342741+00",0.06332943647182589,49.6328125,1.32,0.06660546299749702,0.42263161212376177,60,"v20260326-204532-4583"
1548,"2026-03-27 12:36:15.313437+00","2026-03-27 12:37:15.313437+00",0.06332943647182589,49.6328125,1.36,0.06800823517617868,0.42263161212376177,60,"v20260326-204532-4583"
1549,"2026-03-27 12:36:25.383859+00","2026-03-27 12:37:25.383859+00",0.05927834672227065,49.38671875,1.3199472021119156,0.06252034330453278,1.3918225916052391,60,"v20260326-204532-4583"
1550,"2026-03-27 12:36:30.333771+00","2026-03-27 12:37:30.333771+00",0.05927834672227064,49.38671875,1.2000000000000002,0.053158163234331104,1.3918225916052391,60,"v20260326-204532-4583"
1551,"2026-03-27 12:36:35.317056+00","2026-03-27 12:37:35.317056+00",0.052301133469170764,49.62890625,1.2400496019840792,0.055434061025112176,1.3918225916052391,60,"v20260326-204532-4583"
1552,"2026-03-27 12:36:40.338014+00","2026-03-27 12:37:40.338014+00",0.052301133469170764,49.62890625,1.2000000000000002,0.05500833771135834,0.2889807402084321,60,"v20260326-204532-4583"
1553,"2026-03-27 12:36:45.336396+00","2026-03-27 12:37:45.336396+00",0.052301133469170764,49.62890625,1.28,0.0626532640245711,0.2889807402084321,60,"v20260326-204532-4583"
1554,"2026-03-27 12:36:55.350648+00","2026-03-27 12:37:55.350648+00",0.05781231919848674,49.3828125,1.3199472021119156,0.06519047104750865,0.2889807402084321,60,"v20260326-204532-4583"
1555,"2026-03-27 12:37:00.326646+00","2026-03-27 12:38:00.326646+00",0.05781231919848674,49.3828125,1.28,0.060603787463237205,0.054522267495870864,60,"v20260326-204532-4583"
1556,"2026-03-27 12:37:15.428038+00","2026-03-27 12:38:15.428038+00",0.42263161212376177,51.44921875,8.88,0.8508403681787784,0.055707293939136204,60,"v20260326-204532-4583"
1557,"2026-03-27 12:37:35.361191+00","2026-03-27 12:38:35.361191+00",1.3918225916052391,51.2421875,23.2,2.8886972758592715,0.0331229435136469,60,"v20260326-204532-4583"
1558,"2026-03-27 12:37:45.378718+00","2026-03-27 12:38:45.378718+00",0.2889807402084321,49.6484375,14.040000000000001,0.40431562506374596,0.05914612542389372,60,"v20260326-204532-4583"
1559,"2026-03-27 12:37:50.333138+00","2026-03-27 12:38:50.333138+00",0.2889807402084321,49.6484375,9.160366414656584,0.21168712989490704,0.05780252252251401,60,"v20260326-204532-4583"
1560,"2026-03-27 12:37:55.311567+00","2026-03-27 12:38:55.311567+00",0.2889807402084321,49.6484375,4.800000000000001,0.1381584369689437,0.05780252252251401,60,"v20260326-204532-4583"
1561,"2026-03-27 12:38:05.375007+00","2026-03-27 12:39:05.375007+00",0.054522267495870864,49.90234375,1.24,0.022074370508863333,0.035596720120114875,60,"v20260326-204532-4583"
1562,"2026-03-27 12:38:10.32099+00","2026-03-27 12:39:10.32099+00",0.054522267495870864,49.90234375,1.2000000000000002,0.0339915491701274,0.054415744790323725,60,"v20260326-204532-4583"
1563,"2026-03-27 12:38:15.315309+00","2026-03-27 12:39:15.315309+00",0.055707293939136204,49.65234375,1.2,0.0500049885130281,0.054415744790323725,60,"v20260326-204532-4583"
1564,"2026-03-27 12:38:20.331565+00","2026-03-27 12:39:20.331565+00",0.03850023929623602,49.65234375,1.1599536018559258,0.05064860770292013,0.06024842352251394,60,"v20260326-204532-4583"
1565,"2026-03-27 12:38:25.321618+00","2026-03-27 12:39:25.321618+00",0.05562985614608296,49.65234375,1.28,0.06503476517232502,0.06024842352251394,60,"v20260326-204532-4583"
1566,"2026-03-27 12:38:30.307175+00","2026-03-27 12:39:30.307175+00",0.042420546804195554,49.65234375,1.28,0.05679748579047443,0.06024842352251394,60,"v20260326-204532-4583"
1567,"2026-03-27 12:38:35.324317+00","2026-03-27 12:39:35.324317+00",0.0331229435136469,49.65234375,1.3199472021119156,0.05274408532725947,0.06024842352251394,60,"v20260326-204532-4583"
1568,"2026-03-27 12:38:45.353397+00","2026-03-27 12:39:45.353397+00",0.05914612542389372,50.1484375,1.360054402176087,0.05829239028084892,0.006189986376029398,60,"v20260326-204532-4583"
1569,"2026-03-27 12:38:55.380411+00","2026-03-27 12:39:55.380411+00",0.05780252252251401,49.65234375,1.28,0.046780756638580175,0.006189986376029398,60,"v20260326-204532-4583"
1570,"2026-03-27 12:39:00.328504+00","2026-03-27 12:40:00.328504+00",0.05780252252251401,49.65234375,1.2800512020480819,0.04520830158439177,0.002435922479832817,60,"v20260326-204532-4583"
1571,"2026-03-27 12:39:05.322611+00","2026-03-27 12:40:05.322611+00",0.035596720120114875,49.65234375,1.32,0.04607013034861275,0.002435922479832817,60,"v20260326-204532-4583"
1572,"2026-03-27 12:39:15.382196+00","2026-03-27 12:40:15.382196+00",0.054415744790323725,49.65234375,1.28,0.05176454471719602,0.0026061532815307062,60,"v20260326-204532-4583"
1573,"2026-03-27 12:39:25.388516+00","2026-03-27 12:40:25.388516+00",0.06024842352251394,49.90625,1.2799488020479182,0.053877679159469755,0.002606153281530706,60,"v20260326-204532-4583"
1574,"2026-03-27 12:39:30.328975+00","2026-03-27 12:40:30.328975+00",0.06024842352251394,49.90625,1.08,0.045742153096925295,0.002399283235694024,60,"v20260326-204532-4583"
1575,"2026-03-27 12:39:35.325275+00","2026-03-27 12:40:35.325275+00",0.06024842352251394,49.90625,0.96,0.04558720133218835,0.002399283235694024,60,"v20260326-204532-4583"
1576,"2026-03-27 12:39:45.366731+00","2026-03-27 12:40:45.366731+00",0.006189986376029398,49.3984375,0.56,0.0056824321067167494,0.002399283235694024,60,"v20260326-204532-4583"
1577,"2026-03-27 12:39:50.319719+00","2026-03-27 12:40:50.319719+00",0.006189986376029398,49.3984375,0.32,0.0041855151340416796,0.0024553928095884963,60,"v20260326-204532-4583"
1578,"2026-03-27 12:40:05.401451+00","2026-03-27 12:41:05.401451+00",0.002435922479832817,49.3984375,0.31998720051197954,0.0030768317564197557,0.0024979875594495684,60,"v20260326-204532-4583"
1579,"2026-03-27 12:40:15.365692+00","2026-03-27 12:41:15.365692+00",0.0026061532815307062,49.40234375,0.32,0.003426983909182806,0.0024979875594495684,60,"v20260326-204532-4583"
1580,"2026-03-27 12:40:20.328905+00","2026-03-27 12:41:20.328905+00",0.002606153281530706,49.40234375,0.28,0.0032778356320815783,0.0024353509370495952,60,"v20260326-204532-4583"
1581,"2026-03-27 12:40:25.318784+00","2026-03-27 12:41:25.318784+00",0.002606153281530706,49.40234375,0.32,0.004087037594128169,0.0024353509370495952,60,"v20260326-204532-4583"
1582,"2026-03-27 12:40:35.383019+00","2026-03-27 12:41:35.383019+00",0.002399283235694024,49.40234375,0.32,0.004068881999875828,0.08653690531109866,60,"v20260326-204532-4583"
1583,"2026-03-27 12:40:40.330767+00","2026-03-27 12:41:40.330767+00",0.002399283235694024,49.40234375,0.2800112004480179,0.0035745716628344964,0.1260460349735615,60,"v20260326-204532-4583"
1584,"2026-03-27 12:40:55.418504+00","2026-03-27 12:41:55.418504+00",0.0024553928095884963,49.3984375,0.32,0.003898508266191952,0.6395420271142843,60,"v20260326-204532-4583"
1585,"2026-03-27 12:41:05.339002+00","2026-03-27 12:42:05.339002+00",0.0024979875594495684,49.3984375,0.32,0.003398749948713499,1.3144762501741258,60,"v20260326-204532-4583"
1586,"2026-03-27 12:41:10.338116+00","2026-03-27 12:42:10.338116+00",0.0024979875594495684,49.3984375,0.28,0.002459718084679871,1.3144762501741258,60,"v20260326-204532-4583"
1587,"2026-03-27 12:41:15.308889+00","2026-03-27 12:42:15.308889+00",0.0024979875594495684,49.3984375,0.32,0.003433849073342663,1.3144762501741258,60,"v20260326-204532-4583"
1588,"2026-03-27 12:41:25.383596+00","2026-03-27 12:42:25.383596+00",0.0024353509370495952,49.890625,0.32,0.0027145639489236984,1.5384868298729122,60,"v20260326-204532-4583"
1589,"2026-03-27 12:41:30.339539+00","2026-03-27 12:42:30.339539+00",0.0024353509370495952,49.890625,0.6000000000000001,0.00540437667815885,1.1310955173225652,60,"v20260326-204532-4583"
1590,"2026-03-27 12:41:35.341848+00","2026-03-27 12:42:35.341848+00",0.08653690531109866,50.16796875,1.2,0.1502176227908197,1.2066452069888338,60,"v20260326-204532-4583"
1591,"2026-03-27 12:41:40.328273+00","2026-03-27 12:42:40.328273+00",0.1260460349735615,50.16796875,2.079916803327867,0.25574263226793914,1.2066452069888338,60,"v20260326-204532-4583"
1592,"2026-03-27 12:41:45.33534+00","2026-03-27 12:42:45.33534+00",0.1260460349735615,50.16796875,4.04,0.3162764660720731,0.7908352686604816,60,"v20260326-204532-4583"
1593,"2026-03-27 12:41:50.319115+00","2026-03-27 12:42:50.319115+00",0.07982705471600608,50.16796875,6.71973121075157,0.1874761039044486,0.46596222395427395,60,"v20260326-204532-4583"
1594,"2026-03-27 12:41:55.313263+00","2026-03-27 12:42:55.313263+00",0.6395420271142843,50.7265625,10.0,0.9756995455120161,0.46596222395427395,60,"v20260326-204532-4583"
1595,"2026-03-27 12:42:00.337536+00","2026-03-27 12:43:00.337536+00",0.6395420271142843,50.7265625,13.719999999999999,1.1387389979892883,0.13029644478062938,60,"v20260326-204532-4583"
1596,"2026-03-27 12:42:05.318475+00","2026-03-27 12:43:05.318475+00",1.3144762501741258,51.515625,17.840713628545142,1.2471555932694214,0.13029644478062938,60,"v20260326-204532-4583"
1597,"2026-03-27 12:42:10.348761+00","2026-03-27 12:43:10.348761+00",1.3144762501741258,51.515625,21.039158433662653,1.2758892651723677,0.13029644478062938,60,"v20260326-204532-4583"
1598,"2026-03-27 12:42:15.336784+00","2026-03-27 12:43:15.336784+00",1.3144762501741258,51.515625,23.800952038081522,1.4334817894103127,0.28618739359385675,60,"v20260326-204532-4583"
1599,"2026-03-27 12:42:25.36689+00","2026-03-27 12:43:25.36689+00",1.5384868298729122,51.03515625,26.0,1.6736402912224109,0.7064543565713302,60,"v20260326-204532-4583"
1600,"2026-03-27 12:42:30.331021+00","2026-03-27 12:43:30.331021+00",1.1310955173225652,51.03515625,25.078996840126397,1.435874945073464,0.7064543565713303,60,"v20260326-204532-4583"
1601,"2026-03-27 12:42:35.338758+00","2026-03-27 12:43:35.338758+00",1.2066452069888338,50.78125,23.040921636865473,1.2666674274509493,0.9897003023431536,60,"v20260326-204532-4583"
1602,"2026-03-27 12:42:40.335127+00","2026-03-27 12:43:40.335127+00",1.2066452069888338,50.78125,19.96,1.05321120782685,0.6164183383093944,60,"v20260326-204532-4583"
1603,"2026-03-27 12:42:45.33327+00","2026-03-27 12:43:45.33327+00",0.7908352686604816,50.78125,16.32,0.7864230614353719,1.480695655974121,60,"v20260326-204532-4583"
1604,"2026-03-27 12:42:55.37852+00","2026-03-27 12:43:55.37852+00",0.46596222395427395,49.46875,8.640345613824554,0.3237386751163344,1.5454185533791573,60,"v20260326-204532-4583"
1605,"2026-03-27 12:43:05.385169+00","2026-03-27 12:44:05.385169+00",0.13029644478062938,49.953125,3.9998400063997446,0.10636054192880147,1.0770276503259935,60,"v20260326-204532-4583"
1606,"2026-03-27 12:43:10.343184+00","2026-03-27 12:44:10.343184+00",0.13029644478062938,49.953125,3.6000000000000005,0.13692269129604595,1.0770276503259932,60,"v20260326-204532-4583"
1607,"2026-03-27 12:43:15.327251+00","2026-03-27 12:44:15.327251+00",0.28618739359385675,50.234375,4.6000000000000005,0.2456835882564482,1.0770276503259932,60,"v20260326-204532-4583"
1608,"2026-03-27 12:43:20.330558+00","2026-03-27 12:44:20.330558+00",0.4573993519980161,50.234375,6.679732810687573,0.5813492454668933,0.3692736578232784,60,"v20260326-204532-4583"
1609,"2026-03-27 12:43:25.320372+00","2026-03-27 12:44:25.320372+00",0.7064543565713302,51.02734375,10.00040001600064,1.1606783214110616,0.3692736578232784,60,"v20260326-204532-4583"
1610,"2026-03-27 12:43:30.333957+00","2026-03-27 12:44:30.333957+00",0.7064543565713303,51.02734375,13.92,1.5216723973142037,0.3692736578232784,60,"v20260326-204532-4583"
1611,"2026-03-27 12:43:35.331287+00","2026-03-27 12:44:35.331287+00",0.9897003023431536,51.02734375,17.92,1.6289274457624523,0.13241537376584994,60,"v20260326-204532-4583"
1612,"2026-03-27 12:43:40.336702+00","2026-03-27 12:44:40.336702+00",0.6164183383093944,51.02734375,21.400000000000002,1.2121000531151163,0.13241537376584991,60,"v20260326-204532-4583"
1613,"2026-03-27 12:43:45.334089+00","2026-03-27 12:44:45.334089+00",1.480695655974121,50.2890625,24.320972838913555,1.1599764460812034,0.3055758789830432,60,"v20260326-204532-4583"
1614,"2026-03-27 12:43:50.327281+00","2026-03-27 12:44:50.327281+00",1.0146466982562665,50.2890625,25.8,0.9384342076009761,0.464046611688803,60,"v20260326-204532-4583"
1615,"2026-03-27 12:43:55.312784+00","2026-03-27 12:44:55.312784+00",1.5454185533791573,51.05859375,26.12,1.2241688882116009,0.464046611688803,60,"v20260326-204532-4583"
1616,"2026-03-27 12:44:00.326006+00","2026-03-27 12:45:00.326006+00",1.1603260068529608,51.05859375,25.16,1.2441830854858624,0.32852179874508813,60,"v20260326-204532-4583"
1617,"2026-03-27 12:44:05.313879+00","2026-03-27 12:45:05.313879+00",1.0770276503259935,51.01953125,23.119075236990522,1.1951563607267162,1.1205559686079885,60,"v20260326-204532-4583"
1618,"2026-03-27 12:44:10.345729+00","2026-03-27 12:45:10.345729+00",1.0770276503259932,51.01953125,20.040000000000003,1.0915922764982176,0.837298095676699,60,"v20260326-204532-4583"
1619,"2026-03-27 12:44:15.334792+00","2026-03-27 12:45:15.334792+00",1.0770276503259932,51.01953125,16.44,0.9538501288701355,1.5224692348378104,60,"v20260326-204532-4583"
1620,"2026-03-27 12:44:25.382453+00","2026-03-27 12:45:25.382453+00",0.3692736578232784,49.48046875,8.879644814207433,0.27119110919537237,1.4859178909418673,60,"v20260326-204532-4583"
1621,"2026-03-27 12:44:30.334162+00","2026-03-27 12:45:30.334162+00",0.3692736578232784,49.48046875,6.000240009600384,0.24874047549191738,1.4476882721740656,60,"v20260326-204532-4583"
1622,"2026-03-27 12:44:35.33058+00","2026-03-27 12:45:35.33058+00",0.13241537376584994,50.2265625,4.12,0.13616524489413415,1.237551422959581,60,"v20260326-204532-4583"
1623,"2026-03-27 12:44:40.340035+00","2026-03-27 12:45:40.340035+00",0.13241537376584991,50.2265625,3.6799999999999997,0.15038819510062118,1.063344875028655,60,"v20260326-204532-4583"
1624,"2026-03-27 12:44:45.335393+00","2026-03-27 12:45:45.335393+00",0.3055758789830432,51.50390625,4.44,0.26813268802493345,0.8239505696907491,60,"v20260326-204532-4583"
1625,"2026-03-27 12:44:50.342212+00","2026-03-27 12:45:50.342212+00",0.464046611688803,51.50390625,6.72026881075243,0.6404838401995507,0.4064531827617263,60,"v20260326-204532-4583"
1626,"2026-03-27 12:44:55.335414+00","2026-03-27 12:45:55.335414+00",0.464046611688803,51.50390625,9.96,1.0029442477331105,0.380998521525569,60,"v20260326-204532-4583"
1627,"2026-03-27 12:45:00.346474+00","2026-03-27 12:46:00.346474+00",0.32852179874508813,51.50390625,13.84,0.8423441898690709,0.29453567765275174,60,"v20260326-204532-4583"
1628,"2026-03-27 12:45:05.353358+00","2026-03-27 12:46:05.353358+00",1.1205559686079885,50.3125,17.96,1.0557107632333769,0.15315223819018894,60,"v20260326-204532-4583"
1629,"2026-03-27 12:45:10.338676+00","2026-03-27 12:46:10.338676+00",0.837298095676699,50.3125,21.64,1.1488773748430576,0.15315223819018894,60,"v20260326-204532-4583"
1630,"2026-03-27 12:45:15.335104+00","2026-03-27 12:46:15.335104+00",1.5224692348378104,50.83984375,24.28,1.5717763847062745,0.38651412395708107,60,"v20260326-204532-4583"
1631,"2026-03-27 12:45:20.332523+00","2026-03-27 12:46:20.332523+00",1.5224692348378104,50.83984375,25.64,1.774307831339456,0.386514123957081,60,"v20260326-204532-4583"
1632,"2026-03-27 12:45:25.310344+00","2026-03-27 12:46:25.310344+00",1.4859178909418673,51.09765625,26.118955241790328,1.6500735240913842,0.6524200208250986,60,"v20260326-204532-4583"
1633,"2026-03-27 12:45:30.335365+00","2026-03-27 12:46:30.335365+00",1.4476882721740656,51.09765625,24.840000000000003,1.5340769674031607,0.7856212525562281,60,"v20260326-204532-4583"
1634,"2026-03-27 12:45:35.338479+00","2026-03-27 12:46:35.338479+00",1.237551422959581,51.046875,22.68,1.306733913021246,1.05544603016891,60,"v20260326-204532-4583"
1635,"2026-03-27 12:45:40.344848+00","2026-03-27 12:46:40.344848+00",1.063344875028655,51.046875,19.6,1.0560841553601752,0.6970341490907175,60,"v20260326-204532-4583"
1636,"2026-03-27 12:45:45.331538+00","2026-03-27 12:46:45.331538+00",0.8239505696907491,49.77734375,16.359345626174953,0.7712374673219253,1.527278748689269,60,"v20260326-204532-4583"
1637,"2026-03-27 12:45:50.345298+00","2026-03-27 12:46:50.345298+00",0.4064531827617263,49.77734375,12.240489619584782,0.4381891193388088,1.527278748689269,60,"v20260326-204532-4583"
1638,"2026-03-27 12:45:55.328676+00","2026-03-27 12:46:55.328676+00",0.380998521525569,49.77734375,8.75964961401544,0.34284929031124134,0.9004993856320771,60,"v20260326-204532-4583"
1639,"2026-03-27 12:46:00.33609+00","2026-03-27 12:47:00.33609+00",0.29453567765275174,49.77734375,5.96,0.24293548899475614,1.4136568063297916,60,"v20260326-204532-4583"
1640,"2026-03-27 12:46:05.34719+00","2026-03-27 12:47:05.34719+00",0.15315223819018894,50.4921875,4.16,0.17017084131854665,1.0899765195738138,60,"v20260326-204532-4583"
1641,"2026-03-27 12:46:10.346393+00","2026-03-27 12:47:10.346393+00",0.15315223819018894,50.4921875,3.6401456058242325,0.16837229103599777,0.8538015891296498,60,"v20260326-204532-4583"
1642,"2026-03-27 12:46:15.339944+00","2026-03-27 12:47:15.339944+00",0.38651412395708107,51.53515625,4.6000000000000005,0.33286056299362127,0.851743610065401,60,"v20260326-204532-4583"
1643,"2026-03-27 12:46:20.332301+00","2026-03-27 12:47:20.332301+00",0.386514123957081,51.53515625,6.800272010880435,0.6965648646866769,0.851743610065401,60,"v20260326-204532-4583"
1644,"2026-03-27 12:46:25.344707+00","2026-03-27 12:47:25.344707+00",0.6524200208250986,51.09375,10.040000000000001,1.1650642058396883,0.21897656419527856,60,"v20260326-204532-4583"
1645,"2026-03-27 12:46:30.369444+00","2026-03-27 12:47:30.369444+00",0.7856212525562281,51.09375,13.959999999999999,1.6517079661587073,0.21897656419527856,60,"v20260326-204532-4583"
1646,"2026-03-27 12:46:35.336154+00","2026-03-27 12:47:35.336154+00",1.05544603016891,51.09375,17.96,1.9903332026601648,0.19805179568432155,60,"v20260326-204532-4583"
1647,"2026-03-27 12:46:40.350764+00","2026-03-27 12:47:40.350764+00",0.6970341490907175,51.09375,21.6,1.592861523346756,0.1752429235985389,60,"v20260326-204532-4583"
1648,"2026-03-27 12:46:45.338169+00","2026-03-27 12:47:45.338169+00",1.527278748689269,51.3515625,24.35902563897444,1.379230110907629,0.1752429235985389,60,"v20260326-204532-4583"
1649,"2026-03-27 12:46:50.336399+00","2026-03-27 12:47:50.336399+00",1.527278748689269,51.3515625,26.200000000000003,1.116853608993832,0.12017867628848466,60,"v20260326-204532-4583"
1650,"2026-03-27 12:46:55.351125+00","2026-03-27 12:47:55.351125+00",0.9004993856320771,51.35546875,26.638934442622297,0.8034476593434531,0.6369478206037775,60,"v20260326-204532-4583"
1651,"2026-03-27 12:47:00.330348+00","2026-03-27 12:48:00.330348+00",1.4136568063297916,51.35546875,25.520000000000003,1.0985258627095171,0.6369478206037775,60,"v20260326-204532-4583"
1652,"2026-03-27 12:47:05.342545+00","2026-03-27 12:48:05.342545+00",1.0899765195738138,51.35546875,23.519059237630493,1.053882694765601,1.3180627924156412,60,"v20260326-204532-4583"
1653,"2026-03-27 12:47:10.378184+00","2026-03-27 12:48:10.378184+00",0.8538015891296498,51.35546875,20.440817632705308,0.9429524521013577,1.3180627924156412,60,"v20260326-204532-4583"
1654,"2026-03-27 12:47:15.346888+00","2026-03-27 12:48:15.346888+00",0.851743610065401,50.08203125,16.400000000000002,0.7509974014270271,1.3180627924156412,60,"v20260326-204532-4583"
1655,"2026-03-27 12:47:20.340908+00","2026-03-27 12:48:20.340908+00",0.851743610065401,50.08203125,12.44,0.6341604162424724,1.4470373348356111,60,"v20260326-204532-4583"
1656,"2026-03-27 12:47:25.328325+00","2026-03-27 12:48:25.328325+00",0.21897656419527856,50.546875,8.75964961401544,0.22424083555215216,1.4470373348356111,60,"v20260326-204532-4583"
1657,"2026-03-27 12:47:30.35453+00","2026-03-27 12:48:30.35453+00",0.21897656419527856,50.546875,5.720228809152366,0.16531498381608878,1.4470373348356111,60,"v20260326-204532-4583"
1658,"2026-03-27 12:47:35.340461+00","2026-03-27 12:48:35.340461+00",0.19805179568432155,51.046875,3.9198432062717496,0.13662251982329168,1.4470373348356111,60,"v20260326-204532-4583"
1659,"2026-03-27 12:47:40.3512+00","2026-03-27 12:48:40.3512+00",0.1752429235985389,51.046875,3.7199999999999998,0.1812917714270503,0.8147189179057853,60,"v20260326-204532-4583"
1660,"2026-03-27 12:47:45.34211+00","2026-03-27 12:48:45.34211+00",0.1752429235985389,51.046875,4.6801872074882995,0.2885183155349582,0.8147189179057853,60,"v20260326-204532-4583"
1661,"2026-03-27 12:47:50.347843+00","2026-03-27 12:48:50.347843+00",0.12017867628848466,51.046875,6.88027521100844,0.3173636649378724,0.8147189179057853,60,"v20260326-204532-4583"
1662,"2026-03-27 12:47:55.356296+00","2026-03-27 12:48:55.356296+00",0.6369478206037775,51.09375,10.280000000000001,0.8349655413762214,0.8147189179057853,60,"v20260326-204532-4583"
1663,"2026-03-27 12:48:00.353542+00","2026-03-27 12:49:00.353542+00",0.6369478206037775,51.09375,14.0805632225289,1.1980631901374275,0.18020715025342948,60,"v20260326-204532-4583"
1664,"2026-03-27 12:48:05.34135+00","2026-03-27 12:49:05.34135+00",1.3180627924156412,51.34765625,18.0,1.3869226536286778,0.18020715025342948,60,"v20260326-204532-4583"
1665,"2026-03-27 12:48:10.376906+00","2026-03-27 12:49:10.376906+00",1.3180627924156412,51.34765625,21.359145634174634,1.528142657010381,0.36517937076351265,60,"v20260326-204532-4583"
1666,"2026-03-27 12:48:15.335884+00","2026-03-27 12:49:15.335884+00",1.3180627924156412,51.34765625,24.240000000000002,1.6277607441402944,0.36517937076351265,60,"v20260326-204532-4583"
1667,"2026-03-27 12:48:25.399693+00","2026-03-27 12:49:25.399693+00",1.4470373348356111,50.8828125,25.91896324147034,1.7303250779208892,0.36517937076351265,60,"v20260326-204532-4583"
1668,"2026-03-27 12:48:30.359312+00","2026-03-27 12:49:30.359312+00",1.4470373348356111,50.8828125,24.839006439742413,1.5973121722703068,1.108434480953012,60,"v20260326-204532-4583"
1669,"2026-03-27 12:48:45.442064+00","2026-03-27 12:49:45.442064+00",0.8147189179057853,50.86328125,16.12,0.73404889500715,1.108434480953012,60,"v20260326-204532-4583"
1670,"2026-03-27 12:48:50.317314+00","2026-03-27 12:49:50.317314+00",0.8147189179057853,50.86328125,12.320492819712788,0.6053453103412051,1.5219654562537939,60,"v20260326-204532-4583"
1671,"2026-03-27 12:49:05.450162+00","2026-03-27 12:50:05.450162+00",0.18020715025342948,49.8125,3.96,0.11700218309731909,1.273011273027228,60,"v20260326-204532-4583"
1672,"2026-03-27 12:49:15.406402+00","2026-03-27 12:50:15.406402+00",0.36517937076351265,50.36328125,4.48,0.23565413358456502,1.0011719670200223,60,"v20260326-204532-4583"
1673,"2026-03-27 12:49:20.381088+00","2026-03-27 12:50:20.381088+00",0.36517937076351265,50.36328125,6.679732810687573,0.6379357470148513,0.5336523150248773,60,"v20260326-204532-4583"
1674,"2026-03-27 12:49:25.338924+00","2026-03-27 12:50:25.338924+00",0.36517937076351265,50.36328125,9.759609615615377,0.9105698832386308,0.44762141603276284,60,"v20260326-204532-4583"
1675,"2026-03-27 12:49:35.382002+00","2026-03-27 12:50:35.382002+00",1.108434480953012,50.64453125,17.64,1.927507399413374,0.24608734939758994,60,"v20260326-204532-4583"
1676,"2026-03-27 12:49:40.326798+00","2026-03-27 12:50:40.326798+00",1.108434480953012,50.64453125,21.12,1.944175523512788,0.22859556076069112,60,"v20260326-204532-4583"
1677,"2026-03-27 12:49:55.416836+00","2026-03-27 12:50:55.416836+00",1.5219654562537939,51.16796875,26.28,2.625463565589845,0.9143277661795332,60,"v20260326-204532-4583"
1678,"2026-03-27 12:50:05.350844+00","2026-03-27 12:51:05.350844+00",1.273011273027228,49.921875,23.240000000000002,1.9385527565983505,0.9143277661795332,60,"v20260326-204532-4583"
1679,"2026-03-27 12:50:10.356516+00","2026-03-27 12:51:10.356516+00",0.951384974896899,49.921875,20.16,1.280302261717581,1.486551134976823,60,"v20260326-204532-4583"
1680,"2026-03-27 12:50:15.352077+00","2026-03-27 12:51:15.352077+00",1.0011719670200223,50.890625,16.6,1.0545463908680464,1.486551134976823,60,"v20260326-204532-4583"
1681,"2026-03-27 12:50:20.336714+00","2026-03-27 12:51:20.336714+00",0.5336523150248773,50.890625,12.4,0.5201171809657673,1.1191004702628022,60,"v20260326-204532-4583"
1682,"2026-03-27 12:50:25.327148+00","2026-03-27 12:51:25.327148+00",0.44762141603276284,50.859375,8.720348813952558,0.3561519564003708,1.529090100321802,60,"v20260326-204532-4583"
1683,"2026-03-27 12:50:30.34861+00","2026-03-27 12:51:30.34861+00",0.24608734939758994,50.859375,5.840000000000001,0.2343369874295337,1.1356042478389918,60,"v20260326-204532-4583"
1684,"2026-03-27 12:50:35.30972+00","2026-03-27 12:51:35.30972+00",0.24608734939758994,50.859375,4.08,0.1817574358792546,1.3551878736920913,60,"v20260326-204532-4583"
1685,"2026-03-27 12:50:45.407731+00","2026-03-27 12:51:45.407731+00",0.22859556076069112,50.375,4.5200000000000005,0.2733260278949463,0.8900985867529291,60,"v20260326-204532-4583"
1686,"2026-03-27 12:50:50.322747+00","2026-03-27 12:51:50.322747+00",0.22859556076069112,50.375,6.760000000000001,0.5001343778029037,0.6367351778655878,60,"v20260326-204532-4583"
1687,"2026-03-27 12:50:55.311291+00","2026-03-27 12:51:55.311291+00",0.9143277661795332,50.90625,9.8,1.101216854773375,0.4632036173912862,60,"v20260326-204532-4583"
1688,"2026-03-27 12:51:00.355265+00","2026-03-27 12:52:00.355265+00",0.9143277661795332,50.90625,13.48,1.7566696471110121,0.16966538097173434,60,"v20260326-204532-4583"
1689,"2026-03-27 12:51:05.324152+00","2026-03-27 12:52:05.324152+00",0.9143277661795332,50.90625,17.64,2.0304997939854257,0.16966538097173434,60,"v20260326-204532-4583"
1690,"2026-03-27 12:51:15.41134+00","2026-03-27 12:52:15.41134+00",1.486551134976823,51.0,23.88,2.5660411296078376,0.2529817606270681,60,"v20260326-204532-4583"
1691,"2026-03-27 12:51:20.339451+00","2026-03-27 12:52:20.339451+00",1.1191004702628022,51.0,25.92,2.0122742938643587,0.2529817606270681,60,"v20260326-204532-4583"
1692,"2026-03-27 12:51:25.32589+00","2026-03-27 12:52:25.32589+00",1.529090100321802,51.203125,26.240000000000002,1.6948068090254342,0.540651325450178,60,"v20260326-204532-4583"
1693,"2026-03-27 12:51:30.335163+00","2026-03-27 12:52:30.335163+00",1.1356042478389918,51.203125,25.15899364025439,1.294401197129726,0.8433317208564447,60,"v20260326-204532-4583"
1694,"2026-03-27 12:51:35.331125+00","2026-03-27 12:52:35.331125+00",1.3551878736920913,50.1953125,23.0,1.2459750468812016,1.0773790457712238,60,"v20260326-204532-4583"
1695,"2026-03-27 12:51:40.339293+00","2026-03-27 12:52:40.339293+00",0.9197967869150926,50.1953125,20.200000000000003,0.9934384636554473,1.0909334171632932,60,"v20260326-204532-4583"
1696,"2026-03-27 12:51:45.312852+00","2026-03-27 12:52:45.312852+00",0.8900985867529291,50.1328125,16.2,0.9319959751600301,0.9710129724374286,60,"v20260326-204532-4583"
1697,"2026-03-27 12:51:50.335274+00","2026-03-27 12:52:50.335274+00",0.6367351778655878,50.1328125,12.4,0.5956464195778957,0.742547393742553,60,"v20260326-204532-4583"
1698,"2026-03-27 12:51:55.326938+00","2026-03-27 12:52:55.326938+00",0.4632036173912862,50.1328125,8.76035041401656,0.43365347345131544,1.5504203072230227,60,"v20260326-204532-4583"
1699,"2026-03-27 12:52:05.375265+00","2026-03-27 12:53:05.375265+00",0.16966538097173434,50.35546875,4.0,0.14315427526456165,1.5504203072230227,60,"v20260326-204532-4583"
1700,"2026-03-27 12:52:10.335229+00","2026-03-27 12:53:10.335229+00",0.16966538097173434,50.35546875,3.5598576056957723,0.17328525352914018,0.9519315417080391,60,"v20260326-204532-4583"
1701,"2026-03-27 12:52:15.323687+00","2026-03-27 12:53:15.323687+00",0.2529817606270681,50.37890625,4.4398224071037165,0.3144709928589498,0.9519315417080391,60,"v20260326-204532-4583"
1702,"2026-03-27 12:52:20.337066+00","2026-03-27 12:53:20.337066+00",0.2529817606270681,50.37890625,6.48,0.533365117747838,0.33886643202814837,60,"v20260326-204532-4583"
1703,"2026-03-27 12:52:25.338033+00","2026-03-27 12:53:25.338033+00",0.540651325450178,50.9296875,9.68038721548862,0.7775546803094865,0.33886643202814837,60,"v20260326-204532-4583"
1704,"2026-03-27 12:52:30.324867+00","2026-03-27 12:53:30.324867+00",0.8433317208564447,50.9296875,13.719999999999999,1.199064738495441,0.2568664032512036,60,"v20260326-204532-4583"
1705,"2026-03-27 12:52:35.346315+00","2026-03-27 12:53:35.346315+00",1.0773790457712238,51.23046875,17.720708828353136,1.7093634994871345,0.20039996012757982,60,"v20260326-204532-4583"
1706,"2026-03-27 12:52:40.342686+00","2026-03-27 12:53:40.342686+00",1.0909334171632932,51.23046875,21.320852834113364,1.846027530044439,0.03553661670234205,60,"v20260326-204532-4583"
1707,"2026-03-27 12:52:45.324292+00","2026-03-27 12:53:45.324292+00",0.9710129724374286,51.23046875,24.32,1.7023980534633991,0.03553661670234205,60,"v20260326-204532-4583"
1708,"2026-03-27 12:52:50.329879+00","2026-03-27 12:53:50.329879+00",0.742547393742553,51.23046875,26.240000000000002,1.2361654073834512,0.0024913213885896356,60,"v20260326-204532-4583"
1709,"2026-03-27 12:52:55.357541+00","2026-03-27 12:53:55.357541+00",1.5504203072230227,51.20703125,26.44,1.2055863928551847,0.0024913213885896356,60,"v20260326-204532-4583"
1710,"2026-03-27 12:53:00.332278+00","2026-03-27 12:54:00.332278+00",1.5504203072230227,51.20703125,25.48,0.8122171942641025,0.0024913213885896356,60,"v20260326-204532-4583"
1711,"2026-03-27 12:53:15.402755+00","2026-03-27 12:54:15.402755+00",0.9519315417080391,50.92578125,16.44,0.4234111110750776,0.0025211669896985306,60,"v20260326-204532-4583"
1712,"2026-03-27 12:53:25.376968+00","2026-03-27 12:54:25.376968+00",0.33886643202814837,50.3984375,8.96,0.16248820993039792,0.0025211669896985306,60,"v20260326-204532-4583"
1713,"2026-03-27 12:53:30.335278+00","2026-03-27 12:54:30.335278+00",0.2568664032512036,50.3984375,5.760000000000001,0.14976822559292385,0.0023670711708801873,60,"v20260326-204532-4583"
1714,"2026-03-27 12:53:35.333652+00","2026-03-27 12:54:35.333652+00",0.20039996012757982,50.3984375,3.3601344053762148,0.1122864970672316,0.0023670711708801873,60,"v20260326-204532-4583"
1715,"2026-03-27 12:53:45.383+00","2026-03-27 12:54:45.383+00",0.03553661670234205,49.63671875,0.8799648014079438,0.015152656825701124,0.0025722367989533916,60,"v20260326-204532-4583"
1716,"2026-03-27 12:53:55.384428+00","2026-03-27 12:54:55.384428+00",0.0024913213885896356,49.63671875,0.32,0.0017134478182716354,0.0025722367989533916,60,"v20260326-204532-4583"
1717,"2026-03-27 12:54:00.334179+00","2026-03-27 12:55:00.334179+00",0.0024913213885896356,49.63671875,0.2799888004479821,0.0024855972292960227,0.0023846281540501266,60,"v20260326-204532-4583"
1718,"2026-03-27 12:54:05.334162+00","2026-03-27 12:55:05.334162+00",0.0024913213885896356,49.63671875,0.31998720051197954,0.0036709056715055295,0.0023846281540501266,60,"v20260326-204532-4583"
1719,"2026-03-27 12:54:15.354209+00","2026-03-27 12:55:15.354209+00",0.0025211669896985306,49.89453125,0.32,0.0038626485928653087,0.002529428522591941,60,"v20260326-204532-4583"
1720,"2026-03-27 12:54:20.330175+00","2026-03-27 12:55:20.330175+00",0.0025211669896985306,49.89453125,0.28,0.0033069690231735736,0.002529428522591941,60,"v20260326-204532-4583"
1721,"2026-03-27 12:54:35.420908+00","2026-03-27 12:55:35.420908+00",0.0023670711708801873,49.63671875,0.32001280051202047,0.0037509266577685765,0.2222583831556921,60,"v20260326-204532-4583"
1722,"2026-03-27 12:54:45.367321+00","2026-03-27 12:55:45.367321+00",0.0025722367989533916,49.63671875,0.32,0.0036529707827543784,0.2222583831556921,60,"v20260326-204532-4583"
1723,"2026-03-27 12:54:50.326855+00","2026-03-27 12:55:50.326855+00",0.0025722367989533916,49.63671875,0.28,0.002944294248521245,0.5074687803134855,60,"v20260326-204532-4583"
1724,"2026-03-27 12:55:05.425738+00","2026-03-27 12:56:05.425738+00",0.0023846281540501266,49.63671875,0.32001280051202047,0.003436374780863709,0.5050940142958333,60,"v20260326-204532-4583"
1725,"2026-03-27 12:55:15.387559+00","2026-03-27 12:56:15.387559+00",0.002529428522591941,49.63671875,0.32,0.0033811379703911452,0.5050940142958333,60,"v20260326-204532-4583"
1726,"2026-03-27 12:55:20.325432+00","2026-03-27 12:56:20.325432+00",0.002529428522591941,49.63671875,0.28,0.0023510549226578438,0.44962505047787094,60,"v20260326-204532-4583"
1727,"2026-03-27 12:55:25.345275+00","2026-03-27 12:56:25.345275+00",0.002529428522591941,49.63671875,0.32,0.002863633236704575,0.44962505047787094,60,"v20260326-204532-4583"
1728,"2026-03-27 12:55:35.351945+00","2026-03-27 12:56:35.351945+00",0.2222583831556921,51.16015625,3.680147205888235,0.1808907711458058,0.4496250504778709,60,"v20260326-204532-4583"
1729,"2026-03-27 12:55:40.332893+00","2026-03-27 12:56:40.332893+00",0.2222583831556921,51.16015625,5.36,0.40006391329052626,0.27771446959134005,60,"v20260326-204532-4583"
1730,"2026-03-27 12:55:55.397109+00","2026-03-27 12:56:55.397109+00",0.5074687803134855,51.44140625,9.640385615424618,0.8910539785920344,0.27771446959134005,60,"v20260326-204532-4583"
1731,"2026-03-27 12:56:15.34307+00","2026-03-27 12:57:15.34307+00",0.5050940142958333,50.93359375,9.16,0.6355074471699717,0.7023957722573878,60,"v20260326-204532-4583"
1732,"2026-03-27 12:56:25.372122+00","2026-03-27 12:57:25.372122+00",0.44962505047787094,50.4296875,8.440000000000001,0.47092393057018683,0.7023957722573878,60,"v20260326-204532-4583"
1733,"2026-03-27 12:56:30.324882+00","2026-03-27 12:57:30.324882+00",0.4496250504778709,50.4296875,7.96,0.40850993238758815,0.7390550351907578,60,"v20260326-204532-4583"
1734,"2026-03-27 12:56:35.319655+00","2026-03-27 12:57:35.319655+00",0.4496250504778709,50.4296875,7.640000000000001,0.38491230447532765,0.7390550351907578,60,"v20260326-204532-4583"
1735,"2026-03-27 12:56:45.38569+00","2026-03-27 12:57:45.38569+00",0.27771446959134005,50.41015625,5.720000000000001,0.23152752443037156,0.5588882217574848,60,"v20260326-204532-4583"
1736,"2026-03-27 12:56:50.320521+00","2026-03-27 12:57:50.320521+00",0.27771446959134005,50.41015625,5.28,0.2516540408832669,0.8392345097341913,60,"v20260326-204532-4583"
1737,"2026-03-27 12:57:05.400349+00","2026-03-27 12:58:05.400349+00",0.40836352794771913,50.1953125,7.16,0.47844673519854475,0.7661079094226304,60,"v20260326-204532-4583"
1738,"2026-03-27 12:57:15.361588+00","2026-03-27 12:58:15.361588+00",0.7023957722573878,50.95703125,10.440000000000001,1.0000633912920374,0.4000822028019065,60,"v20260326-204532-4583"
1739,"2026-03-27 12:57:20.340338+00","2026-03-27 12:58:20.340338+00",0.7023957722573878,50.95703125,11.600464018560741,1.009283802789325,0.5970782053555465,60,"v20260326-204532-4583"
1740,"2026-03-27 12:57:25.310635+00","2026-03-27 12:58:25.310635+00",0.7023957722573878,50.95703125,12.92,1.0519875092248094,0.6489624143165975,60,"v20260326-204532-4583"
1741,"2026-03-27 12:57:35.389521+00","2026-03-27 12:58:35.389521+00",0.7390550351907578,50.4609375,13.520000000000001,0.9664978027676533,0.528646846505404,60,"v20260326-204532-4583"
1742,"2026-03-27 12:57:40.344614+00","2026-03-27 12:58:40.344614+00",0.7390550351907577,50.4609375,13.68,0.8485593178446141,0.4110679492494518,60,"v20260326-204532-4583"
1743,"2026-03-27 12:57:45.31957+00","2026-03-27 12:58:45.31957+00",0.5588882217574848,51.20703125,14.16,0.685981304906457,0.5821873259577245,60,"v20260326-204532-4583"
1744,"2026-03-27 12:57:50.33908+00","2026-03-27 12:58:50.33908+00",0.8392345097341913,51.20703125,14.0805632225289,0.7191211734649193,0.5821873259577245,60,"v20260326-204532-4583"
1745,"2026-03-27 12:57:55.332692+00","2026-03-27 12:58:55.332692+00",0.6299993592156286,51.20703125,14.440000000000001,0.6913378335664451,0.6603939015691852,60,"v20260326-204532-4583"
1746,"2026-03-27 12:58:00.312671+00","2026-03-27 12:59:00.312671+00",0.49012694092659675,51.20703125,14.519419223231072,0.6354448888042491,0.49278592935092597,60,"v20260326-204532-4583"
1747,"2026-03-27 12:58:05.324757+00","2026-03-27 12:59:05.324757+00",0.7661079094226304,50.70703125,14.24,0.7286067776259416,0.6621764981639175,60,"v20260326-204532-4583"
1748,"2026-03-27 12:58:10.332142+00","2026-03-27 12:59:10.332142+00",0.7661079094226304,50.70703125,13.28,0.6886947909421323,0.663566680572937,60,"v20260326-204532-4583"
1749,"2026-03-27 12:58:15.312331+00","2026-03-27 12:59:15.312331+00",0.4000822028019065,50.4453125,12.360000000000001,0.5097493392652557,0.663566680572937,60,"v20260326-204532-4583"
1750,"2026-03-27 12:58:20.340876+00","2026-03-27 12:59:20.340876+00",0.5970782053555465,50.4453125,11.800472018880754,0.5634885490240711,0.4278572813442455,60,"v20260326-204532-4583"
1751,"2026-03-27 12:58:25.338199+00","2026-03-27 12:59:25.338199+00",0.6489624143165975,50.69140625,11.760470418816753,0.5905746517796451,0.4278572813442455,60,"v20260326-204532-4583"
1752,"2026-03-27 12:58:30.342429+00","2026-03-27 12:59:30.342429+00",0.6489624143165975,50.69140625,11.28,0.5852098823705608,0.4278572813442455,60,"v20260326-204532-4583"
1753,"2026-03-27 12:58:35.311304+00","2026-03-27 12:59:35.311304+00",0.528646846505404,50.69140625,11.120000000000001,0.5741326400596979,0.4278572813442455,60,"v20260326-204532-4583"
1754,"2026-03-27 12:58:40.337403+00","2026-03-27 12:59:40.337403+00",0.4110679492494518,50.69140625,11.4,0.6176098690121686,0.31127637589733026,60,"v20260326-204532-4583"
1755,"2026-03-27 12:58:45.331543+00","2026-03-27 12:59:45.331543+00",0.5821873259577245,50.734375,11.16,0.6966780195507504,0.31127637589733026,60,"v20260326-204532-4583"
1756,"2026-03-27 12:58:50.35214+00","2026-03-27 12:59:50.35214+00",0.5821873259577245,50.734375,11.28,0.6866701619192541,0.31127637589733026,60,"v20260326-204532-4583"
1757,"2026-03-27 12:58:55.33195+00","2026-03-27 12:59:55.33195+00",0.6603939015691852,50.9609375,11.72,0.6785579049088756,0.26665015497980155,60,"v20260326-204532-4583"
1758,"2026-03-27 12:59:00.320827+00","2026-03-27 13:00:00.320827+00",0.49278592935092597,50.9609375,12.2,0.6415982558951323,0.26665015497980155,60,"v20260326-204532-4583"
1759,"2026-03-27 12:59:05.330831+00","2026-03-27 13:00:05.330831+00",0.6621764981639175,50.453125,12.040000000000001,0.6632131065945283,0.26665015497980155,60,"v20260326-204532-4583"
1760,"2026-03-27 12:59:10.338104+00","2026-03-27 13:00:10.338104+00",0.663566680572937,50.453125,11.4,0.6186287215337208,0.27643540669856836,60,"v20260326-204532-4583"
1761,"2026-03-27 12:59:15.335984+00","2026-03-27 13:00:15.335984+00",0.663566680572937,50.453125,10.520000000000001,0.5787409552783156,0.27643540669856836,60,"v20260326-204532-4583"
1762,"2026-03-27 12:59:25.384585+00","2026-03-27 13:00:25.384585+00",0.4278572813442455,50.93359375,8.559657613695453,0.4011471100251283,0.15792754784689209,60,"v20260326-204532-4583"
1763,"2026-03-27 12:59:30.338749+00","2026-03-27 13:00:30.338749+00",0.4278572813442455,50.93359375,7.640000000000001,0.3994313675459066,0.17804580112254254,60,"v20260326-204532-4583"
1764,"2026-03-27 12:59:45.42566+00","2026-03-27 13:00:45.42566+00",0.31127637589733026,51.20703125,5.920236809472379,0.2910030583049027,0.17714648770182062,60,"v20260326-204532-4583"
1765,"2026-03-27 13:00:05.386037+00","2026-03-27 13:01:05.386037+00",0.26665015497980155,50.95703125,5.00020000800032,0.26018968174355933,0.21332085300343648,60,"v20260326-204532-4583"
1766,"2026-03-27 13:00:15.381454+00","2026-03-27 13:01:15.381454+00",0.27643540669856836,50.453125,5.12,0.31752092008385796,0.15793631544551717,60,"v20260326-204532-4583"
1767,"2026-03-27 13:00:20.342013+00","2026-03-27 13:01:20.342013+00",0.20397247208931696,50.453125,4.720000000000001,0.27868126392370585,0.11326929316560083,60,"v20260326-204532-4583"
1768,"2026-03-27 13:00:25.308307+00","2026-03-27 13:01:25.308307+00",0.15792754784689209,50.453125,4.039838406463741,0.20891453022789153,0.1724441508104158,60,"v20260326-204532-4583"
1769,"2026-03-27 13:00:35.378436+00","2026-03-27 13:01:35.378436+00",0.17804580112254254,50.953125,3.52,0.18491123183694738,0.1724441508104158,60,"v20260326-204532-4583"
1770,"2026-03-27 13:00:45.345318+00","2026-03-27 13:01:45.345318+00",0.17714648770182062,50.19140625,3.32,0.167924535771307,0.3211388800610223,60,"v20260326-204532-4583"
1771,"2026-03-27 13:00:50.331849+00","2026-03-27 13:01:50.331849+00",0.17714648770182062,50.19140625,3.7601504060162405,0.19891673678685165,0.3211388800610223,60,"v20260326-204532-4583"
1772,"2026-03-27 13:00:55.317816+00","2026-03-27 13:01:55.317816+00",0.2224176936965164,50.69921875,4.28,0.28051588888384293,0.40176453186214545,60,"v20260326-204532-4583"
1773,"2026-03-27 13:01:00.31624+00","2026-03-27 13:02:00.31624+00",0.28393472826592203,50.69921875,4.239830406783729,0.26352098617749553,0.40176453186214545,60,"v20260326-204532-4583"
1774,"2026-03-27 13:01:05.321982+00","2026-03-27 13:02:05.321982+00",0.21332085300343648,50.1953125,4.279828806847727,0.24378080190210097,0.28335782824684014,60,"v20260326-204532-4583"
1775,"2026-03-27 13:01:10.33618+00","2026-03-27 13:02:10.33618+00",0.21332085300343648,50.1953125,3.959841606335747,0.22915178513229997,0.5886240660025042,60,"v20260326-204532-4583"
1776,"2026-03-27 13:01:15.320891+00","2026-03-27 13:02:15.320891+00",0.15793631544551717,50.1953125,3.239870405183793,0.16437245044698812,0.5886240660025042,60,"v20260326-204532-4583"
1777,"2026-03-27 13:01:20.325642+00","2026-03-27 13:02:20.325642+00",0.11326929316560083,50.1953125,2.76,0.12597207459155432,0.5886240660025042,60,"v20260326-204532-4583"
1778,"2026-03-27 13:01:25.333547+00","2026-03-27 13:02:25.333547+00",0.1724441508104158,50.22265625,3.0401216048641944,0.16944548872930937,0.5327823087220696,60,"v20260326-204532-4583"
1779,"2026-03-27 13:01:30.332786+00","2026-03-27 13:02:30.332786+00",0.1724441508104158,50.22265625,3.4801392055682223,0.22749540204786592,0.5327823087220696,60,"v20260326-204532-4583"
1780,"2026-03-27 13:01:45.415131+00","2026-03-27 13:02:45.415131+00",0.3211388800610223,50.71484375,5.800000000000001,0.549348634658906,0.40378817047787463,60,"v20260326-204532-4583"
1781,"2026-03-27 13:01:50.330807+00","2026-03-27 13:02:50.330807+00",0.3211388800610223,50.71484375,6.24,0.5156578347460405,0.5410534241965359,60,"v20260326-204532-4583"
1782,"2026-03-27 13:01:55.324548+00","2026-03-27 13:02:55.324548+00",0.40176453186214545,50.2421875,6.800000000000001,0.4900733320076011,0.3863301799904664,60,"v20260326-204532-4583"
1783,"2026-03-27 13:02:00.335736+00","2026-03-27 13:03:00.335736+00",0.40176453186214545,50.2421875,7.51969921203152,0.4786632895728875,0.8062738375697429,60,"v20260326-204532-4583"
1784,"2026-03-27 13:02:05.318303+00","2026-03-27 13:03:05.318303+00",0.28335782824684014,50.2421875,8.32,0.4318233933503019,0.8062738375697429,60,"v20260326-204532-4583"
1785,"2026-03-27 13:02:15.385183+00","2026-03-27 13:03:15.385183+00",0.5886240660025042,51.49609375,10.200000000000001,0.6228464819091895,0.8062738375697429,60,"v20260326-204532-4583"
1786,"2026-03-27 13:02:35.381741+00","2026-03-27 13:03:35.381741+00",0.5327823087220696,49.74609375,9.92,0.49215837918515354,1.0151338265835828,60,"v20260326-204532-4583"
1787,"2026-03-27 13:02:45.353086+00","2026-03-27 13:03:45.353086+00",0.40378817047787463,51.23828125,9.48,0.38348657782162954,1.0151338265835828,60,"v20260326-204532-4583"
1788,"2026-03-27 13:02:50.33231+00","2026-03-27 13:03:50.33231+00",0.5410534241965359,51.23828125,10.16,0.5087085078767318,1.0392092407142632,60,"v20260326-204532-4583"
1789,"2026-03-27 13:02:55.332133+00","2026-03-27 13:03:55.332133+00",0.3863301799904664,51.23828125,11.200000000000001,0.5350474923195602,1.0392092407142632,60,"v20260326-204532-4583"
1790,"2026-03-27 13:03:05.379958+00","2026-03-27 13:04:05.379958+00",0.8062738375697429,51.98046875,14.0794368225271,0.8624859279623669,0.8494763187157988,60,"v20260326-204532-4583"
1791,"2026-03-27 13:03:10.332835+00","2026-03-27 13:04:10.332835+00",0.8062738375697429,51.98046875,15.48,0.9812549701166872,1.204987921957254,60,"v20260326-204532-4583"
1792,"2026-03-27 13:03:25.403641+00","2026-03-27 13:04:25.403641+00",0.9801805355303714,50.55078125,17.720708828353136,1.1841336324704057,1.3053670559850967,60,"v20260326-204532-4583"
1793,"2026-03-27 13:03:35.342396+00","2026-03-27 13:04:35.342396+00",1.0151338265835828,51.03515625,18.16,1.1498343064373908,1.3053670559850967,60,"v20260326-204532-4583"
1794,"2026-03-27 13:03:40.335814+00","2026-03-27 13:04:40.335814+00",1.0151338265835828,51.03515625,18.00072002880115,1.063294611444421,1.464624321332549,60,"v20260326-204532-4583"
1795,"2026-03-27 13:03:45.330833+00","2026-03-27 13:04:45.330833+00",1.0151338265835828,51.03515625,17.8,1.015510541242577,1.464624321332549,60,"v20260326-204532-4583"
1796,"2026-03-27 13:03:55.378549+00","2026-03-27 13:04:55.378549+00",1.0392092407142632,51.29296875,18.12,1.0424268641398746,1.464624321332549,60,"v20260326-204532-4583"
1797,"2026-03-27 13:04:00.338633+00","2026-03-27 13:05:00.338633+00",1.0392092407142632,51.29296875,18.87924483020679,1.097731756644608,1.5840232899321631,60,"v20260326-204532-4583"
1798,"2026-03-27 13:04:05.321044+00","2026-03-27 13:05:05.321044+00",0.8494763187157988,51.7890625,20.04,1.111921780133277,1.5840232899321631,60,"v20260326-204532-4583"
1799,"2026-03-27 13:04:10.336106+00","2026-03-27 13:05:10.336106+00",1.204987921957254,51.7890625,20.720000000000002,1.1810517990153424,1.5840232899321633,60,"v20260326-204532-4583"
1800,"2026-03-27 13:04:15.33637+00","2026-03-27 13:05:15.33637+00",1.204987921957254,51.7890625,21.080000000000002,1.1916588887891364,1.5335496239744455,60,"v20260326-204532-4583"
1801,"2026-03-27 13:04:20.314011+00","2026-03-27 13:05:20.314011+00",0.790552409332089,51.7890625,21.76,1.043148204648989,1.5335496239744455,60,"v20260326-204532-4583"
1802,"2026-03-27 13:04:25.325701+00","2026-03-27 13:05:25.325701+00",1.3053670559850967,51.328125,22.600904036161445,1.2504515459576084,1.5335496239744455,60,"v20260326-204532-4583"
1803,"2026-03-27 13:04:30.327195+00","2026-03-27 13:05:30.327195+00",1.3053670559850967,51.328125,23.400000000000002,1.3173550839462291,0.9560698865715351,60,"v20260326-204532-4583"
1804,"2026-03-27 13:04:45.429203+00","2026-03-27 13:05:45.429203+00",1.464624321332549,50.84375,25.84,1.560736381451122,0.0022464996789076526,60,"v20260326-204532-4583"
1805,"2026-03-27 13:04:50.321316+00","2026-03-27 13:05:50.321316+00",1.464624321332549,50.84375,26.27894884204632,1.5541172412259452,0.0022464996789076526,60,"v20260326-204532-4583"
1806,"2026-03-27 13:05:05.422764+00","2026-03-27 13:06:05.422764+00",1.5840232899321631,51.0625,27.44,1.6487669653249304,0.0024615877080543876,60,"v20260326-204532-4583"
1807,"2026-03-27 13:05:10.336371+00","2026-03-27 13:06:10.336371+00",1.5840232899321633,51.0625,27.520000000000003,1.6152694158486032,0.0024615877080543876,60,"v20260326-204532-4583"
1808,"2026-03-27 13:05:15.342756+00","2026-03-27 13:06:15.342756+00",1.5335496239744455,51.35546875,27.161086443457737,1.5653606113240206,0.0026188248245236686,60,"v20260326-204532-4583"
1809,"2026-03-27 13:05:20.348336+00","2026-03-27 13:06:20.348336+00",1.5335496239744455,51.35546875,27.040000000000003,1.5583290610135367,0.0026188248245236686,60,"v20260326-204532-4583"
1810,"2026-03-27 13:05:25.337063+00","2026-03-27 13:06:25.337063+00",1.5335496239744455,51.35546875,26.921076843073724,1.5494152643364991,0.0026188248245236686,60,"v20260326-204532-4583"
1811,"2026-03-27 13:05:35.390558+00","2026-03-27 13:06:35.390558+00",0.9560698865715351,50.04296875,18.12,0.7953402356482293,0.0024289029004105275,60,"v20260326-204532-4583"
1812,"2026-03-27 13:05:40.328242+00","2026-03-27 13:06:40.328242+00",0.9560698865715354,50.04296875,12.959999999999999,0.6302816845746532,0.0024289029004105275,60,"v20260326-204532-4583"
1813,"2026-03-27 13:05:45.314253+00","2026-03-27 13:06:45.314253+00",0.0022464996789076526,49.7734375,7.800000000000001,0.001978410033931427,0.0024289029004105275,60,"v20260326-204532-4583"
1814,"2026-03-27 13:05:50.33738+00","2026-03-27 13:06:50.33738+00",0.0022464996789076526,49.7734375,2.4800000000000004,0.0010538459844237822,0.0024096602310997,60,"v20260326-204532-4583"
1815,"2026-03-27 13:05:55.336887+00","2026-03-27 13:06:55.336887+00",0.0022464996789076526,49.7734375,0.32,0.000767418351933652,0.0024096602310997,60,"v20260326-204532-4583"
1816,"2026-03-27 13:06:05.362751+00","2026-03-27 13:07:05.362751+00",0.0024615877080543876,50.2734375,0.32,0.0015585812086713175,0.002427287191721012,60,"v20260326-204532-4583"
1817,"2026-03-27 13:06:10.343561+00","2026-03-27 13:07:10.343561+00",0.0024615877080543876,50.2734375,0.2799888004479821,0.001731299484347536,0.002427287191721012,60,"v20260326-204532-4583"
1818,"2026-03-27 13:06:15.318315+00","2026-03-27 13:07:15.318315+00",0.0026188248245236686,49.7734375,0.31998720051197954,0.002671134150590963,0.0016415743277609206,60,"v20260326-204532-4583"
1819,"2026-03-27 13:06:20.330814+00","2026-03-27 13:07:20.330814+00",0.0026188248245236686,49.7734375,0.28,0.002318994237295165,0.0024122623887290716,60,"v20260326-204532-4583"
1820,"2026-03-27 13:06:25.333617+00","2026-03-27 13:07:25.333617+00",0.0026188248245236686,49.7734375,0.32,0.0031304345527267082,0.0024122623887290716,60,"v20260326-204532-4583"
1821,"2026-03-27 13:06:35.372009+00","2026-03-27 13:07:35.372009+00",0.0024289029004105275,49.7734375,0.32,0.003044426775602288,0.04159893543166044,60,"v20260326-204532-4583"
1822,"2026-03-27 13:06:40.341496+00","2026-03-27 13:07:40.341496+00",0.0024289029004105275,49.7734375,0.2800112004480179,0.0024022390236036716,0.04159893543166044,60,"v20260326-204532-4583"
1823,"2026-03-27 13:06:55.440074+00","2026-03-27 13:07:55.440074+00",0.0024096602310997,49.7734375,0.32,0.00276386208006919,0.17323095352176943,60,"v20260326-204532-4583"
1824,"2026-03-27 13:07:00.332879+00","2026-03-27 13:08:00.332879+00",0.0024096602310997,49.7734375,0.28,0.002289531087604671,0.17323095352176943,60,"v20260326-204532-4583"
1825,"2026-03-27 13:07:05.311295+00","2026-03-27 13:08:05.311295+00",0.002427287191721012,49.7734375,0.31998720051197954,0.002815295707727572,0.20857383475504768,60,"v20260326-204532-4583"
1826,"2026-03-27 13:07:10.329487+00","2026-03-27 13:08:10.329487+00",0.002427287191721012,49.7734375,0.28,0.002299511415761795,0.2937039143209853,60,"v20260326-204532-4583"
1827,"2026-03-27 13:07:15.337295+00","2026-03-27 13:08:15.337295+00",0.0016415743277609206,49.7734375,0.31998720051197954,0.0023112716715812513,0.34106582494609927,60,"v20260326-204532-4583"
1828,"2026-03-27 13:07:25.37743+00","2026-03-27 13:08:25.37743+00",0.0024122623887290716,49.7734375,0.32001280051202047,0.0024668607438359078,0.2823117995856263,60,"v20260326-204532-4583"
1829,"2026-03-27 13:07:35.362256+00","2026-03-27 13:08:35.362256+00",0.04159893543166044,50.03125,0.6799999999999999,0.03043282599886865,0.5416690832433453,60,"v20260326-204532-4583"
1830,"2026-03-27 13:07:40.329763+00","2026-03-27 13:08:40.329763+00",0.04159893543166044,50.03125,1.1200448017920717,0.06356337653872274,0.5416690832433453,60,"v20260326-204532-4583"
1831,"2026-03-27 13:07:45.334607+00","2026-03-27 13:08:45.334607+00",0.030037897959611468,50.03125,1.7200000000000002,0.06381622430145881,0.5416690832433453,60,"v20260326-204532-4583"
1832,"2026-03-27 13:07:55.353795+00","2026-03-27 13:08:55.353795+00",0.17323095352176943,51.0390625,3.12,0.2425721491470832,0.6707322667694937,60,"v20260326-204532-4583"
1833,"2026-03-27 13:08:00.339746+00","2026-03-27 13:09:00.339746+00",0.17323095352176943,51.0390625,3.92,0.30954792653611773,0.6707322667694937,60,"v20260326-204532-4583"
1834,"2026-03-27 13:08:05.322356+00","2026-03-27 13:09:05.322356+00",0.20857383475504768,51.0390625,4.599816007359706,0.28882227137211464,0.8063879624804314,60,"v20260326-204532-4583"
1835,"2026-03-27 13:08:10.334959+00","2026-03-27 13:09:10.334959+00",0.2937039143209853,51.0390625,5.28,0.27899025015668644,0.8063879624804314,60,"v20260326-204532-4583"
1836,"2026-03-27 13:08:15.323641+00","2026-03-27 13:09:15.323641+00",0.34106582494609927,50.5546875,6.159753609855606,0.32668804345011365,0.8526466852836369,60,"v20260326-204532-4583"
1837,"2026-03-27 13:08:20.338323+00","2026-03-27 13:09:20.338323+00",0.3837583084151789,50.5546875,6.840000000000001,0.3673520456462306,0.9184696450088023,60,"v20260326-204532-4583"
1838,"2026-03-27 13:08:25.31621+00","2026-03-27 13:09:25.31621+00",0.2823117995856263,50.5546875,7.5200000000000005,0.3325672972218276,0.6963683770182573,60,"v20260326-204532-4583"
1839,"2026-03-27 13:08:35.371861+00","2026-03-27 13:09:35.371861+00",0.5416690832433453,51.0546875,9.360000000000001,0.5662718495680796,1.0367295746117653,60,"v20260326-204532-4583"
1840,"2026-03-27 13:08:40.331191+00","2026-03-27 13:09:40.331191+00",0.5416690832433453,51.0546875,10.08,0.6094279556543266,1.0367295746117653,60,"v20260326-204532-4583"
1841,"2026-03-27 13:08:55.423622+00","2026-03-27 13:09:55.423622+00",0.6707322667694937,50.3515625,12.159513619455224,0.7738435617127711,1.1935020330712984,60,"v20260326-204532-4583"
1842,"2026-03-27 13:09:00.33627+00","2026-03-27 13:10:00.33627+00",0.6707322667694937,50.3515625,12.76,0.7689508812900011,1.3589207295888641,60,"v20260326-204532-4583"
1843,"2026-03-27 13:09:05.341545+00","2026-03-27 13:10:05.341545+00",0.8063879624804314,50.58203125,13.68,0.844576335897201,1.3589207295888641,60,"v20260326-204532-4583"
1844,"2026-03-27 13:09:10.344373+00","2026-03-27 13:10:10.344373+00",0.8063879624804314,50.58203125,14.48,0.8788578370926046,1.3589207295888641,60,"v20260326-204532-4583"
1845,"2026-03-27 13:09:15.344518+00","2026-03-27 13:10:15.344518+00",0.8526466852836369,50.85546875,15.399384024639016,0.9408670627318475,1.3589207295888641,60,"v20260326-204532-4583"
1846,"2026-03-27 13:09:20.329409+00","2026-03-27 13:10:20.329409+00",0.9184696450088023,50.85546875,16.040641625665025,0.9700575545035091,1.4906933384136558,60,"v20260326-204532-4583"
1847,"2026-03-27 13:09:25.389721+00","2026-03-27 13:10:25.389721+00",0.6963683770182573,50.85546875,16.72,0.8985399805624653,1.4906933384136558,60,"v20260326-204532-4583"
1848,"2026-03-27 13:09:30.33222+00","2026-03-27 13:10:30.33222+00",0.5440554942209641,50.85546875,17.32,0.8291179647465278,1.4906933384136558,60,"v20260326-204532-4583"
1849,"2026-03-27 13:09:35.332831+00","2026-03-27 13:10:35.332831+00",1.0367295746117653,50.8671875,17.999280028798847,0.9965907302120259,1.4906933384136558,60,"v20260326-204532-4583"
1850,"2026-03-27 13:09:40.330207+00","2026-03-27 13:10:40.330207+00",1.0367295746117653,50.8671875,18.7607504300172,1.015648339125669,1.5767385957066318,60,"v20260326-204532-4583"
1851,"2026-03-27 13:09:55.408877+00","2026-03-27 13:10:55.408877+00",1.1935020330712984,51.87890625,21.6,1.2358668615834236,1.5211688715953289,60,"v20260326-204532-4583"
1852,"2026-03-27 13:10:05.39726+00","2026-03-27 13:11:05.39726+00",1.3589207295888641,51.171875,22.92,1.3741676287344882,1.5211688715953289,60,"v20260326-204532-4583"
1853,"2026-03-27 13:10:10.352145+00","2026-03-27 13:11:10.352145+00",1.3589207295888641,51.171875,23.75904963801448,1.3689957452452544,1.6275735482413096,60,"v20260326-204532-4583"
1854,"2026-03-27 13:10:15.319116+00","2026-03-27 13:11:15.319116+00",1.3589207295888641,51.171875,24.32,1.4503773390784742,1.6275735482413096,60,"v20260326-204532-4583"
1855,"2026-03-27 13:10:25.390898+00","2026-03-27 13:11:25.390898+00",1.4906933384136558,51.66796875,25.758969641214353,1.5825543001035465,1.6275735482413096,60,"v20260326-204532-4583"
1856,"2026-03-27 13:10:30.338944+00","2026-03-27 13:11:30.338944+00",1.4906933384136558,51.66796875,26.520000000000003,1.6083207408880753,1.599862956434157,60,"v20260326-204532-4583"
1857,"2026-03-27 13:10:45.425674+00","2026-03-27 13:11:45.425674+00",1.5767385957066318,52.1640625,27.238910443582256,1.6421198226451634,1.6322685912240449,60,"v20260326-204532-4583"
1858,"2026-03-27 13:10:55.35104+00","2026-03-27 13:11:55.35104+00",1.5211688715953289,51.67578125,26.96,1.5658036367902477,1.6322685912240449,60,"v20260326-204532-4583"
1859,"2026-03-27 13:11:00.341745+00","2026-03-27 13:12:00.341745+00",1.5211688715953287,51.67578125,27.080000000000002,1.5545054063156865,1.596258108725425,60,"v20260326-204532-4583"
1860,"2026-03-27 13:11:05.310884+00","2026-03-27 13:12:05.310884+00",1.5211688715953289,51.67578125,27.12,1.5530918808113257,1.596258108725425,60,"v20260326-204532-4583"
1861,"2026-03-27 13:11:15.377023+00","2026-03-27 13:12:15.377023+00",1.6275735482413096,51.6328125,27.52,1.6057049533839298,1.596258108725425,60,"v20260326-204532-4583"
1862,"2026-03-27 13:11:20.327975+00","2026-03-27 13:12:20.327975+00",1.6275735482413096,51.6328125,27.92,1.6419796733048384,1.5708940331412893,60,"v20260326-204532-4583"
1863,"2026-03-27 13:11:35.416728+00","2026-03-27 13:12:35.416728+00",1.599862956434157,51.97265625,28.080000000000002,1.6542379526262687,1.573495397388857,60,"v20260326-204532-4583"
1864,"2026-03-27 13:11:55.345124+00","2026-03-27 13:12:55.345124+00",1.6322685912240449,52.203125,28.36,1.681744849345838,1.5842493204842916,60,"v20260326-204532-4583"
1865,"2026-03-27 13:12:05.385935+00","2026-03-27 13:13:05.385935+00",1.596258108725425,50.984375,28.078876844926203,1.636075658518499,1.1222030100059786,60,"v20260326-204532-4583"
1866,"2026-03-27 13:12:10.34198+00","2026-03-27 13:13:10.34198+00",1.596258108725425,50.984375,27.720000000000002,1.6055689394687302,1.5645911606915004,60,"v20260326-204532-4583"
1867,"2026-03-27 13:12:25.411593+00","2026-03-27 13:13:25.411593+00",1.5708940331412893,50.74609375,27.48,1.5878898446823504,1.613837675350739,60,"v20260326-204532-4583"
1868,"2026-03-27 13:12:30.320351+00","2026-03-27 13:13:30.320351+00",1.5708940331412893,50.74609375,27.560000000000002,1.6046957693494979,1.613837675350739,60,"v20260326-204532-4583"
1869,"2026-03-27 13:12:35.305901+00","2026-03-27 13:13:35.305901+00",1.573495397388857,51.7421875,27.64,1.615963938764496,1.613837675350739,60,"v20260326-204532-4583"
1870,"2026-03-27 13:12:40.343097+00","2026-03-27 13:13:40.343097+00",1.573495397388857,51.7421875,27.798888044478222,1.6296036619839536,1.5666809065383038,60,"v20260326-204532-4583"
1871,"2026-03-27 13:12:45.316567+00","2026-03-27 13:13:45.316567+00",1.573495397388857,51.7421875,27.720000000000002,1.6150900255888614,1.5666809065383038,60,"v20260326-204532-4583"
1872,"2026-03-27 13:12:55.364012+00","2026-03-27 13:13:55.364012+00",1.5842493204842916,51.25,28.041121644865793,1.6388838302769653,1.6152481481481156,60,"v20260326-204532-4583"
1873,"2026-03-27 13:13:00.326268+00","2026-03-27 13:14:00.326268+00",1.5842493204842916,51.25,28.040000000000003,1.6284904500100352,1.6152481481481156,60,"v20260326-204532-4583"
1874,"2026-03-27 13:13:05.320459+00","2026-03-27 13:14:05.320459+00",1.1222030100059786,51.51171875,27.761110444417778,1.422596373303227,1.6152481481481156,60,"v20260326-204532-4583"
1875,"2026-03-27 13:13:10.345876+00","2026-03-27 13:14:10.345876+00",1.5645911606915004,51.51171875,27.718891244350228,1.4991195010012637,1.588729490500907,60,"v20260326-204532-4583"
1876,"2026-03-27 13:13:15.342851+00","2026-03-27 13:14:15.342851+00",1.1462977138806278,51.51171875,27.76,1.3579680820742481,1.588729490500907,60,"v20260326-204532-4583"
1877,"2026-03-27 13:13:25.374522+00","2026-03-27 13:14:25.374522+00",1.613837675350739,51.27734375,27.598896044158234,1.4985912178173444,1.5862656771473682,60,"v20260326-204532-4583"
1878,"2026-03-27 13:13:30.32755+00","2026-03-27 13:14:30.32755+00",1.613837675350739,51.27734375,27.400000000000002,1.5394426113474944,1.5862656771473682,60,"v20260326-204532-4583"
1879,"2026-03-27 13:13:45.436766+00","2026-03-27 13:14:45.436766+00",1.5666809065383038,52.23828125,27.48,1.575540752596824,1.4998876314023406,60,"v20260326-204532-4583"
1880,"2026-03-27 13:13:55.379749+00","2026-03-27 13:14:55.379749+00",1.6152481481481156,51.73046875,28.12,1.6629259009665578,1.4002983334039885,60,"v20260326-204532-4583"
1881,"2026-03-27 13:14:00.336812+00","2026-03-27 13:15:00.336812+00",1.6152481481481156,51.73046875,28.1188752449902,1.6533947406017888,1.4002983334039885,60,"v20260326-204532-4583"
1882,"2026-03-27 13:14:05.33042+00","2026-03-27 13:15:05.33042+00",1.6152481481481156,51.73046875,28.12,1.6484732891025033,1.3748090019569452,60,"v20260326-204532-4583"
1883,"2026-03-27 13:14:15.384829+00","2026-03-27 13:15:15.384829+00",1.588729490500907,52.03515625,27.917766578673707,1.6240519174906856,1.2684220837712057,60,"v20260326-204532-4583"
1884,"2026-03-27 13:14:20.338256+00","2026-03-27 13:15:20.338256+00",1.588729490500907,52.03515625,27.840000000000003,1.6116299306065132,1.2684220837712057,60,"v20260326-204532-4583"
1885,"2026-03-27 13:14:25.317722+00","2026-03-27 13:15:25.317722+00",1.5862656771473682,51.8203125,27.64,1.6054025438114192,1.2684220837712057,60,"v20260326-204532-4583"
1886,"2026-03-27 13:14:30.339938+00","2026-03-27 13:15:30.339938+00",1.5862656771473682,51.8203125,27.721108844353775,1.612883245041939,1.1246768948468304,60,"v20260326-204532-4583"
1887,"2026-03-27 13:14:35.351669+00","2026-03-27 13:15:35.351669+00",1.5754941792020831,51.5390625,27.63889444422223,1.6067412815909883,1.1246768948468304,60,"v20260326-204532-4583"
1888,"2026-03-27 13:14:40.323266+00","2026-03-27 13:15:40.323266+00",1.564874707766893,51.5390625,27.20217617409393,1.5710442100651607,1.0501452396664523,60,"v20260326-204532-4583"
1889,"2026-03-27 13:14:45.317568+00","2026-03-27 13:15:45.317568+00",1.4998876314023406,51.5390625,26.6,1.5185674601075914,1.0501452396664523,60,"v20260326-204532-4583"
1890,"2026-03-27 13:14:50.344606+00","2026-03-27 13:15:50.344606+00",1.4304321673144065,51.5390625,26.08104324172967,1.4773598331809317,1.0501452396664523,60,"v20260326-204532-4583"
1891,"2026-03-27 13:14:55.306547+00","2026-03-27 13:15:55.306547+00",1.4002983334039885,51.2890625,25.078996840126393,1.4019889859557249,0.9639874536850338,60,"v20260326-204532-4583"
1892,"2026-03-27 13:15:00.374881+00","2026-03-27 13:16:00.374881+00",1.4002983334039885,51.2890625,24.240000000000002,1.3559681982417624,0.5982781108624655,60,"v20260326-204532-4583"
1893,"2026-03-27 13:15:05.332123+00","2026-03-27 13:16:05.332123+00",1.3748090019569452,51.2890625,23.92,1.3587662191520913,0.8283723323890692,60,"v20260326-204532-4583"
1894,"2026-03-27 13:15:10.354143+00","2026-03-27 13:16:10.354143+00",0.9348930348140887,51.2890625,23.32,1.1729297743739633,0.5384696284639746,60,"v20260326-204532-4583"
1895,"2026-03-27 13:15:15.310722+00","2026-03-27 13:16:15.310722+00",1.2684220837712057,51.0625,22.35910563577457,1.1949345389483768,0.7371597004107571,60,"v20260326-204532-4583"
1896,"2026-03-27 13:15:20.343257+00","2026-03-27 13:16:20.343257+00",1.2684220837712057,51.0625,21.960878435137406,1.1929707290036304,0.7371597004107571,60,"v20260326-204532-4583"
1897,"2026-03-27 13:15:35.448255+00","2026-03-27 13:16:35.448255+00",1.1246768948468304,51.0390625,19.759209631614734,1.0437331771173801,0.5655822743207697,60,"v20260326-204532-4583"
1898,"2026-03-27 13:15:45.381119+00","2026-03-27 13:16:45.381119+00",1.0501452396664523,51.51171875,18.23927042918283,0.9862880674297214,0.501589928512691,60,"v20260326-204532-4583"
1899,"2026-03-27 13:15:50.327674+00","2026-03-27 13:16:50.327674+00",1.0501452396664523,51.51171875,17.760710428417138,1.011853770445607,0.3837622575724267,60,"v20260326-204532-4583"
1900,"2026-03-27 13:15:55.326981+00","2026-03-27 13:16:55.326981+00",0.9639874536850338,51.27734375,16.799328026878925,0.9545904638559156,0.3837622575724267,60,"v20260326-204532-4583"
1901,"2026-03-27 13:16:00.329869+00","2026-03-27 13:17:00.329869+00",0.5982781108624655,51.27734375,15.880635225409016,0.7769799163316856,0.3837622575724267,60,"v20260326-204532-4583"
1902,"2026-03-27 13:16:05.338842+00","2026-03-27 13:17:05.338842+00",0.8283723323890692,51.27734375,15.440000000000001,0.8174513587102731,0.3837622575724267,60,"v20260326-204532-4583"
1903,"2026-03-27 13:16:10.43434+00","2026-03-27 13:17:10.43434+00",0.5384696284639746,51.27734375,14.440577623104923,0.6471365806727432,0.20215151678141396,60,"v20260326-204532-4583"
1904,"2026-03-27 13:16:15.332757+00","2026-03-27 13:17:15.332757+00",0.7371597004107571,51.76953125,13.64,0.6679645961099081,0.20215151678141396,60,"v20260326-204532-4583"
1905,"2026-03-27 13:16:20.36474+00","2026-03-27 13:17:20.36474+00",0.7371597004107571,51.76953125,12.880515220608823,0.648602199284427,0.202151516781414,60,"v20260326-204532-4583"
1906,"2026-03-27 13:16:25.333929+00","2026-03-27 13:17:25.333929+00",0.652956119892878,50.03515625,12.32,0.6341647929878803,0.0475558377144184,60,"v20260326-204532-4583"
1907,"2026-03-27 13:16:30.321846+00","2026-03-27 13:17:30.321846+00",0.652956119892878,50.03515625,11.199552017919284,0.6020440621730806,0.06849794178185865,60,"v20260326-204532-4583"
1908,"2026-03-27 13:16:35.307024+00","2026-03-27 13:17:35.307024+00",0.5655822743207697,50.52734375,10.520000000000001,0.5748468896057718,0.06849794178185865,60,"v20260326-204532-4583"
1909,"2026-03-27 13:16:40.350963+00","2026-03-27 13:17:40.350963+00",0.501589928512691,50.52734375,9.6,0.5276890113613683,0.048800216990122165,60,"v20260326-204532-4583"
1910,"2026-03-27 13:16:45.311561+00","2026-03-27 13:17:45.311561+00",0.501589928512691,50.52734375,8.8,0.489734058284205,0.002758648800108205,60,"v20260326-204532-4583"
1911,"2026-03-27 13:16:55.371302+00","2026-03-27 13:17:55.371302+00",0.3837622575724267,50.75390625,7.480299211968479,0.37288593885967974,0.002758648800108205,60,"v20260326-204532-4583"
1912,"2026-03-27 13:17:00.33053+00","2026-03-27 13:18:00.33053+00",0.3837622575724267,50.75390625,6.680000000000001,0.35396082680819896,0.002619562633726178,60,"v20260326-204532-4583"
1913,"2026-03-27 13:17:15.419388+00","2026-03-27 13:18:15.419388+00",0.20215151678141396,50.4921875,4.559817607295709,0.1748499546096508,0.0016053627405722293,60,"v20260326-204532-4583"
1914,"2026-03-27 13:17:20.326586+00","2026-03-27 13:18:20.326586+00",0.202151516781414,50.4921875,3.6799999999999997,0.16720080453044153,0.0023997051355124388,60,"v20260326-204532-4583"
1915,"2026-03-27 13:17:25.328829+00","2026-03-27 13:18:25.328829+00",0.0475558377144184,50.24609375,2.96,0.06500799602726137,0.0023997051355124388,60,"v20260326-204532-4583"
1916,"2026-03-27 13:17:30.360302+00","2026-03-27 13:18:30.360302+00",0.06849794178185865,50.24609375,2.1199152033918645,0.06071867308099468,0.0015469699156080933,60,"v20260326-204532-4583"
1917,"2026-03-27 13:17:35.379647+00","2026-03-27 13:18:35.379647+00",0.06849794178185865,50.24609375,1.4800592023680945,0.04539278153174988,0.002431853381511309,60,"v20260326-204532-4583"
1918,"2026-03-27 13:17:40.33867+00","2026-03-27 13:18:40.33867+00",0.048800216990122165,50.24609375,0.9200368014720588,0.03053705890541172,0.002431853381511309,60,"v20260326-204532-4583"
1919,"2026-03-27 13:17:45.346963+00","2026-03-27 13:18:45.346963+00",0.002758648800108205,49.98828125,0.6000000000000001,0.0023491760096743773,0.0024925055106509077,60,"v20260326-204532-4583"
1920,"2026-03-27 13:17:50.336739+00","2026-03-27 13:18:50.336739+00",0.002758648800108205,49.98828125,0.36000000000000004,0.0018402336455976367,0.0024925055106509077,60,"v20260326-204532-4583"
1921,"2026-03-27 13:18:05.406164+00","2026-03-27 13:19:05.406164+00",0.002619562633726178,50.484375,0.31998720051197954,0.002305201833449467,0.0024368789596797345,60,"v20260326-204532-4583"
1922,"2026-03-27 13:18:10.313228+00","2026-03-27 13:19:10.313228+00",0.002619562633726178,50.484375,0.28,0.0024702804013199257,0.0024368789596797345,60,"v20260326-204532-4583"
1923,"2026-03-27 13:18:15.307468+00","2026-03-27 13:19:15.307468+00",0.0016053627405722293,49.98828125,0.32,0.002775405358483007,0.0023963797120508624,60,"v20260326-204532-4583"
1924,"2026-03-27 13:18:20.334808+00","2026-03-27 13:19:20.334808+00",0.0023997051355124388,49.98828125,0.28,0.0025660863637324486,0.0023963797120508624,60,"v20260326-204532-4583"
1925,"2026-03-27 13:18:25.334338+00","2026-03-27 13:19:25.334338+00",0.0023997051355124388,49.98828125,0.32,0.0029931319738712393,0.0023963797120508624,60,"v20260326-204532-4583"
1926,"2026-03-27 13:18:30.339213+00","2026-03-27 13:19:30.339213+00",0.0015469699156080933,49.98828125,0.2800112004480179,0.0020960896788524354,0.02510822855326743,60,"v20260326-204532-4583"
1927,"2026-03-27 13:18:35.326038+00","2026-03-27 13:19:35.326038+00",0.002431853381511309,50.234375,0.32,0.0026255068365966245,0.02510822855326743,60,"v20260326-204532-4583"
1928,"2026-03-27 13:18:40.339693+00","2026-03-27 13:19:40.339693+00",0.002431853381511309,50.234375,0.28,0.0018769852770543218,0.02510822855326743,60,"v20260326-204532-4583"
1929,"2026-03-27 13:18:45.331995+00","2026-03-27 13:19:45.331995+00",0.0024925055106509077,49.98828125,0.32,0.00266844320293414,0.055613897280955935,60,"v20260326-204532-4583"
1930,"2026-03-27 13:18:50.337718+00","2026-03-27 13:19:50.337718+00",0.0024925055106509077,49.98828125,0.28,0.0022692289482941596,0.055613897280955935,60,"v20260326-204532-4583"
1931,"2026-03-27 13:18:55.336286+00","2026-03-27 13:19:55.336286+00",0.0024925055106509077,49.98828125,0.32,0.002804789833533874,0.055613897280955935,60,"v20260326-204532-4583"
1932,"2026-03-27 13:19:05.334489+00","2026-03-27 13:20:05.334489+00",0.0024368789596797345,49.98828125,0.32,0.002793042165375447,0.06580459540460488,60,"v20260326-204532-4583"
1933,"2026-03-27 13:19:10.328418+00","2026-03-27 13:20:10.328418+00",0.0024368789596797345,49.98828125,0.28,0.002264953167616587,0.06580459540460488,60,"v20260326-204532-4583"
1934,"2026-03-27 13:19:15.328388+00","2026-03-27 13:20:15.328388+00",0.0023963797120508624,49.98828125,0.32,0.0027220657615380224,0.06308410726723315,60,"v20260326-204532-4583"
1935,"2026-03-27 13:19:20.331203+00","2026-03-27 13:20:20.331203+00",0.0023963797120508624,49.98828125,0.28,0.0022974785080644568,0.06308410726723315,60,"v20260326-204532-4583"
1936,"2026-03-27 13:19:25.339137+00","2026-03-27 13:20:25.339137+00",0.0023963797120508624,49.98828125,0.32001280051202047,0.002775547891609104,0.06308410726723315,60,"v20260326-204532-4583"
1937,"2026-03-27 13:19:35.375343+00","2026-03-27 13:20:35.375343+00",0.02510822855326743,50.24609375,0.6799999999999999,0.021873403377672036,0.06142322676746553,60,"v20260326-204532-4583"
1938,"2026-03-27 13:19:40.335567+00","2026-03-27 13:20:40.335567+00",0.02510822855326743,50.24609375,0.76,0.030198879174432702,0.06142322676746553,60,"v20260326-204532-4583"
1939,"2026-03-27 13:19:45.317077+00","2026-03-27 13:20:45.317077+00",0.055613897280955935,50.9921875,1.0399584016639336,0.0532740664061359,0.03667046960820035,60,"v20260326-204532-4583"
1940,"2026-03-27 13:19:50.325391+00","2026-03-27 13:20:50.325391+00",0.055613897280955935,50.9921875,1.24,0.07322987382007164,0.055971207745917614,60,"v20260326-204532-4583"
1941,"2026-03-27 13:19:55.328757+00","2026-03-27 13:20:55.328757+00",0.055613897280955935,50.9921875,1.32,0.07766338169148249,0.05873151031093836,60,"v20260326-204532-4583"
1942,"2026-03-27 13:20:05.36341+00","2026-03-27 13:21:05.36341+00",0.06580459540460488,50.23828125,1.48,0.08818942476801661,0.04863774140754914,60,"v20260326-204532-4583"
1943,"2026-03-27 13:20:10.349144+00","2026-03-27 13:21:10.349144+00",0.06580459540460488,50.23828125,1.360054402176087,0.07379155524918955,0.038327674336526535,60,"v20260326-204532-4583"
1944,"2026-03-27 13:20:15.328086+00","2026-03-27 13:21:15.328086+00",0.06308410726723315,50.25,1.4000000000000001,0.0709009987447027,0.06270563002679261,60,"v20260326-204532-4583"
1945,"2026-03-27 13:20:20.340851+00","2026-03-27 13:21:20.340851+00",0.06308410726723315,50.25,1.36,0.06835682091474661,0.06270563002679261,60,"v20260326-204532-4583"
1946,"2026-03-27 13:20:25.459865+00","2026-03-27 13:21:25.459865+00",0.06308410726723315,50.25,1.36,0.06517976463638903,0.05229919693507912,60,"v20260326-204532-4583"
1947,"2026-03-27 13:20:35.395621+00","2026-03-27 13:21:35.395621+00",0.06142322676746553,50.50390625,1.359945602175913,0.06732095217544928,0.5865281871432445,60,"v20260326-204532-4583"
1948,"2026-03-27 13:20:40.33222+00","2026-03-27 13:21:40.33222+00",0.06142322676746553,50.50390625,1.32,0.06177194013583055,1.134607558579029,60,"v20260326-204532-4583"
1949,"2026-03-27 13:20:45.339073+00","2026-03-27 13:21:45.339073+00",0.03667046960820035,50.0,1.32,0.05179336716894635,1.134607558579029,60,"v20260326-204532-4583"
1950,"2026-03-27 13:20:50.328345+00","2026-03-27 13:21:50.328345+00",0.055971207745917614,50.0,1.24,0.05140417346138433,0.7513749455429857,60,"v20260326-204532-4583"
1951,"2026-03-27 13:20:55.326589+00","2026-03-27 13:21:55.326589+00",0.05873151031093836,50.24609375,1.359945602175913,0.05990245669125118,1.3272099695463375,60,"v20260326-204532-4583"
1952,"2026-03-27 13:21:00.331823+00","2026-03-27 13:22:00.331823+00",0.05873151031093835,50.24609375,1.32,0.05731204080786759,0.9715619380402373,60,"v20260326-204532-4583"
1953,"2026-03-27 13:21:05.321161+00","2026-03-27 13:22:05.321161+00",0.04863774140754914,50.24609375,1.32,0.05458428899798532,1.3550208065370357,60,"v20260326-204532-4583"
1954,"2026-03-27 13:21:10.338593+00","2026-03-27 13:22:10.338593+00",0.038327674336526535,50.24609375,1.32,0.05188460383773258,1.3550208065370357,60,"v20260326-204532-4583"
1955,"2026-03-27 13:21:15.328041+00","2026-03-27 13:22:15.328041+00",0.06270563002679261,50.49609375,1.36,0.06149637665900331,1.3489294326503605,60,"v20260326-204532-4583"
1956,"2026-03-27 13:21:20.345629+00","2026-03-27 13:22:20.345629+00",0.06270563002679261,50.49609375,1.2800512020480819,0.05497423414843755,1.343104261630884,60,"v20260326-204532-4583"
1957,"2026-03-27 13:21:25.331389+00","2026-03-27 13:22:25.331389+00",0.05229919693507912,49.99609375,1.2800512020480819,0.05466485956728629,1.343104261630884,60,"v20260326-204532-4583"
1958,"2026-03-27 13:21:30.340694+00","2026-03-27 13:22:30.340694+00",0.05229919693507912,49.99609375,4.279828806847727,0.139443144809698,1.3262769180327583,60,"v20260326-204532-4583"
1959,"2026-03-27 13:21:35.311948+00","2026-03-27 13:22:35.311948+00",0.5865281871432445,52.06640625,8.84,1.0974060148445077,1.3262769180327583,60,"v20260326-204532-4583"
1960,"2026-03-27 13:21:40.343644+00","2026-03-27 13:22:40.343644+00",1.134607558579029,52.06640625,13.28,1.5333777904836163,1.3262769180327583,60,"v20260326-204532-4583"
1961,"2026-03-27 13:21:45.334547+00","2026-03-27 13:22:45.334547+00",1.134607558579029,52.06640625,17.720000000000002,1.7956813165830228,0.9770081533194122,60,"v20260326-204532-4583"
1962,"2026-03-27 13:21:50.335014+00","2026-03-27 13:22:50.335014+00",0.7513749455429857,52.06640625,22.080000000000002,1.50899692208348,1.2834261455755824,60,"v20260326-204532-4583"
1963,"2026-03-27 13:21:55.333859+00","2026-03-27 13:22:55.333859+00",1.3272099695463375,51.828125,23.320932837313492,1.278577847312923,0.8810506585018779,60,"v20260326-204532-4583"
1964,"2026-03-27 13:22:00.337931+00","2026-03-27 13:23:00.337931+00",0.9715619380402373,51.828125,23.400000000000002,0.859233346863893,1.352285387896028,60,"v20260326-204532-4583"
1965,"2026-03-27 13:22:05.341694+00","2026-03-27 13:23:05.341694+00",1.3550208065370357,51.8515625,23.36,1.0344234737510571,1.352285387896028,60,"v20260326-204532-4583"
1966,"2026-03-27 13:22:10.335422+00","2026-03-27 13:23:10.335422+00",1.3550208065370357,51.8515625,23.32,1.2593769691188335,1.352285387896028,60,"v20260326-204532-4583"
1967,"2026-03-27 13:22:15.341387+00","2026-03-27 13:23:15.341387+00",1.3489294326503605,51.3515625,23.399064037438503,1.4481362587709612,1.2912404476599628,60,"v20260326-204532-4583"
1968,"2026-03-27 13:22:20.343072+00","2026-03-27 13:23:20.343072+00",1.343104261630884,51.3515625,23.519059237630497,1.5136859934678637,1.2912404476599628,60,"v20260326-204532-4583"
1969,"2026-03-27 13:22:25.326247+00","2026-03-27 13:23:25.326247+00",1.343104261630884,51.3515625,23.36,1.47118305885791,1.2912404476599628,60,"v20260326-204532-4583"
1970,"2026-03-27 13:22:35.372746+00","2026-03-27 13:23:35.372746+00",1.3262769180327583,51.375,23.240000000000002,1.40435889511053,0.7221469749518061,60,"v20260326-204532-4583"
1971,"2026-03-27 13:22:40.324545+00","2026-03-27 13:23:40.324545+00",1.3262769180327583,51.375,23.160926437057483,1.3667561044210232,0.7221469749518061,60,"v20260326-204532-4583"
1972,"2026-03-27 13:22:45.332009+00","2026-03-27 13:23:45.332009+00",0.9770081533194122,51.37109375,23.160926437057483,1.2268561511627551,0.5116693172690557,60,"v20260326-204532-4583"
1973,"2026-03-27 13:22:50.340057+00","2026-03-27 13:23:50.340057+00",1.2834261455755824,51.37109375,23.28,1.2920052611674666,0.2826590356393967,60,"v20260326-204532-4583"
1974,"2026-03-27 13:22:55.342725+00","2026-03-27 13:23:55.342725+00",0.8810506585018779,51.37109375,23.28093123724949,1.12236836150899,0.2826590356393967,60,"v20260326-204532-4583"
1975,"2026-03-27 13:23:05.376234+00","2026-03-27 13:24:05.376234+00",1.352285387896028,51.59375,23.720000000000002,1.2725845977731831,0.27840566868143773,60,"v20260326-204532-4583"
1976,"2026-03-27 13:23:25.412787+00","2026-03-27 13:24:25.412787+00",1.2912404476599628,51.39453125,23.36,1.2532101078894602,0.20486203631646388,60,"v20260326-204532-4583"
1977,"2026-03-27 13:23:35.362836+00","2026-03-27 13:24:35.362836+00",0.7221469749518061,50.3046875,17.31930722771089,0.7156344785127555,0.5606091825308281,60,"v20260326-204532-4583"
1978,"2026-03-27 13:23:40.338715+00","2026-03-27 13:24:40.338715+00",0.7221469749518061,50.3046875,13.6,0.614460222196471,0.5606091825308281,60,"v20260326-204532-4583"
1979,"2026-03-27 13:23:45.33431+00","2026-03-27 13:24:45.33431+00",0.5116693172690557,50.81640625,10.15959361625535,0.46357735137171585,0.5606091825308281,60,"v20260326-204532-4583"
1980,"2026-03-27 13:23:50.328103+00","2026-03-27 13:24:50.328103+00",0.2826590356393967,50.81640625,6.32,0.26281319659361035,1.6096683489162757,60,"v20260326-204532-4583"
1981,"2026-03-27 13:23:55.336296+00","2026-03-27 13:24:55.336296+00",0.2826590356393967,50.81640625,5.200208008320333,0.26754193360033734,1.6096683489162757,60,"v20260326-204532-4583"
1982,"2026-03-27 13:24:00.326418+00","2026-03-27 13:25:00.326418+00",0.1694870687533096,50.81640625,5.160206408256331,0.26195158579056743,1.5908192723227987,60,"v20260326-204532-4583"
1983,"2026-03-27 13:24:05.313825+00","2026-03-27 13:25:05.313825+00",0.27840566868143773,50.8125,5.239790408383665,0.3219879327178239,1.5908192723227987,60,"v20260326-204532-4583"
1984,"2026-03-27 13:24:10.335968+00","2026-03-27 13:25:10.335968+00",0.2784056686814377,50.8125,5.160206408256331,0.273502576027708,1.5908192723227987,60,"v20260326-204532-4583"
1985,"2026-03-27 13:24:15.323584+00","2026-03-27 13:25:15.323584+00",0.20528491666665843,51.8125,5.199792008319668,0.24268236201594293,1.629329821593393,60,"v20260326-204532-4583"
1986,"2026-03-27 13:24:20.310988+00","2026-03-27 13:25:20.310988+00",0.28192023346302375,51.8125,5.119795208191673,0.26349506693300445,1.629329821593393,60,"v20260326-204532-4583"
1987,"2026-03-27 13:24:25.320881+00","2026-03-27 13:25:25.320881+00",0.20486203631646388,51.8125,5.079796808127675,0.24282199326369347,1.1944073812160632,60,"v20260326-204532-4583"
1988,"2026-03-27 13:24:35.352571+00","2026-03-27 13:25:35.352571+00",0.5606091825308281,51.41796875,12.440000000000001,1.0102287995038943,1.6221725096329696,60,"v20260326-204532-4583"
1989,"2026-03-27 13:24:40.441044+00","2026-03-27 13:25:40.441044+00",0.5606091825308281,51.41796875,16.96,1.234161299497329,1.6221725096329696,60,"v20260326-204532-4583"
1990,"2026-03-27 13:24:55.42999+00","2026-03-27 13:25:55.42999+00",1.6096683489162757,51.6640625,27.918883244670212,1.961231048246126,1.5914936272943503,60,"v20260326-204532-4583"
1991,"2026-03-27 13:25:05.383098+00","2026-03-27 13:26:05.383098+00",1.5908192723227987,52.140625,27.560000000000002,1.1704347856683737,1.5672976459936199,60,"v20260326-204532-4583"
1992,"2026-03-27 13:25:10.339484+00","2026-03-27 13:26:10.339484+00",1.5908192723227987,52.140625,27.76,1.2216519262204868,1.1026983804662445,60,"v20260326-204532-4583"
1993,"2026-03-27 13:25:15.339237+00","2026-03-27 13:26:15.339237+00",1.629329821593393,51.4375,27.880000000000003,1.2983900708572789,1.5877366110623878,60,"v20260326-204532-4583"
1994,"2026-03-27 13:25:20.344537+00","2026-03-27 13:26:20.344537+00",1.629329821593393,51.4375,27.80111204448178,1.4464971291671556,1.5877366110623878,60,"v20260326-204532-4583"
1995,"2026-03-27 13:25:25.325378+00","2026-03-27 13:26:25.325378+00",1.1944073812160632,51.4375,28.400000000000002,1.4704039856199649,1.595483639996615,60,"v20260326-204532-4583"
1996,"2026-03-27 13:25:35.369459+00","2026-03-27 13:26:35.369459+00",1.6221725096329696,51.2109375,28.28,1.5809608469466008,1.2656260517157507,60,"v20260326-204532-4583"
1997,"2026-03-27 13:25:40.329526+00","2026-03-27 13:26:40.329526+00",1.6221725096329696,51.2109375,28.200000000000003,1.6036490212871997,0.8950068288119656,60,"v20260326-204532-4583"
1998,"2026-03-27 13:25:45.328862+00","2026-03-27 13:26:45.328862+00",1.6129979212767735,51.69921875,28.52,1.6714214017162952,0.7045381853335311,60,"v20260326-204532-4583"
1999,"2026-03-27 13:25:50.319009+00","2026-03-27 13:26:50.319009+00",1.6129979212767735,51.69921875,27.840000000000003,1.5930664961192427,0.5199909362820977,60,"v20260326-204532-4583"
2000,"2026-03-27 13:25:55.307892+00","2026-03-27 13:26:55.307892+00",1.5914936272943503,51.69140625,28.12,1.622052909122329,0.5265598100714668,60,"v20260326-204532-4583"
2001,"2026-03-27 13:26:00.341498+00","2026-03-27 13:27:00.341498+00",1.5672976459936196,51.69140625,27.880000000000003,1.6055219525175264,0.532638346053863,60,"v20260326-204532-4583"
2002,"2026-03-27 13:26:05.322238+00","2026-03-27 13:27:05.322238+00",1.5672976459936199,51.69140625,27.8,1.6038478980250408,0.532638346053863,60,"v20260326-204532-4583"
2003,"2026-03-27 13:26:10.350423+00","2026-03-27 13:27:10.350423+00",1.1026983804662445,51.69140625,27.44,1.4071725073739667,0.3307950448167516,60,"v20260326-204532-4583"
2004,"2026-03-27 13:26:15.334408+00","2026-03-27 13:27:15.334408+00",1.5877366110623878,51.47265625,27.47890084396624,1.497123130987617,0.5438850739395292,60,"v20260326-204532-4583"
2005,"2026-03-27 13:26:20.334493+00","2026-03-27 13:27:20.334493+00",1.5877366110623878,51.47265625,27.64,1.5263054242155532,0.5438850739395292,60,"v20260326-204532-4583"
2006,"2026-03-27 13:26:25.33808+00","2026-03-27 13:27:25.33808+00",1.595483639996615,52.421875,27.718891244350225,1.5561544332860642,0.3243661079152288,60,"v20260326-204532-4583"
2007,"2026-03-27 13:26:30.339865+00","2026-03-27 13:27:30.339865+00",1.595483639996615,52.421875,25.44,1.4072630248239295,0.41469682358204657,60,"v20260326-204532-4583"
2008,"2026-03-27 13:26:35.309767+00","2026-03-27 13:27:35.309767+00",1.2656260517157507,51.63671875,21.96,1.1354137650575435,0.4111247281752102,60,"v20260326-204532-4583"
2009,"2026-03-27 13:26:40.328314+00","2026-03-27 13:27:40.328314+00",0.8950068288119656,51.63671875,18.320732829313172,0.8784737683583274,0.3210826666826821,60,"v20260326-204532-4583"
2010,"2026-03-27 13:26:45.334891+00","2026-03-27 13:27:45.334891+00",0.7045381853335311,50.90625,14.4,0.6808788655658714,0.5147323028673895,60,"v20260326-204532-4583"
2011,"2026-03-27 13:26:50.341471+00","2026-03-27 13:27:50.341471+00",0.5199909362820977,50.90625,10.92,0.5331979223401411,0.5147323028673895,60,"v20260326-204532-4583"
2012,"2026-03-27 13:26:55.342702+00","2026-03-27 13:27:55.342702+00",0.5265598100714668,50.66796875,9.679612815487381,0.5604758889177515,0.5147323028673895,60,"v20260326-204532-4583"
2013,"2026-03-27 13:27:00.336789+00","2026-03-27 13:28:00.336789+00",0.532638346053863,50.66796875,9.719999999999999,0.6370365306356464,0.48062024115973523,60,"v20260326-204532-4583"
2014,"2026-03-27 13:27:05.364791+00","2026-03-27 13:28:05.364791+00",0.532638346053863,50.66796875,9.799608015679373,0.6766120947346177,0.48062024115973523,60,"v20260326-204532-4583"
2015,"2026-03-27 13:27:10.330459+00","2026-03-27 13:28:10.330459+00",0.3307950448167516,50.66796875,9.959999999999999,0.5637977098260893,0.48062024115973523,60,"v20260326-204532-4583"
2016,"2026-03-27 13:27:15.343026+00","2026-03-27 13:28:15.343026+00",0.5438850739395292,51.65234375,9.88,0.5547524560961667,0.05957090340963371,60,"v20260326-204532-4583"
2017,"2026-03-27 13:27:20.339028+00","2026-03-27 13:28:20.339028+00",0.5438850739395292,51.65234375,9.760390415616623,0.4417882317600118,0.04275304452870395,60,"v20260326-204532-4583"
2018,"2026-03-27 13:27:25.324737+00","2026-03-27 13:28:25.324737+00",0.3243661079152288,51.15625,9.76,0.3369757964342064,0.05998481012657732,60,"v20260326-204532-4583"
2019,"2026-03-27 13:27:30.331172+00","2026-03-27 13:28:30.331172+00",0.41469682358204657,51.15625,9.56038241529661,0.41724004387427843,0.06027380646814966,60,"v20260326-204532-4583"
2020,"2026-03-27 13:27:35.357103+00","2026-03-27 13:28:35.357103+00",0.4111247281752102,51.15625,9.32,0.4307036388280845,0.06027380646814966,60,"v20260326-204532-4583"
2021,"2026-03-27 13:27:40.330496+00","2026-03-27 13:28:40.330496+00",0.3210826666826821,51.15625,9.440377615104603,0.41421228267129034,0.04763365610333152,60,"v20260326-204532-4583"
2022,"2026-03-27 13:27:45.341027+00","2026-03-27 13:28:45.341027+00",0.5147323028673895,50.91796875,9.479620815167394,0.45845220298770556,0.04763365610333152,60,"v20260326-204532-4583"
2023,"2026-03-27 13:27:50.325142+00","2026-03-27 13:28:50.325142+00",0.5147323028673895,50.91796875,9.48,0.4709682868811687,0.04763365610333152,60,"v20260326-204532-4583"
2024,"2026-03-27 13:28:05.441032+00","2026-03-27 13:29:05.441032+00",0.48062024115973523,50.91015625,7.19971201151954,0.3502599027884592,0.03894150615098542,60,"v20260326-204532-4583"
2025,"2026-03-27 13:28:10.329725+00","2026-03-27 13:29:10.329725+00",0.48062024115973523,50.91015625,5.480219208768351,0.3021160221667883,0.052559023228113295,60,"v20260326-204532-4583"
2026,"2026-03-27 13:28:15.328433+00","2026-03-27 13:29:15.328433+00",0.05957090340963371,50.63671875,3.8398464061437547,0.05133264149948383,0.052559023228113295,60,"v20260326-204532-4583"
2027,"2026-03-27 13:28:20.336215+00","2026-03-27 13:29:20.336215+00",0.04275304452870395,50.63671875,2.1999120035198594,0.03367133889798827,0.059185432695030925,60,"v20260326-204532-4583"
2028,"2026-03-27 13:28:25.339571+00","2026-03-27 13:29:25.339571+00",0.05998481012657732,50.88671875,1.32,0.03338223079005098,0.059185432695030925,60,"v20260326-204532-4583"
2029,"2026-03-27 13:28:30.335708+00","2026-03-27 13:29:30.335708+00",0.06027380646814966,50.88671875,1.2000480019200768,0.045369931803230276,0.05918543269503093,60,"v20260326-204532-4583"
2030,"2026-03-27 13:28:35.333363+00","2026-03-27 13:29:35.333363+00",0.06027380646814966,50.88671875,1.24,0.06164018676400115,0.05918543269503093,60,"v20260326-204532-4583"
2031,"2026-03-27 13:28:45.37661+00","2026-03-27 13:29:45.37661+00",0.04763365610333152,50.13671875,1.160046401856074,0.06011276946009144,0.0024516627996555283,60,"v20260326-204532-4583"
2032,"2026-03-27 13:28:50.325247+00","2026-03-27 13:29:50.325247+00",0.04763365610333152,50.13671875,1.2000000000000002,0.06773716806343445,0.0017390052848423269,60,"v20260326-204532-4583"
2033,"2026-03-27 13:28:55.331275+00","2026-03-27 13:29:55.331275+00",0.05515663863126757,50.13671875,1.1999520019199232,0.06595727209211243,0.0024462772669737154,60,"v20260326-204532-4583"
2034,"2026-03-27 13:29:00.306317+00","2026-03-27 13:30:00.306317+00",0.05515663863126757,50.13671875,1.1600000000000001,0.062223738130234164,0.0018018462922772733,60,"v20260326-204532-4583"
2035,"2026-03-27 13:29:05.318476+00","2026-03-27 13:30:05.318476+00",0.03894150615098542,50.13671875,1.16,0.05381540556471268,0.002513729620085243,60,"v20260326-204532-4583"
2036,"2026-03-27 13:29:15.380229+00","2026-03-27 13:30:15.380229+00",0.052559023228113295,50.87890625,1.24,0.05766130869104725,0.0025651815181476243,60,"v20260326-204532-4583"
2037,"2026-03-27 13:29:25.389605+00","2026-03-27 13:30:25.389605+00",0.059185432695030925,50.13671875,1.3199472021119156,0.06298030001814907,0.002366189719121333,60,"v20260326-204532-4583"
2038,"2026-03-27 13:29:30.348041+00","2026-03-27 13:30:30.348041+00",0.05918543269503093,50.13671875,1.2399504019839207,0.055488710256201605,0.002366189719121333,60,"v20260326-204532-4583"
2039,"2026-03-27 13:29:35.333083+00","2026-03-27 13:30:35.333083+00",0.05918543269503093,50.13671875,1.04,0.04564071900692936,0.0024388650483889137,60,"v20260326-204532-4583"
2040,"2026-03-27 13:29:45.372046+00","2026-03-27 13:30:45.372046+00",0.0024516627996555283,50.1328125,0.64,0.00229198995844707,0.0024388650483889137,60,"v20260326-204532-4583"
2041,"2026-03-27 13:29:50.32446+00","2026-03-27 13:30:50.32446+00",0.0017390052848423269,50.1328125,0.4000160006400256,0.0015660825753392104,0.0023986277248143704,60,"v20260326-204532-4583"
2042,"2026-03-27 13:29:55.330113+00","2026-03-27 13:30:55.330113+00",0.0024462772669737154,50.1328125,0.32001280051202047,0.001790652488433019,0.0023986277248143704,60,"v20260326-204532-4583"
2043,"2026-03-27 13:30:00.339626+00","2026-03-27 13:31:00.339626+00",0.0018018462922772733,50.1328125,0.28,0.0017976377782538992,0.0023986277248143704,60,"v20260326-204532-4583"
2044,"2026-03-27 13:30:05.346833+00","2026-03-27 13:31:05.346833+00",0.002513729620085243,50.62890625,0.32,0.0026670515182244184,0.002473773385110627,60,"v20260326-204532-4583"
2045,"2026-03-27 13:30:10.325209+00","2026-03-27 13:31:10.325209+00",0.0025651815181476243,50.62890625,0.2799888004479821,0.0022333342955709393,0.0024737733851106273,60,"v20260326-204532-4583"
2046,"2026-03-27 13:30:15.317527+00","2026-03-27 13:31:15.317527+00",0.0025651815181476243,50.62890625,0.31998720051197954,0.0029880559637159372,0.002407024873321809,60,"v20260326-204532-4583"
2047,"2026-03-27 13:30:25.365109+00","2026-03-27 13:31:25.365109+00",0.002366189719121333,50.140625,0.32,0.0029825941617240715,0.0023261167208754115,60,"v20260326-204532-4583"
2048,"2026-03-27 13:30:30.333542+00","2026-03-27 13:31:30.333542+00",0.002366189719121333,50.140625,0.2799888004479821,0.002422778398562628,0.0015481857521906447,60,"v20260326-204532-4583"
2049,"2026-03-27 13:30:35.339609+00","2026-03-27 13:31:35.339609+00",0.0024388650483889137,50.1328125,0.32001280051202047,0.0029362934959895337,0.022777568468291282,60,"v20260326-204532-4583"
2050,"2026-03-27 13:30:40.325478+00","2026-03-27 13:31:40.325478+00",0.0024388650483889137,50.1328125,0.2800112004480179,0.0022626253375545675,0.022777568468291282,60,"v20260326-204532-4583"
2051,"2026-03-27 13:30:45.323228+00","2026-03-27 13:31:45.323228+00",0.0024388650483889137,50.1328125,0.32,0.002788980500766342,0.05220393863402184,60,"v20260326-204532-4583"
2052,"2026-03-27 13:30:55.379335+00","2026-03-27 13:31:55.379335+00",0.0023986277248143704,50.3828125,0.32001280051202047,0.002717091387826941,0.05220393863402184,60,"v20260326-204532-4583"
2053,"2026-03-27 13:31:00.334776+00","2026-03-27 13:32:00.334776+00",0.0023986277248143704,50.3828125,0.2799888004479821,0.0022069973221759236,0.05715793132212614,60,"v20260326-204532-4583"
2054,"2026-03-27 13:31:05.333335+00","2026-03-27 13:32:05.333335+00",0.002473773385110627,50.1328125,0.32,0.0027496012431663637,0.05715793132212614,60,"v20260326-204532-4583"
2055,"2026-03-27 13:31:10.336827+00","2026-03-27 13:32:10.336827+00",0.0024737733851106273,50.1328125,0.2799888004479821,0.0022745448150292232,0.05715793132212614,60,"v20260326-204532-4583"
2056,"2026-03-27 13:31:15.320613+00","2026-03-27 13:32:15.320613+00",0.002407024873321809,50.1328125,0.32001280051202047,0.002763356953755948,0.05715793132212614,60,"v20260326-204532-4583"
2057,"2026-03-27 13:31:20.3373+00","2026-03-27 13:32:20.3373+00",0.0023261167208754115,50.1328125,0.28,0.0023105255478526716,0.055073656755344744,60,"v20260326-204532-4583"
2058,"2026-03-27 13:31:25.321616+00","2026-03-27 13:32:25.321616+00",0.0023261167208754115,50.1328125,0.32001280051202047,0.0027514649176920863,0.055073656755344744,60,"v20260326-204532-4583"
2059,"2026-03-27 13:31:30.336291+00","2026-03-27 13:32:30.336291+00",0.0015481857521906447,50.1328125,0.4,0.002917523609114534,0.05699071526826039,60,"v20260326-204532-4583"
2060,"2026-03-27 13:31:35.315259+00","2026-03-27 13:32:35.315259+00",0.022777568468291282,50.88671875,0.6000240009600384,0.03183486771587403,0.05699071526826039,60,"v20260326-204532-4583"
2061,"2026-03-27 13:31:40.345749+00","2026-03-27 13:32:40.345749+00",0.022777568468291282,50.88671875,0.76,0.03624642283928744,0.05699071526826039,60,"v20260326-204532-4583"
2062,"2026-03-27 13:31:45.335366+00","2026-03-27 13:32:45.335366+00",0.05220393863402184,50.39453125,0.96,0.047453338697172574,0.05342712967987775,60,"v20260326-204532-4583"
2063,"2026-03-27 13:31:50.337501+00","2026-03-27 13:32:50.337501+00",0.05220393863402184,50.39453125,1.1600000000000001,0.06789004162866806,0.0494733307897531,60,"v20260326-204532-4583"
2064,"2026-03-27 13:31:55.309839+00","2026-03-27 13:32:55.309839+00",0.05220393863402184,50.39453125,1.24,0.0712601814596819,0.0494733307897531,60,"v20260326-204532-4583"
2065,"2026-03-27 13:32:05.389328+00","2026-03-27 13:33:05.389328+00",0.05715793132212614,50.38671875,1.28,0.06809910700999251,0.04991680384086471,60,"v20260326-204532-4583"
2066,"2026-03-27 13:32:10.327547+00","2026-03-27 13:33:10.327547+00",0.05715793132212614,50.38671875,1.24,0.07184709547469505,0.04991680384086471,60,"v20260326-204532-4583"
2067,"2026-03-27 13:32:25.416847+00","2026-03-27 13:33:25.416847+00",0.055073656755344744,50.15234375,1.24,0.06274074859934797,0.058688448143576495,60,"v20260326-204532-4583"
2068,"2026-03-27 13:32:35.376187+00","2026-03-27 13:33:35.376187+00",0.05699071526826039,50.88671875,1.28,0.07448013451441732,0.057410333048656684,60,"v20260326-204532-4583"
2069,"2026-03-27 13:32:40.326179+00","2026-03-27 13:33:40.326179+00",0.05699071526826039,50.88671875,1.1600000000000001,0.0630687204075458,0.057410333048656684,60,"v20260326-204532-4583"
2070,"2026-03-27 13:32:45.336438+00","2026-03-27 13:33:45.336438+00",0.05342712967987775,50.39453125,1.2,0.05989557283855676,0.04441555152573882,60,"v20260326-204532-4583"
2071,"2026-03-27 13:32:50.328988+00","2026-03-27 13:33:50.328988+00",0.0494733307897531,50.39453125,1.2000000000000002,0.05514879859469246,0.062037225400850354,60,"v20260326-204532-4583"
2072,"2026-03-27 13:32:55.336694+00","2026-03-27 13:33:55.336694+00",0.0494733307897531,50.39453125,1.2,0.05862810578520141,0.062037225400850354,60,"v20260326-204532-4583"
2073,"2026-03-27 13:33:05.370545+00","2026-03-27 13:34:05.370545+00",0.04991680384086471,50.3828125,1.1999520019199232,0.05522270998528966,0.838302618648471,60,"v20260326-204532-4583"
2074,"2026-03-27 13:33:10.338437+00","2026-03-27 13:34:10.338437+00",0.04991680384086471,50.3828125,1.2000000000000002,0.05494628923838866,0.8383026186484709,60,"v20260326-204532-4583"
2075,"2026-03-27 13:33:15.327905+00","2026-03-27 13:34:15.327905+00",0.058688448143576495,50.14453125,1.2,0.055650180318345004,0.8383026186484709,60,"v20260326-204532-4583"
2076,"2026-03-27 13:33:20.321782+00","2026-03-27 13:34:20.321782+00",0.058688448143576495,50.14453125,1.2400496019840794,0.05895338055599831,1.4938448734250431,60,"v20260326-204532-4583"
2077,"2026-03-27 13:33:25.325584+00","2026-03-27 13:34:25.325584+00",0.058688448143576495,50.14453125,1.3199472021119156,0.06429097669552877,1.4938448734250431,60,"v20260326-204532-4583"
2078,"2026-03-27 13:33:35.370302+00","2026-03-27 13:34:35.370302+00",0.057410333048656684,50.64453125,1.28,0.06027024584762234,1.4938448734250431,60,"v20260326-204532-4583"
2079,"2026-03-27 13:33:40.346063+00","2026-03-27 13:34:40.346063+00",0.057410333048656684,50.64453125,1.28,0.05983375225637213,0.4755819919260379,60,"v20260326-204532-4583"
2080,"2026-03-27 13:33:45.325777+00","2026-03-27 13:34:45.325777+00",0.04441555152573882,50.63671875,1.32,0.056872210034429625,0.4755819919260379,60,"v20260326-204532-4583"
2081,"2026-03-27 13:33:50.333217+00","2026-03-27 13:34:50.333217+00",0.062037225400850354,50.63671875,1.2800512020480819,0.05701163513518591,0.03532664954081476,60,"v20260326-204532-4583"
2082,"2026-03-27 13:33:55.334003+00","2026-03-27 13:34:55.334003+00",0.062037225400850354,50.63671875,1.36,0.06300182398305657,0.03532664954081476,60,"v20260326-204532-4583"
2083,"2026-03-27 13:34:00.342778+00","2026-03-27 13:35:00.342778+00",0.062037225400850354,50.63671875,4.2,0.15776129913498954,0.04936187639610818,60,"v20260326-204532-4583"
2084,"2026-03-27 13:34:05.314221+00","2026-03-27 13:35:05.314221+00",0.838302618648471,51.75390625,9.360000000000001,1.5735787371912915,0.03298196041199962,60,"v20260326-204532-4583"
2085,"2026-03-27 13:34:10.352418+00","2026-03-27 13:35:10.352418+00",0.8383026186484709,51.75390625,14.24,1.645565305145156,0.054031152293774566,60,"v20260326-204532-4583"
2086,"2026-03-27 13:34:25.437105+00","2026-03-27 13:35:25.437105+00",1.4938448734250431,51.734375,26.36,3.2810736479407128,0.05294835933299781,60,"v20260326-204532-4583"
2087,"2026-03-27 13:34:30.327622+00","2026-03-27 13:35:30.327622+00",1.4938448734250431,51.734375,25.16,1.8416326275173949,0.05294835933299781,60,"v20260326-204532-4583"
2088,"2026-03-27 13:34:45.433383+00","2026-03-27 13:35:45.433383+00",0.4755819919260379,50.65234375,10.399584016639336,0.21491215975756692,0.05780060422957859,60,"v20260326-204532-4583"
2089,"2026-03-27 13:34:55.374673+00","2026-03-27 13:35:55.374673+00",0.03532664954081476,50.40234375,1.6400000000000001,0.008335006871726844,0.040096300844228536,60,"v20260326-204532-4583"
2090,"2026-03-27 13:35:00.330999+00","2026-03-27 13:36:00.330999+00",0.04936187639610818,50.40234375,1.1200448017920717,0.012461678793286836,0.03779062771810801,60,"v20260326-204532-4583"
2091,"2026-03-27 13:35:05.326706+00","2026-03-27 13:36:05.326706+00",0.03298196041199962,50.40234375,1.2000480019200768,0.036560766670174376,0.05268931646933158,60,"v20260326-204532-4583"
2092,"2026-03-27 13:35:15.390933+00","2026-03-27 13:36:15.390933+00",0.054031152293774566,50.65625,1.24,0.05208407202116029,0.035888992570749935,60,"v20260326-204532-4583"
2093,"2026-03-27 13:35:25.345212+00","2026-03-27 13:36:25.345212+00",0.05294835933299781,50.65234375,1.24,0.056725781794668195,0.05357644160675784,60,"v20260326-204532-4583"
2094,"2026-03-27 13:35:30.324499+00","2026-03-27 13:36:30.324499+00",0.05294835933299781,50.65234375,1.1600000000000001,0.052399176691433666,0.6651772420816554,60,"v20260326-204532-4583"
2095,"2026-03-27 13:35:35.332343+00","2026-03-27 13:36:35.332343+00",0.03352160629372092,50.65234375,1.2800512020480819,0.05084941820277677,0.6651772420816554,60,"v20260326-204532-4583"
2096,"2026-03-27 13:35:45.355546+00","2026-03-27 13:36:45.355546+00",0.05780060422957859,50.40625,1.24,0.05429559067294146,0.5969955220999192,60,"v20260326-204532-4583"
2097,"2026-03-27 13:35:55.376019+00","2026-03-27 13:36:55.376019+00",0.040096300844228536,50.65625,1.28,0.048195926568910724,1.6196365804160566,60,"v20260326-204532-4583"
2098,"2026-03-27 13:36:00.341882+00","2026-03-27 13:37:00.341882+00",0.03779062771810801,50.65625,1.1999520019199232,0.048355284365683794,1.5890967105681433,60,"v20260326-204532-4583"
2099,"2026-03-27 13:36:05.327393+00","2026-03-27 13:37:05.327393+00",0.05268931646933158,50.90234375,1.24,0.05638531592787674,1.5890967105681433,60,"v20260326-204532-4583"
2100,"2026-03-27 13:36:10.339586+00","2026-03-27 13:37:10.339586+00",0.05422936320753994,50.90234375,1.1999520019199232,0.05504222106194831,1.5890967105681433,60,"v20260326-204532-4583"
2101,"2026-03-27 13:36:15.314209+00","2026-03-27 13:37:15.314209+00",0.035888992570749935,50.90234375,1.2399504019839207,0.05040668930161255,1.5890967105681433,60,"v20260326-204532-4583"
2102,"2026-03-27 13:36:25.374351+00","2026-03-27 13:37:25.374351+00",0.05357644160675784,50.15625,1.2400496019840792,0.05375234711512506,0.19080133520734038,60,"v20260326-204532-4583"
2103,"2026-03-27 13:36:35.38888+00","2026-03-27 13:37:35.38888+00",0.6651772420816554,51.97265625,9.280000000000001,1.0656539846758464,0.037106250652793805,60,"v20260326-204532-4583"
2104,"2026-03-27 13:36:40.340343+00","2026-03-27 13:37:40.340343+00",0.9357052147539288,51.97265625,14.640585623424936,1.8944803385947808,0.050208038228528255,60,"v20260326-204532-4583"
2105,"2026-03-27 13:36:45.31361+00","2026-03-27 13:37:45.31361+00",0.5969955220999192,51.97265625,20.32,1.3902989489414033,0.03557657908809799,60,"v20260326-204532-4583"
2106,"2026-03-27 13:36:55.390127+00","2026-03-27 13:37:55.390127+00",1.6196365804160566,51.77734375,28.12,1.2788305071284791,0.05499073451002648,60,"v20260326-204532-4583"
2107,"2026-03-27 13:37:05.393541+00","2026-03-27 13:38:05.393541+00",1.5890967105681433,51.2734375,28.318867245310187,0.7429596866882436,0.05499073451002648,60,"v20260326-204532-4583"
2108,"2026-03-27 13:37:10.338798+00","2026-03-27 13:38:10.338798+00",1.5890967105681433,51.2734375,27.040000000000003,0.7595473808997492,0.05878746936472576,60,"v20260326-204532-4583"
2109,"2026-03-27 13:37:15.338452+00","2026-03-27 13:38:15.338452+00",1.5890967105681433,51.2734375,22.600904036161445,0.7495256016215254,0.05878746936472576,60,"v20260326-204532-4583"
2110,"2026-03-27 13:37:25.363366+00","2026-03-27 13:38:25.363366+00",0.19080133520734038,50.6875,11.840473618944758,0.10156153689914013,0.05136293503476245,60,"v20260326-204532-4583"
2111,"2026-03-27 13:37:30.341279+00","2026-03-27 13:38:30.341279+00",0.19080133520734038,50.6875,6.280251210048402,0.08644551648795583,0.05136293503476244,60,"v20260326-204532-4583"
2112,"2026-03-27 13:37:35.324463+00","2026-03-27 13:38:35.324463+00",0.037106250652793805,50.67578125,1.9200000000000002,0.017040104646873895,0.05291360063174763,60,"v20260326-204532-4583"
2113,"2026-03-27 13:37:40.330495+00","2026-03-27 13:38:40.330495+00",0.050208038228528255,50.67578125,1.24,0.0219850767999946,0.041431986189887283,60,"v20260326-204532-4583"
2114,"2026-03-27 13:37:45.335107+00","2026-03-27 13:38:45.335107+00",0.03557657908809799,50.67578125,1.24,0.04231850955157259,0.05543111404092217,60,"v20260326-204532-4583"
2115,"2026-03-27 13:37:55.370619+00","2026-03-27 13:38:55.370619+00",0.05499073451002648,50.6875,1.24,0.052744724449423096,0.05962568263380355,60,"v20260326-204532-4583"
2116,"2026-03-27 13:38:00.330431+00","2026-03-27 13:39:00.330431+00",0.05499073451002648,50.6875,1.24,0.05586790688404278,0.05962568263380355,60,"v20260326-204532-4583"
2117,"2026-03-27 13:38:15.405803+00","2026-03-27 13:39:15.405803+00",0.05878746936472576,50.6796875,1.24,0.057632044334839864,0.05861900026517024,60,"v20260326-204532-4583"
2118,"2026-03-27 13:38:25.346206+00","2026-03-27 13:39:25.346206+00",0.05136293503476245,50.4296875,1.1999520019199232,0.05343933998371865,1.2757126644162318,60,"v20260326-204532-4583"
2119,"2026-03-27 13:38:30.332531+00","2026-03-27 13:39:30.332531+00",0.05136293503476244,50.4296875,1.1600000000000001,0.05300457457745835,1.2757126644162318,60,"v20260326-204532-4583"
2120,"2026-03-27 13:38:35.338662+00","2026-03-27 13:39:35.338662+00",0.05291360063174763,50.18359375,1.24,0.058451943581171964,1.0070633151415511,60,"v20260326-204532-4583"
2121,"2026-03-27 13:38:40.331682+00","2026-03-27 13:39:40.331682+00",0.041431986189887283,50.18359375,1.24,0.054605607665744745,1.393505659659442,60,"v20260326-204532-4583"
2122,"2026-03-27 13:38:45.329017+00","2026-03-27 13:39:45.329017+00",0.05543111404092217,50.18359375,1.32,0.06041542938818973,0.8988343755746675,60,"v20260326-204532-4583"
2123,"2026-03-27 13:38:50.337842+00","2026-03-27 13:39:50.337842+00",0.03472666909473705,50.18359375,1.2800512020480819,0.047272412529772344,0.15645573804903556,60,"v20260326-204532-4583"
2124,"2026-03-27 13:38:55.321706+00","2026-03-27 13:39:55.321706+00",0.05962568263380355,50.4296875,1.3199472021119156,0.054649779658946275,0.15645573804903556,60,"v20260326-204532-4583"
2125,"2026-03-27 13:39:00.32569+00","2026-03-27 13:40:00.32569+00",0.05962568263380355,50.4296875,1.2799488020479182,0.051708793255451774,0.038045314594718424,60,"v20260326-204532-4583"
2126,"2026-03-27 13:39:05.330548+00","2026-03-27 13:40:05.330548+00",0.05861900026517024,50.18359375,1.32,0.0557624220854653,0.038045314594718424,60,"v20260326-204532-4583"
2127,"2026-03-27 13:39:10.319472+00","2026-03-27 13:40:10.319472+00",0.05861900026517024,50.18359375,3.8,0.14421316887908486,0.0406506367018322,60,"v20260326-204532-4583"
2128,"2026-03-27 13:39:15.323792+00","2026-03-27 13:40:15.323792+00",0.05861900026517024,50.18359375,8.56,0.16233460275698836,0.05518577364947105,60,"v20260326-204532-4583"
2129,"2026-03-27 13:39:25.366983+00","2026-03-27 13:40:25.366983+00",1.2757126644162318,51.296875,17.92,2.672107090401107,0.06451573462440374,60,"v20260326-204532-4583"
2130,"2026-03-27 13:39:30.338717+00","2026-03-27 13:40:30.338717+00",1.2757126644162318,51.296875,22.560000000000002,1.979262828705808,0.055425929331973954,60,"v20260326-204532-4583"
2131,"2026-03-27 13:39:35.366432+00","2026-03-27 13:40:35.366432+00",1.0070633151415511,51.03515625,23.839046438142475,1.4703779064828515,0.056547625365377524,60,"v20260326-204532-4583"
2132,"2026-03-27 13:39:40.389506+00","2026-03-27 13:40:40.389506+00",1.393505659659442,51.03515625,19.48,0.8703134403864267,0.04413203851777111,60,"v20260326-204532-4583"
2133,"2026-03-27 13:39:45.335641+00","2026-03-27 13:40:45.335641+00",0.8988343755746675,51.03515625,15.0,0.4549334535758096,0.05785638227945639,60,"v20260326-204532-4583"
2134,"2026-03-27 13:39:55.390358+00","2026-03-27 13:40:55.390358+00",0.15645573804903556,50.69921875,5.48,0.06893073914613818,0.05390445651463314,60,"v20260326-204532-4583"
2135,"2026-03-27 13:40:05.382209+00","2026-03-27 13:41:05.382209+00",0.038045314594718424,50.4375,1.28,0.019627580669387832,0.05390445651463314,60,"v20260326-204532-4583"
2136,"2026-03-27 13:40:10.333796+00","2026-03-27 13:41:10.333796+00",0.0406506367018322,50.4375,1.24,0.03194891502648838,0.062032714080182676,60,"v20260326-204532-4583"
2137,"2026-03-27 13:40:15.338013+00","2026-03-27 13:41:15.338013+00",0.05518577364947105,50.44140625,1.32,0.042937136889521256,0.062032714080182676,60,"v20260326-204532-4583"
2138,"2026-03-27 13:40:20.340701+00","2026-03-27 13:41:20.340701+00",0.057535350006996944,50.44140625,1.2799488020479182,0.05404274853753527,0.062032714080182676,60,"v20260326-204532-4583"
2139,"2026-03-27 13:40:25.3123+00","2026-03-27 13:41:25.3123+00",0.06451573462440374,50.4375,1.4000560022400894,0.06235133015864818,0.062032714080182676,60,"v20260326-204532-4583"
2140,"2026-03-27 13:40:30.336023+00","2026-03-27 13:41:30.336023+00",0.055425929331973954,50.4375,1.3999440022399103,0.06555803670692206,0.039471650474775785,60,"v20260326-204532-4583"
2141,"2026-03-27 13:40:35.332426+00","2026-03-27 13:41:35.332426+00",0.056547625365377524,50.4375,1.48,0.07178052429782346,0.039471650474775785,60,"v20260326-204532-4583"
2142,"2026-03-27 13:40:40.336158+00","2026-03-27 13:41:40.336158+00",0.04413203851777111,50.4375,1.36,0.05955529953087646,0.039471650474775785,60,"v20260326-204532-4583"
2143,"2026-03-27 13:40:45.326652+00","2026-03-27 13:41:45.326652+00",0.05785638227945639,50.4375,1.360054402176087,0.058758036369357315,0.0024888877430064207,60,"v20260326-204532-4583"
2144,"2026-03-27 13:40:50.34841+00","2026-03-27 13:41:50.34841+00",0.05785638227945639,50.4375,1.2000000000000002,0.04583896944071118,0.0024888877430064207,60,"v20260326-204532-4583"
2145,"2026-03-27 13:40:55.316658+00","2026-03-27 13:41:55.316658+00",0.05390445651463314,50.6953125,1.2400496019840792,0.05168780605283956,0.0024888877430064207,60,"v20260326-204532-4583"
2146,"2026-03-27 13:41:00.332812+00","2026-03-27 13:42:00.332812+00",0.05390445651463314,50.6953125,1.2000000000000002,0.0517545005931215,0.002490829410832004,60,"v20260326-204532-4583"
2147,"2026-03-27 13:41:05.30971+00","2026-03-27 13:42:05.30971+00",0.05390445651463314,50.6953125,1.2799488020479182,0.05826542094723332,0.002490829410832004,60,"v20260326-204532-4583"
2148,"2026-03-27 13:41:15.365832+00","2026-03-27 13:42:15.365832+00",0.062032714080182676,50.44140625,1.4000000000000001,0.06762410536609871,0.0024502309953836686,60,"v20260326-204532-4583"
2149,"2026-03-27 13:41:20.324691+00","2026-03-27 13:42:20.324691+00",0.062032714080182676,50.44140625,1.36,0.06317732253204823,0.0024141610786517927,60,"v20260326-204532-4583"
2150,"2026-03-27 13:41:35.424379+00","2026-03-27 13:42:35.424379+00",0.039471650474775785,50.1953125,0.9599616015359387,0.03419641241654563,0.0024969412278709694,60,"v20260326-204532-4583"
2151,"2026-03-27 13:41:55.371884+00","2026-03-27 13:42:55.371884+00",0.0024888877430064207,50.19140625,0.32,0.0018795938527214793,0.0023394207355868844,60,"v20260326-204532-4583"
2152,"2026-03-27 13:42:05.392891+00","2026-03-27 13:43:05.392891+00",0.002490829410832004,50.6875,0.32,0.0026606418988012067,0.001963569186490249,60,"v20260326-204532-4583"
2153,"2026-03-27 13:42:10.330907+00","2026-03-27 13:43:10.330907+00",0.002490829410832004,50.6875,0.28,0.002632862315304183,0.0019060593219223775,60,"v20260326-204532-4583"
2154,"2026-03-27 13:42:15.315543+00","2026-03-27 13:43:15.315543+00",0.0024502309953836686,50.19140625,0.32,0.003431736467972068,0.002497224669614017,60,"v20260326-204532-4583"
2155,"2026-03-27 13:42:20.333262+00","2026-03-27 13:43:20.333262+00",0.0024141610786517927,50.19140625,0.28,0.003149984505897426,0.002466514769267522,60,"v20260326-204532-4583"
2156,"2026-03-27 13:42:25.323445+00","2026-03-27 13:43:25.323445+00",0.0024141610786517927,50.19140625,0.32,0.003695199153081994,0.0017099113637947096,60,"v20260326-204532-4583"
2157,"2026-03-27 13:42:35.362099+00","2026-03-27 13:43:35.362099+00",0.0024969412278709694,50.94140625,0.32,0.0038596811884885614,0.04664690192859738,60,"v20260326-204532-4583"
2158,"2026-03-27 13:42:40.335871+00","2026-03-27 13:43:40.335871+00",0.0024969412278709685,50.94140625,0.28,0.003066698464411841,0.04664690192859738,60,"v20260326-204532-4583"
2159,"2026-03-27 13:42:55.378966+00","2026-03-27 13:43:55.378966+00",0.0023394207355868844,50.19140625,0.32,0.0032873827530661448,0.5131273836765976,60,"v20260326-204532-4583"
2160,"2026-03-27 13:43:00.333747+00","2026-03-27 13:44:00.333747+00",0.0023394207355868844,50.19140625,0.2799888004479821,0.0027940260904950323,1.3220459954778252,60,"v20260326-204532-4583"
2161,"2026-03-27 13:43:05.324578+00","2026-03-27 13:44:05.324578+00",0.001963569186490249,50.19140625,0.31998720051197954,0.0025658321204904324,1.3220459954778252,60,"v20260326-204532-4583"
2162,"2026-03-27 13:43:10.32845+00","2026-03-27 13:44:10.32845+00",0.0019060593219223775,50.19140625,0.28,0.002104373282859007,1.322045995477825,60,"v20260326-204532-4583"
2163,"2026-03-27 13:43:15.345258+00","2026-03-27 13:44:15.345258+00",0.002497224669614017,50.68359375,0.32,0.00267336895240634,1.322045995477825,60,"v20260326-204532-4583"
2164,"2026-03-27 13:43:20.333238+00","2026-03-27 13:44:20.333238+00",0.002466514769267522,50.68359375,0.28,0.0021766529562796534,1.5055030389240656,60,"v20260326-204532-4583"
2165,"2026-03-27 13:43:25.340454+00","2026-03-27 13:44:25.340454+00",0.0017099113637947096,50.68359375,0.32001280051202047,0.00225250388452896,1.5055030389240656,60,"v20260326-204532-4583"
2166,"2026-03-27 13:43:35.373786+00","2026-03-27 13:44:35.373786+00",0.04664690192859738,50.703125,1.16,0.048308974957286546,1.5055030389240656,60,"v20260326-204532-4583"
2167,"2026-03-27 13:43:55.352834+00","2026-03-27 13:44:55.352834+00",0.5131273836765976,51.9921875,9.84,1.0599133127123357,0.3114349315068263,60,"v20260326-204532-4583"
2168,"2026-03-27 13:44:05.380903+00","2026-03-27 13:45:05.380903+00",1.3220459954778252,51.58984375,17.400000000000002,1.957548168279906,0.16625434760272745,60,"v20260326-204532-4583"
2169,"2026-03-27 13:44:10.364574+00","2026-03-27 13:45:10.364574+00",1.322045995477825,51.58984375,21.080000000000002,1.8394708159017887,0.17238610293372866,60,"v20260326-204532-4583"
2170,"2026-03-27 13:44:15.33071+00","2026-03-27 13:45:15.33071+00",1.322045995477825,51.58984375,23.799048038078478,1.8329614563332857,0.17238610293372866,60,"v20260326-204532-4583"
2171,"2026-03-27 13:44:25.383451+00","2026-03-27 13:45:25.383451+00",1.5055030389240656,52.0546875,26.07895684172633,1.975268319043166,0.6522601192627464,60,"v20260326-204532-4583"
2172,"2026-03-27 13:44:30.32945+00","2026-03-27 13:45:30.32945+00",1.5055030389240656,52.0546875,25.51897924083037,1.6035008091589003,0.4826724882544323,60,"v20260326-204532-4583"
2173,"2026-03-27 13:44:45.405762+00","2026-03-27 13:45:45.405762+00",0.9551946068263246,50.78125,16.32,0.7354691985264242,1.407984575234679,60,"v20260326-204532-4583"
2174,"2026-03-27 13:44:55.35177+00","2026-03-27 13:45:55.35177+00",0.3114349315068263,50.98828125,8.440337613504541,0.22978653149243836,1.5418269960616147,60,"v20260326-204532-4583"
2175,"2026-03-27 13:45:00.335403+00","2026-03-27 13:46:00.335403+00",0.21817055068491542,50.98828125,5.640000000000001,0.18218771082278307,1.2152166764220496,60,"v20260326-204532-4583"
2176,"2026-03-27 13:45:05.312171+00","2026-03-27 13:46:05.312171+00",0.16625434760272745,50.98828125,4.040161606464259,0.1597788256208999,1.2152166764220496,60,"v20260326-204532-4583"
2177,"2026-03-27 13:45:15.372526+00","2026-03-27 13:46:15.372526+00",0.17238610293372866,50.73046875,4.599816007359706,0.24313922202306265,1.2152166764220498,60,"v20260326-204532-4583"
2178,"2026-03-27 13:45:25.366485+00","2026-03-27 13:46:25.366485+00",0.6522601192627464,51.7734375,9.84,0.8407504087159945,0.43499020298396907,60,"v20260326-204532-4583"
2179,"2026-03-27 13:45:30.337259+00","2026-03-27 13:46:30.337259+00",0.4826724882544323,51.7734375,13.719999999999999,1.1315074948165376,0.4349902029839692,60,"v20260326-204532-4583"
2180,"2026-03-27 13:45:35.331605+00","2026-03-27 13:46:35.331605+00",0.9586753161222139,51.56640625,18.11927522899084,1.1916828174538057,0.13494030612241195,60,"v20260326-204532-4583"
2181,"2026-03-27 13:45:40.337891+00","2026-03-27 13:46:40.337891+00",1.248340792620385,51.56640625,21.480859234369376,1.457665881965227,0.13494030612241195,60,"v20260326-204532-4583"
2182,"2026-03-27 13:45:45.456755+00","2026-03-27 13:46:45.456755+00",1.407984575234679,52.07421875,24.48,1.5749195292642786,0.13494030612241195,60,"v20260326-204532-4583"
2183,"2026-03-27 13:45:50.344785+00","2026-03-27 13:46:50.344785+00",1.5418269960616147,52.07421875,26.040000000000003,1.6289197548302705,0.5463685747214769,60,"v20260326-204532-4583"
2184,"2026-03-27 13:45:55.32195+00","2026-03-27 13:46:55.32195+00",1.5418269960616147,52.07421875,26.2,1.554512327619268,0.5463685747214769,60,"v20260326-204532-4583"
2185,"2026-03-27 13:46:05.39087+00","2026-03-27 13:47:05.39087+00",1.2152166764220496,51.55078125,23.119075236990522,1.2097066592778403,0.3999691151248572,60,"v20260326-204532-4583"
2186,"2026-03-27 13:46:10.335068+00","2026-03-27 13:47:10.335068+00",1.2152166764220498,51.55078125,19.999200031998722,1.064583320560884,1.2728245053586282,60,"v20260326-204532-4583"
2187,"2026-03-27 13:46:25.402694+00","2026-03-27 13:47:25.402694+00",0.43499020298396907,50.51171875,8.84,0.2921934980703073,1.433618398637131,60,"v20260326-204532-4583"
2188,"2026-03-27 13:46:30.339186+00","2026-03-27 13:47:30.339186+00",0.4349902029839692,50.51171875,5.920236809472379,0.2772052618515101,1.433618398637131,60,"v20260326-204532-4583"
2189,"2026-03-27 13:46:35.327737+00","2026-03-27 13:47:35.327737+00",0.13494030612241195,50.76953125,4.000160006400256,0.1338821599631526,1.433618398637131,60,"v20260326-204532-4583"
2190,"2026-03-27 13:46:40.347695+00","2026-03-27 13:47:40.347695+00",0.13494030612241195,50.76953125,3.5200000000000005,0.1469571498970801,0.841670744637492,60,"v20260326-204532-4583"
2191,"2026-03-27 13:46:45.330596+00","2026-03-27 13:47:45.330596+00",0.13494030612241195,50.76953125,4.5600000000000005,0.2375959584353486,0.841670744637492,60,"v20260326-204532-4583"
2192,"2026-03-27 13:46:55.380211+00","2026-03-27 13:47:55.380211+00",0.5463685747214769,51.30078125,9.96,0.7725796427647816,0.3192718868950376,60,"v20260326-204532-4583"
2193,"2026-03-27 13:47:00.336983+00","2026-03-27 13:48:00.336983+00",0.3999691151248572,51.30078125,13.879999999999999,0.9626267976528371,0.23899629213339532,60,"v20260326-204532-4583"
2194,"2026-03-27 13:47:15.431985+00","2026-03-27 13:48:15.431985+00",1.2728245053586282,52.08203125,23.4409376375055,1.4236038267688031,0.18021534824154628,60,"v20260326-204532-4583"
2195,"2026-03-27 13:47:25.345009+00","2026-03-27 13:48:25.345009+00",1.433618398637131,51.359375,25.64,1.3573583501138653,0.5786255619251924,60,"v20260326-204532-4583"
2196,"2026-03-27 13:47:30.344875+00","2026-03-27 13:48:30.344875+00",1.433618398637131,51.359375,24.76,1.189678170811982,0.799627843109654,60,"v20260326-204532-4583"
2197,"2026-03-27 13:47:45.422704+00","2026-03-27 13:48:45.422704+00",0.841670744637492,51.8203125,16.39934402623895,0.6149081404477315,1.015610211625708,60,"v20260326-204532-4583"
2198,"2026-03-27 13:47:50.332427+00","2026-03-27 13:48:50.332427+00",0.6184736910053731,51.8203125,12.2,0.47007988601069584,0.7927898125489156,60,"v20260326-204532-4583"
2199,"2026-03-27 13:47:55.319698+00","2026-03-27 13:48:55.319698+00",0.3192718868950376,50.2890625,8.68,0.31625516131922404,1.5185811222270567,60,"v20260326-204532-4583"
2200,"2026-03-27 13:48:00.326392+00","2026-03-27 13:49:00.326392+00",0.23899629213339532,50.2890625,5.919763209471621,0.22272029434175414,1.5185811222270567,60,"v20260326-204532-4583"
2201,"2026-03-27 13:48:05.344055+00","2026-03-27 13:49:05.344055+00",0.21170310004695983,50.28125,3.92,0.1735692467345798,1.5185811222270567,60,"v20260326-204532-4583"
2202,"2026-03-27 13:48:10.309752+00","2026-03-27 13:49:10.309752+00",0.07143371352378582,50.28125,3.4800000000000004,0.10270971309352708,0.8889998432519777,60,"v20260326-204532-4583"
2203,"2026-03-27 13:48:15.324216+00","2026-03-27 13:49:15.324216+00",0.18021534824154628,52.296875,4.399824007039719,0.21081381677366215,0.8889998432519777,60,"v20260326-204532-4583"
2204,"2026-03-27 13:48:20.332737+00","2026-03-27 13:49:20.332737+00",0.19755985864025064,52.296875,6.720000000000001,0.4234790421958047,0.8889998432519777,60,"v20260326-204532-4583"
2205,"2026-03-27 13:48:25.331022+00","2026-03-27 13:49:25.331022+00",0.5786255619251924,51.61328125,9.76,0.6061883669716613,0.17783693045562124,60,"v20260326-204532-4583"
2206,"2026-03-27 13:48:30.346498+00","2026-03-27 13:49:30.346498+00",0.799627843109654,51.61328125,13.4,1.1484224760854504,0.17783693045562124,60,"v20260326-204532-4583"
2207,"2026-03-27 13:48:35.341642+00","2026-03-27 13:49:35.341642+00",1.0327619199362783,50.89453125,17.240689627585102,1.6491095240708797,0.17783693045562124,60,"v20260326-204532-4583"
2208,"2026-03-27 13:48:40.31654+00","2026-03-27 13:49:40.31654+00",1.3363878393250248,50.89453125,20.680827233089325,1.8900300150192102,0.2739446446118748,60,"v20260326-204532-4583"
2209,"2026-03-27 13:48:45.329747+00","2026-03-27 13:49:45.329747+00",1.015610211625708,50.89453125,23.559057637694494,1.65562152362808,0.2739446446118748,60,"v20260326-204532-4583"
2210,"2026-03-27 13:48:50.343603+00","2026-03-27 13:49:50.343603+00",0.7927898125489156,50.89453125,25.441017640705628,1.3783757571232076,0.2739446446118748,60,"v20260326-204532-4583"
2211,"2026-03-27 13:48:55.359894+00","2026-03-27 13:49:55.359894+00",1.5185811222270567,52.140625,26.118955241790328,1.2993677034645623,0.8694424996275885,60,"v20260326-204532-4583"
2212,"2026-03-27 13:49:00.320964+00","2026-03-27 13:50:00.320964+00",1.5185811222270567,52.140625,25.400000000000002,1.0139914522376368,0.8694424996275885,60,"v20260326-204532-4583"
2213,"2026-03-27 13:49:15.440696+00","2026-03-27 13:50:15.440696+00",0.8889998432519777,51.35546875,17.03931842726291,0.47385720427388084,1.46886416636616,60,"v20260326-204532-4583"
2214,"2026-03-27 13:49:20.34667+00","2026-03-27 13:50:20.34667+00",0.8889998432519777,51.35546875,13.000520020800831,0.5113697910482371,1.4688641663661601,60,"v20260326-204532-4583"
2215,"2026-03-27 13:49:25.326293+00","2026-03-27 13:50:25.326293+00",0.17783693045562124,50.3046875,9.32,0.1596558214543121,1.4688641663661601,60,"v20260326-204532-4583"
2216,"2026-03-27 13:49:30.332019+00","2026-03-27 13:50:30.332019+00",0.17783693045562124,50.3046875,6.0,0.11867191677126859,1.3730648438406807,60,"v20260326-204532-4583"
2217,"2026-03-27 13:49:35.33625+00","2026-03-27 13:50:35.33625+00",0.17783693045562124,50.3046875,4.16,0.1089418274775882,1.3730648438406807,60,"v20260326-204532-4583"
2218,"2026-03-27 13:49:45.389673+00","2026-03-27 13:50:45.389673+00",0.2739446446118748,51.57421875,4.680000000000001,0.2025731945956348,0.5671485316924642,60,"v20260326-204532-4583"
2219,"2026-03-27 13:49:50.341316+00","2026-03-27 13:50:50.341316+00",0.2739446446118748,51.57421875,6.680000000000001,0.4578562720696868,0.5671485316924642,60,"v20260326-204532-4583"
2220,"2026-03-27 13:49:55.336744+00","2026-03-27 13:50:55.336744+00",0.8694424996275885,51.85546875,10.079596816127356,0.9524883475133886,0.5671485316924642,60,"v20260326-204532-4583"
2221,"2026-03-27 13:50:00.331106+00","2026-03-27 13:51:00.331106+00",0.8694424996275885,51.85546875,14.08,1.6310047273632404,0.10649749434202622,60,"v20260326-204532-4583"
2222,"2026-03-27 13:50:05.336193+00","2026-03-27 13:51:05.336193+00",0.8694424996275885,51.85546875,17.96,1.8795039176305186,0.10649749434202622,60,"v20260326-204532-4583"
2223,"2026-03-27 13:50:15.35489+00","2026-03-27 13:51:15.35489+00",1.46886416636616,51.921875,24.19903203871845,2.8497375241136758,0.07007890119353133,60,"v20260326-204532-4583"
2224,"2026-03-27 13:50:20.343117+00","2026-03-27 13:51:20.343117+00",1.4688641663661601,51.921875,25.641025641025642,2.62389781645917,0.4855156190579895,60,"v20260326-204532-4583"
2225,"2026-03-27 13:50:35.422296+00","2026-03-27 13:51:35.422296+00",1.3730648438406807,51.66015625,23.00092003680147,1.7761175730004435,1.2250903771131287,60,"v20260326-204532-4583"
2226,"2026-03-27 13:50:55.367773+00","2026-03-27 13:51:55.367773+00",0.5671485316924642,50.84765625,8.91964321427143,0.5336145866623626,1.4975771761280832,60,"v20260326-204532-4583"
2227,"2026-03-27 13:51:05.384486+00","2026-03-27 13:52:05.384486+00",0.10649749434202622,50.8359375,3.9998400063997446,0.10028647945648747,1.1947920513001424,60,"v20260326-204532-4583"
2228,"2026-03-27 13:51:10.341793+00","2026-03-27 13:52:10.341793+00",0.10649749434202622,50.8359375,3.4400000000000004,0.11010557817273955,1.1947920513001424,60,"v20260326-204532-4583"
2229,"2026-03-27 13:51:15.314652+00","2026-03-27 13:52:15.314652+00",0.07007890119353133,50.8359375,4.560182407296292,0.13085268720931115,0.8581331587942169,60,"v20260326-204532-4583"
2230,"2026-03-27 13:51:25.40315+00","2026-03-27 13:52:25.40315+00",0.4855156190579895,51.625,9.599616015359386,0.6895297404870903,0.49919053343346614,60,"v20260326-204532-4583"
2231,"2026-03-27 13:51:35.430127+00","2026-03-27 13:52:35.430127+00",1.2250903771131287,51.16796875,17.080000000000002,1.7278039799680562,0.138545298837165,60,"v20260326-204532-4583"
2232,"2026-03-27 13:51:40.337725+00","2026-03-27 13:52:40.337725+00",1.2250903771131287,51.16796875,20.48,2.2371059824934303,0.09505823862049284,60,"v20260326-204532-4583"
2233,"2026-03-27 13:51:45.323538+00","2026-03-27 13:52:45.323538+00",0.8337965106631955,51.16796875,23.199072037118516,1.7066899554888055,0.40403592968709184,60,"v20260326-204532-4583"
2234,"2026-03-27 13:51:55.364289+00","2026-03-27 13:52:55.364289+00",1.4975771761280832,52.19140625,25.52,1.3812145086389975,0.4040359296870918,60,"v20260326-204532-4583"
2235,"2026-03-27 13:52:05.413965+00","2026-03-27 13:53:05.413965+00",1.1947920513001424,51.65234375,22.8,0.6831016852743164,1.2976588519637007,60,"v20260326-204532-4583"
2236,"2026-03-27 13:52:10.367849+00","2026-03-27 13:53:10.367849+00",1.1947920513001424,51.65234375,19.92,0.6544659999127022,1.2976588519637007,60,"v20260326-204532-4583"
2237,"2026-03-27 13:52:15.382886+00","2026-03-27 13:53:15.382886+00",0.8581331587942169,51.11328125,16.36,0.6401746437715199,1.2976588519637007,60,"v20260326-204532-4583"
2238,"2026-03-27 13:52:20.362981+00","2026-03-27 13:53:20.362981+00",0.49919053343346614,51.11328125,12.280491219648784,0.4050737544056901,1.6576181806011552,60,"v20260326-204532-4583"
2239,"2026-03-27 13:52:25.36368+00","2026-03-27 13:53:25.36368+00",0.49919053343346614,51.11328125,8.720348813952558,0.36206617384563755,1.6576181806011552,60,"v20260326-204532-4583"
2240,"2026-03-27 13:52:30.365582+00","2026-03-27 13:53:30.365582+00",0.34272758057097014,51.11328125,5.720000000000001,0.23969703334822473,1.6576181806011552,60,"v20260326-204532-4583"
2241,"2026-03-27 13:52:35.369893+00","2026-03-27 13:53:35.369893+00",0.138545298837165,50.8515625,4.04,0.14849261917279616,1.4106089981889185,60,"v20260326-204532-4583"
2242,"2026-03-27 13:52:40.405111+00","2026-03-27 13:53:40.405111+00",0.09505823862049284,50.8515625,3.4800000000000004,0.1397550589036202,1.0184361865424294,60,"v20260326-204532-4583"
2243,"2026-03-27 13:52:45.372107+00","2026-03-27 13:53:45.372107+00",0.40403592968709184,51.15234375,4.479820807167714,0.45568361328354734,0.929978332399893,60,"v20260326-204532-4583"
2244,"2026-03-27 13:52:50.329307+00","2026-03-27 13:53:50.329307+00",0.40403592968709184,51.15234375,6.800000000000001,0.8547204664637679,0.6510439785362727,60,"v20260326-204532-4583"
2245,"2026-03-27 13:52:55.39084+00","2026-03-27 13:53:55.39084+00",0.4040359296870918,51.15234375,9.959601615935364,1.0105281242265214,0.6510439785362727,60,"v20260326-204532-4583"
2246,"2026-03-27 13:53:05.394033+00","2026-03-27 13:54:05.394033+00",1.2976588519637007,51.69921875,17.399304027838888,1.644549837603785,0.12094256956775978,60,"v20260326-204532-4583"
2247,"2026-03-27 13:53:10.35102+00","2026-03-27 13:54:10.35102+00",1.2976588519637007,51.69921875,20.96083843353734,1.839099785639246,0.08963255401615958,60,"v20260326-204532-4583"
2248,"2026-03-27 13:53:25.517531+00","2026-03-27 13:54:25.517531+00",1.6576181806011552,51.70703125,25.038998440062397,2.6134238694770238,0.35744785751162783,60,"v20260326-204532-4583"
2249,"2026-03-27 13:53:30.430136+00","2026-03-27 13:54:30.430136+00",1.6576181806011552,51.70703125,24.280971238849553,2.24896083887747,0.988386332153307,60,"v20260326-204532-4583"
2250,"2026-03-27 13:53:35.404447+00","2026-03-27 13:54:35.404447+00",1.4106089981889185,51.44921875,22.240000000000002,1.6814890186051288,0.988386332153307,60,"v20260326-204532-4583"
2251,"2026-03-27 13:53:40.399708+00","2026-03-27 13:54:40.399708+00",1.0184361865424294,51.44921875,19.560782431297252,1.2946022697307609,0.7020837579395657,60,"v20260326-204532-4583"
2252,"2026-03-27 13:53:45.328808+00","2026-03-27 13:54:45.328808+00",0.929978332399893,51.640625,16.0,0.9677069074009339,1.4926552048584416,60,"v20260326-204532-4583"
2253,"2026-03-27 13:53:50.325509+00","2026-03-27 13:54:50.325509+00",0.6510439785362727,51.640625,12.240489619584782,0.6068309897299551,1.1119037396858011,60,"v20260326-204532-4583"
2254,"2026-03-27 13:53:55.342544+00","2026-03-27 13:54:55.342544+00",0.6510439785362727,51.640625,8.559657613695453,0.48497064579319416,1.4776703153180948,60,"v20260326-204532-4583"
2255,"2026-03-27 13:54:05.358483+00","2026-03-27 13:55:05.358483+00",0.12094256956775978,50.875,3.96,0.0826811930643229,1.4776703153180948,60,"v20260326-204532-4583"
2256,"2026-03-27 13:54:10.331866+00","2026-03-27 13:55:10.331866+00",0.08963255401615958,50.875,3.5200000000000005,0.10114042012884907,0.7486541775529293,60,"v20260326-204532-4583"
2257,"2026-03-27 13:54:15.337331+00","2026-03-27 13:55:15.337331+00",0.35744785751162783,51.41015625,4.559817607295709,0.3097331989973995,0.7486541775529293,60,"v20260326-204532-4583"
2258,"2026-03-27 13:54:20.305906+00","2026-03-27 13:55:20.305906+00",0.35744785751162783,51.41015625,6.680267210688427,0.6550678058993684,0.7486541775529293,60,"v20260326-204532-4583"
2259,"2026-03-27 13:54:25.329684+00","2026-03-27 13:55:25.329684+00",0.35744785751162783,51.41015625,9.84,0.8857732348775937,0.13066047536437203,60,"v20260326-204532-4583"
2260,"2026-03-27 13:54:35.374369+00","2026-03-27 13:55:35.374369+00",0.988386332153307,51.48046875,17.32,1.7624457593210872,0.1050033947172698,60,"v20260326-204532-4583"
2261,"2026-03-27 13:54:40.329901+00","2026-03-27 13:55:40.329901+00",0.7020837579395657,51.48046875,21.160846433857355,1.4801956337000224,0.1050033947172698,60,"v20260326-204532-4583"
2262,"2026-03-27 13:54:45.340462+00","2026-03-27 13:55:45.340462+00",1.4926552048584416,51.7265625,23.96,1.5162277679009424,0.009566088018505253,60,"v20260326-204532-4583"
2263,"2026-03-27 13:54:50.318586+00","2026-03-27 13:55:50.318586+00",1.1119037396858011,51.7265625,25.718971241150356,1.3862871921528674,0.0074363166975205544,60,"v20260326-204532-4583"
2264,"2026-03-27 13:54:55.338496+00","2026-03-27 13:55:55.338496+00",1.4776703153180948,51.71484375,26.28,1.6074971787398307,0.002371370967760031,60,"v20260326-204532-4583"
2265,"2026-03-27 13:55:00.329026+00","2026-03-27 13:56:00.329026+00",1.4776703153180948,51.71484375,25.560000000000002,1.482995567291054,0.002371370967760031,60,"v20260326-204532-4583"
2266,"2026-03-27 13:55:05.327472+00","2026-03-27 13:56:05.327472+00",1.4776703153180948,51.71484375,23.0,1.2799077798328709,0.0025003256480206053,60,"v20260326-204532-4583"
2267,"2026-03-27 13:55:15.389141+00","2026-03-27 13:56:15.389141+00",0.7486541775529293,50.921875,16.160646425857035,0.662804591075671,0.0024453469482389086,60,"v20260326-204532-4583"
2268,"2026-03-27 13:55:20.327152+00","2026-03-27 13:56:20.327152+00",0.7486541775529293,50.921875,12.36,0.5758804317223376,0.0018084790857186817,60,"v20260326-204532-4583"
2269,"2026-03-27 13:55:25.329826+00","2026-03-27 13:56:25.329826+00",0.13066047536437203,51.140625,8.559657613695453,0.1399866020525387,0.001816914082544099,60,"v20260326-204532-4583"
2270,"2026-03-27 13:55:30.328288+00","2026-03-27 13:56:30.328288+00",0.1980604446936062,51.140625,5.640000000000001,0.13224350541284377,0.0014237013333367942,60,"v20260326-204532-4583"
2271,"2026-03-27 13:55:35.317609+00","2026-03-27 13:56:35.317609+00",0.1050033947172698,50.390625,3.36,0.07011321302945699,0.0025098095787590004,60,"v20260326-204532-4583"
2272,"2026-03-27 13:55:40.328012+00","2026-03-27 13:56:40.328012+00",0.1050033947172698,50.390625,1.76,0.05616721183834798,0.002509809578759001,60,"v20260326-204532-4583"
2273,"2026-03-27 13:55:45.327904+00","2026-03-27 13:56:45.327904+00",0.009566088018505253,50.390625,0.8800000000000001,0.007485515464663375,0.0017773037764454579,60,"v20260326-204532-4583"
2274,"2026-03-27 13:55:50.330748+00","2026-03-27 13:56:50.330748+00",0.0074363166975205544,50.390625,0.4400176007040282,0.005098148449920556,0.0024751236325951044,60,"v20260326-204532-4583"
2275,"2026-03-27 13:55:55.323384+00","2026-03-27 13:56:55.323384+00",0.002371370967760031,50.38671875,0.32,0.002952472203463735,0.0024751236325951044,60,"v20260326-204532-4583"
2276,"2026-03-27 13:56:00.326409+00","2026-03-27 13:57:00.326409+00",0.002371370967760031,50.38671875,0.2799888004479821,0.0032091785338381348,0.0016626230481352185,60,"v20260326-204532-4583"
2277,"2026-03-27 13:56:05.332208+00","2026-03-27 13:57:05.332208+00",0.0025003256480206053,50.390625,0.32,0.004089791274791233,0.0025900289338608765,60,"v20260326-204532-4583"
2278,"2026-03-27 13:56:10.327625+00","2026-03-27 13:57:10.327625+00",0.0025003256480206058,50.390625,0.28,0.0035710104121483145,0.002590028933860876,60,"v20260326-204532-4583"
2279,"2026-03-27 13:56:15.313724+00","2026-03-27 13:57:15.313724+00",0.0024453469482389086,50.390625,0.31998720051197954,0.004023471373461217,0.002590028933860876,60,"v20260326-204532-4583"
2280,"2026-03-27 13:56:20.332599+00","2026-03-27 13:57:20.332599+00",0.0018084790857186817,50.390625,0.28,0.0030398756886391553,0.0024664379155599557,60,"v20260326-204532-4583"
2281,"2026-03-27 13:56:25.342114+00","2026-03-27 13:57:25.342114+00",0.001816914082544099,50.390625,0.32,0.0031780137502355893,0.0024664379155599557,60,"v20260326-204532-4583"
2282,"2026-03-27 13:56:30.320448+00","2026-03-27 13:57:30.320448+00",0.0014237013333367942,50.390625,0.2799888004479821,0.0020700639395802274,0.0024664379155599557,60,"v20260326-204532-4583"
2283,"2026-03-27 13:56:35.343897+00","2026-03-27 13:57:35.343897+00",0.0025098095787590004,50.38671875,0.32,0.00252452028134141,0.0024664379155599557,60,"v20260326-204532-4583"
2284,"2026-03-27 13:56:40.325884+00","2026-03-27 13:57:40.325884+00",0.002509809578759001,50.38671875,0.2800112004480179,0.001785667405293324,0.0697395458183266,60,"v20260326-204532-4583"
2285,"2026-03-27 13:56:45.335186+00","2026-03-27 13:57:45.335186+00",0.0017773037764454579,50.6328125,0.32,0.0018073089645315153,0.0697395458183266,60,"v20260326-204532-4583"
2286,"2026-03-27 13:56:50.328055+00","2026-03-27 13:57:50.328055+00",0.0024751236325951044,50.6328125,0.2800112004480179,0.0019259583501557256,0.1155778827976787,60,"v20260326-204532-4583"
2287,"2026-03-27 13:56:55.327119+00","2026-03-27 13:57:55.327119+00",0.0024751236325951044,50.6328125,0.32001280051202047,0.0025480350531462788,0.1155778827976787,60,"v20260326-204532-4583"
2288,"2026-03-27 13:57:00.325014+00","2026-03-27 13:58:00.325014+00",0.0016626230481352185,50.6328125,0.28,0.0018700878265462792,0.1155778827976787,60,"v20260326-204532-4583"
2289,"2026-03-27 13:57:05.330801+00","2026-03-27 13:58:05.330801+00",0.0025900289338608765,50.38671875,0.32,0.0026131513251834784,0.1155778827976787,60,"v20260326-204532-4583"
2290,"2026-03-27 13:57:10.333574+00","2026-03-27 13:58:10.333574+00",0.002590028933860876,50.38671875,0.28,0.0021056350745759936,0.10250902099970709,60,"v20260326-204532-4583"
2291,"2026-03-27 13:57:25.42376+00","2026-03-27 13:58:25.42376+00",0.0024664379155599557,50.6328125,0.32,0.0027829326464955434,0.11888932151441106,60,"v20260326-204532-4583"
2292,"2026-03-27 13:57:30.327676+00","2026-03-27 13:58:30.327676+00",0.0024664379155599557,50.6328125,0.6000000000000001,0.005276687881007196,0.11888932151441106,60,"v20260326-204532-4583"
2293,"2026-03-27 13:57:45.438821+00","2026-03-27 13:58:45.438821+00",0.0697395458183266,50.39453125,1.72006880275211,0.10705576230286724,1.1625078507380704,60,"v20260326-204532-4583"
2294,"2026-03-27 13:57:55.376998+00","2026-03-27 13:58:55.376998+00",0.1155778827976787,51.1484375,2.16,0.1475454579822058,1.4872685238784422,60,"v20260326-204532-4583"
2295,"2026-03-27 13:58:00.33338+00","2026-03-27 13:59:00.33338+00",0.1155778827976787,51.1484375,2.160086403456138,0.11155750241459284,0.3716648972369728,60,"v20260326-204532-4583"
2296,"2026-03-27 13:58:05.336417+00","2026-03-27 13:59:05.336417+00",0.1155778827976787,51.1484375,2.2399999999999998,0.1109562943589991,0.3716648972369728,60,"v20260326-204532-4583"
2297,"2026-03-27 13:58:15.378423+00","2026-03-27 13:59:15.378423+00",0.10250902099970709,50.640625,2.2,0.10639622398845419,0.10373618157544513,60,"v20260326-204532-4583"
2298,"2026-03-27 13:58:20.318367+00","2026-03-27 13:59:20.318367+00",0.07376207454402256,50.640625,2.24,0.09610702183898227,0.10373618157544513,60,"v20260326-204532-4583"
2299,"2026-03-27 13:58:25.318776+00","2026-03-27 13:59:25.318776+00",0.11888932151441106,50.89453125,2.32,0.11234271219838253,0.10373618157544513,60,"v20260326-204532-4583"
2300,"2026-03-27 13:58:30.339811+00","2026-03-27 13:59:30.339811+00",0.11888932151441106,50.89453125,4.959801607935683,0.2703436225090146,0.11152462403859968,60,"v20260326-204532-4583"
2301,"2026-03-27 13:58:35.336361+00","2026-03-27 13:59:35.336361+00",0.7795235941632823,51.98828125,9.72,1.132779884335805,0.11152462403859968,60,"v20260326-204532-4583"
2302,"2026-03-27 13:58:40.327998+00","2026-03-27 13:59:40.327998+00",0.7795235941632823,51.98828125,14.519419223231072,1.6668533976708424,0.11152462403859968,60,"v20260326-204532-4583"
2303,"2026-03-27 13:58:45.319167+00","2026-03-27 13:59:45.319167+00",1.1625078507380704,52.47265625,19.28,1.6106926839593307,0.11152462403859968,60,"v20260326-204532-4583"
2304,"2026-03-27 13:58:50.333415+00","2026-03-27 13:59:50.333415+00",1.4872685238784424,52.47265625,22.95908163673453,1.736302346177701,0.10363264140163697,60,"v20260326-204532-4583"
2305,"2026-03-27 13:58:55.324313+00","2026-03-27 13:59:55.324313+00",1.4872685238784422,52.47265625,20.68,1.2461906923395722,0.10363264140163697,60,"v20260326-204532-4583"
2306,"2026-03-27 13:59:05.380615+00","2026-03-27 14:00:05.380615+00",0.3716648972369728,51.1484375,11.120444817792713,0.2582076563100487,0.7681875043580931,60,"v20260326-204532-4583"
2307,"2026-03-27 13:59:10.327868+00","2026-03-27 14:00:10.327868+00",0.3716648972369728,51.1484375,6.32,0.19274780340566222,0.7681875043580931,60,"v20260326-204532-4583"
2308,"2026-03-27 13:59:15.312171+00","2026-03-27 14:00:15.312171+00",0.10373618157544513,50.3984375,2.6,0.05467496639253574,0.7681875043580931,60,"v20260326-204532-4583"
2309,"2026-03-27 13:59:20.341867+00","2026-03-27 14:00:20.341867+00",0.10373618157544513,50.3984375,2.1200848033921353,0.07168162568784503,1.501026858602871,60,"v20260326-204532-4583"
2310,"2026-03-27 13:59:25.340749+00","2026-03-27 14:00:25.340749+00",0.10373618157544513,50.3984375,2.16,0.11996025708012675,1.501026858602871,60,"v20260326-204532-4583"
2311,"2026-03-27 13:59:35.400627+00","2026-03-27 14:00:35.400627+00",0.11152462403859968,50.89453125,2.239910403583857,0.14692232460968904,0.1876140402265557,60,"v20260326-204532-4583"
2312,"2026-03-27 13:59:40.325994+00","2026-03-27 14:00:40.325994+00",0.11152462403859968,50.89453125,2.16,0.11481160997508394,0.13158623401356528,60,"v20260326-204532-4583"
2313,"2026-03-27 13:59:55.427056+00","2026-03-27 14:00:55.427056+00",0.10363264140163697,50.90234375,2.12,0.10580108496398531,0.1119761708195551,60,"v20260326-204532-4583"
2314,"2026-03-27 14:00:05.3556+00","2026-03-27 14:01:05.3556+00",0.7681875043580931,51.98828125,10.00040001600064,1.1989669683050266,0.08932727547834947,60,"v20260326-204532-4583"
2315,"2026-03-27 14:00:10.335361+00","2026-03-27 14:01:10.335361+00",0.7681875043580931,51.98828125,15.36,1.7771651056201412,0.06989333788706956,60,"v20260326-204532-4583"
2316,"2026-03-27 14:00:15.339415+00","2026-03-27 14:01:15.339415+00",0.7681875043580931,51.98828125,20.16,1.6141449678919044,0.10083772547912216,60,"v20260326-204532-4583"
2317,"2026-03-27 14:00:25.383716+00","2026-03-27 14:01:25.383716+00",1.501026858602871,51.5,22.16,1.1657147306153903,0.6755570547762101,60,"v20260326-204532-4583"
2318,"2026-03-27 14:00:35.368588+00","2026-03-27 14:01:35.368588+00",0.1876140402265557,51.40625,11.64,0.08247265899625886,0.4174154448619739,60,"v20260326-204532-4583"
2319,"2026-03-27 14:00:40.330447+00","2026-03-27 14:01:40.330447+00",0.13158623401356528,51.40625,6.88027521100844,0.07268255629933176,1.2933816613494127,60,"v20260326-204532-4583"
2320,"2026-03-27 14:00:45.330396+00","2026-03-27 14:01:45.330396+00",0.13974116834795539,51.15234375,2.6,0.046725906522700464,1.2933816613494127,60,"v20260326-204532-4583"
2321,"2026-03-27 14:00:50.315185+00","2026-03-27 14:01:50.315185+00",0.1087654937140161,51.15234375,2.2,0.07552103576786612,0.1394975222993041,60,"v20260326-204532-4583"
2322,"2026-03-27 14:00:55.319744+00","2026-03-27 14:01:55.319744+00",0.1119761708195551,50.66796875,2.28,0.10675523310600699,0.1394975222993041,60,"v20260326-204532-4583"
2323,"2026-03-27 14:01:00.325137+00","2026-03-27 14:02:00.325137+00",0.11667362972551468,50.66796875,2.2,0.11676719274659798,0.1394975222993041,60,"v20260326-204532-4583"
2324,"2026-03-27 14:01:05.3146+00","2026-03-27 14:02:05.3146+00",0.08932727547834947,50.66796875,2.16,0.11195948186323959,0.1394975222993041,60,"v20260326-204532-4583"
2325,"2026-03-27 14:01:10.334087+00","2026-03-27 14:02:10.334087+00",0.06989333788706956,50.66796875,2.2,0.11119619853335724,0.10612867599004905,60,"v20260326-204532-4583"
2326,"2026-03-27 14:01:15.343519+00","2026-03-27 14:02:15.343519+00",0.10083772547912216,51.6484375,2.28,0.12750109587813743,0.10612867599004905,60,"v20260326-204532-4583"
2327,"2026-03-27 14:01:20.365016+00","2026-03-27 14:02:20.365016+00",0.10083772547912216,51.6484375,4.720000000000001,0.24427074846506,0.10612867599004905,60,"v20260326-204532-4583"
2328,"2026-03-27 14:01:25.321848+00","2026-03-27 14:02:25.321848+00",0.6755570547762101,51.20703125,8.91964321427143,0.9879552259532428,0.12206834653629865,60,"v20260326-204532-4583"
2329,"2026-03-27 14:01:30.347859+00","2026-03-27 14:02:30.347859+00",0.6755570547762101,51.20703125,13.439462421503142,1.4944725819956033,0.12206834653629865,60,"v20260326-204532-4583"
2330,"2026-03-27 14:01:35.324777+00","2026-03-27 14:02:35.324777+00",0.4174154448619739,51.20703125,17.6,0.9217638454392466,0.11249582459626555,60,"v20260326-204532-4583"
2331,"2026-03-27 14:01:45.38256+00","2026-03-27 14:02:45.38256+00",1.2933816613494127,51.72265625,18.27926882924683,1.078258064020319,0.10508004178367605,60,"v20260326-204532-4583"
2332,"2026-03-27 14:01:55.380518+00","2026-03-27 14:02:55.380518+00",0.1394975222993041,50.6640625,9.68038721548862,0.05477407743643638,0.09755593220334202,60,"v20260326-204532-4583"
2333,"2026-03-27 14:02:00.336874+00","2026-03-27 14:03:00.336874+00",0.1394975222993041,50.6640625,5.5200000000000005,0.04781056585379159,0.09755593220334202,60,"v20260326-204532-4583"
2334,"2026-03-27 14:02:15.420347+00","2026-03-27 14:03:15.420347+00",0.10612867599004905,50.66796875,2.2400896035841433,0.032245704803554466,1.1227027498172781,60,"v20260326-204532-4583"
2335,"2026-03-27 14:02:20.337791+00","2026-03-27 14:03:20.337791+00",0.10612867599004905,50.66796875,2.16,0.07358529980251385,1.5776845317566248,60,"v20260326-204532-4583"
2336,"2026-03-27 14:02:25.339111+00","2026-03-27 14:03:25.339111+00",0.12206834653629865,50.66796875,2.2399999999999998,0.10340187231856023,1.5776845317566248,60,"v20260326-204532-4583"
2337,"2026-03-27 14:02:30.340519+00","2026-03-27 14:03:30.340519+00",0.12206834653629865,50.66796875,2.2800000000000002,0.13583986813719454,1.1047998881047725,60,"v20260326-204532-4583"
2338,"2026-03-27 14:02:35.338476+00","2026-03-27 14:03:35.338476+00",0.11249582459626555,51.16015625,2.28,0.13675569245946628,0.9855872541794279,60,"v20260326-204532-4583"
2339,"2026-03-27 14:02:40.334147+00","2026-03-27 14:03:40.334147+00",0.10508004178367605,51.16015625,2.16,0.11858608244393726,0.5796551160509879,60,"v20260326-204532-4583"
2340,"2026-03-27 14:02:45.32313+00","2026-03-27 14:03:45.32313+00",0.10508004178367605,51.16015625,2.16,0.11017391239381859,0.5796551160509879,60,"v20260326-204532-4583"
2341,"2026-03-27 14:02:55.379776+00","2026-03-27 14:03:55.379776+00",0.09755593220334202,51.16015625,2.0399184032638695,0.09780226982645317,0.11117403688666865,60,"v20260326-204532-4583"
2342,"2026-03-27 14:03:00.351021+00","2026-03-27 14:04:00.351021+00",0.09755593220334202,51.16015625,4.599816007359705,0.23077971941241576,0.11117403688666865,60,"v20260326-204532-4583"
2343,"2026-03-27 14:03:15.415851+00","2026-03-27 14:04:15.415851+00",1.1227027498172781,51.5078125,20.36,1.7302617452495386,0.06274169545185612,60,"v20260326-204532-4583"
2344,"2026-03-27 14:03:25.387105+00","2026-03-27 14:04:25.387105+00",1.5776845317566248,52.76171875,27.2,2.038624659972448,0.2435179859904229,60,"v20260326-204532-4583"
2345,"2026-03-27 14:03:30.32905+00","2026-03-27 14:04:30.32905+00",1.1047998881047725,52.76171875,22.48,0.7678835247517993,1.1991464291176317,60,"v20260326-204532-4583"
2346,"2026-03-27 14:03:35.326251+00","2026-03-27 14:04:35.326251+00",0.9855872541794279,51.15625,17.239310427582897,0.57763357987897,1.1991464291176317,60,"v20260326-204532-4583"
2347,"2026-03-27 14:03:40.328864+00","2026-03-27 14:04:40.328864+00",0.5796551160509879,51.15625,12.16,0.41551612044712855,1.199146429117632,60,"v20260326-204532-4583"
2348,"2026-03-27 14:03:45.334189+00","2026-03-27 14:04:45.334189+00",0.5796551160509879,51.15625,7.120284811392455,0.31759695446677794,0.7956421935093523,60,"v20260326-204532-4583"
2349,"2026-03-27 14:03:55.387582+00","2026-03-27 14:04:55.387582+00",0.11117403688666865,50.6640625,2.2399999999999998,0.05019496484498255,0.1708379995214075,60,"v20260326-204532-4583"
2350,"2026-03-27 14:04:00.337437+00","2026-03-27 14:05:00.337437+00",0.11117403688666865,50.6640625,2.2000880035201407,0.09420059019089355,0.10352894544002693,60,"v20260326-204532-4583"
2351,"2026-03-27 14:04:05.340149+00","2026-03-27 14:05:05.340149+00",0.1112178482365684,51.65625,2.1999120035198594,0.13070211320476208,0.10352894544002693,60,"v20260326-204532-4583"
2352,"2026-03-27 14:04:10.313065+00","2026-03-27 14:05:10.313065+00",0.08132990515379458,51.65625,2.3200000000000003,0.13623354015654437,0.1150200025643951,60,"v20260326-204532-4583"
2353,"2026-03-27 14:04:15.33068+00","2026-03-27 14:05:15.33068+00",0.06274169545185612,51.65625,2.320092803712148,0.1209147907111201,0.1150200025643951,60,"v20260326-204532-4583"
2354,"2026-03-27 14:04:25.373943+00","2026-03-27 14:05:25.373943+00",0.2435179859904229,51.765625,8.039678412863486,0.6360378568824003,0.10315119760478324,60,"v20260326-204532-4583"
2355,"2026-03-27 14:04:35.383151+00","2026-03-27 14:05:35.383151+00",1.1991464291176317,51.98828125,14.8,1.4314400518730073,0.15024892685803568,60,"v20260326-204532-4583"
2356,"2026-03-27 14:04:40.332348+00","2026-03-27 14:05:40.332348+00",1.199146429117632,51.98828125,14.92,1.2193600452101885,0.1600357749471796,60,"v20260326-204532-4583"
2357,"2026-03-27 14:04:45.336899+00","2026-03-27 14:05:45.336899+00",0.7956421935093523,50.4296875,12.919483220671173,0.9061390010099849,0.16163739713522088,60,"v20260326-204532-4583"
2358,"2026-03-27 14:04:50.337533+00","2026-03-27 14:05:50.337533+00",0.21231551199936702,50.4296875,9.12,0.24761382438382903,0.1265913747837382,60,"v20260326-204532-4583"
2359,"2026-03-27 14:04:55.331598+00","2026-03-27 14:05:55.331598+00",0.1708379995214075,51.4140625,5.32021280851234,0.16286707419211785,1.4983935550430583,60,"v20260326-204532-4583"
2360,"2026-03-27 14:05:00.327254+00","2026-03-27 14:06:00.327254+00",0.10352894544002693,51.4140625,2.3200000000000003,0.07537912299298129,1.4983935550430583,60,"v20260326-204532-4583"
2361,"2026-03-27 14:05:05.334146+00","2026-03-27 14:06:05.334146+00",0.10352894544002693,51.4140625,2.239910403583857,0.11044076652668679,0.9127645995147833,60,"v20260326-204532-4583"
2362,"2026-03-27 14:05:15.379279+00","2026-03-27 14:06:15.379279+00",0.1150200025643951,51.66796875,2.280091203648146,0.1417827016922259,0.707039471531405,60,"v20260326-204532-4583"
2363,"2026-03-27 14:05:20.338446+00","2026-03-27 14:06:20.338446+00",0.1150200025643951,51.66796875,2.2,0.12046874194273471,0.11069262974262603,60,"v20260326-204532-4583"
2364,"2026-03-27 14:05:25.321578+00","2026-03-27 14:06:25.321578+00",0.10315119760478324,51.16796875,2.16,0.11308778187560391,0.11069262974262603,60,"v20260326-204532-4583"
2365,"2026-03-27 14:05:30.3426+00","2026-03-27 14:06:30.3426+00",0.10315119760478324,51.16796875,2.080083203328133,0.10203349987635359,0.0718782591233742,60,"v20260326-204532-4583"
2366,"2026-03-27 14:05:35.319737+00","2026-03-27 14:06:35.319737+00",0.15024892685803568,51.015625,2.04,0.1149905868425173,0.11153950727220627,60,"v20260326-204532-4583"
2367,"2026-03-27 14:05:40.344443+00","2026-03-27 14:06:40.344443+00",0.1600357749471796,51.015625,5.2,0.3553057522578261,0.11153950727220627,60,"v20260326-204532-4583"
2368,"2026-03-27 14:05:45.340496+00","2026-03-27 14:06:45.340496+00",0.16163739713522088,51.015625,10.280000000000001,0.4064574514865118,0.11153950727220627,60,"v20260326-204532-4583"
2369,"2026-03-27 14:05:50.331393+00","2026-03-27 14:06:50.331393+00",0.1265913747837382,51.015625,15.28,0.27974168098835617,0.49745553869502385,60,"v20260326-204532-4583"
2370,"2026-03-27 14:05:55.332662+00","2026-03-27 14:06:55.332662+00",1.4983935550430583,51.51953125,20.119195232190712,2.3660180761610072,0.49745553869502385,60,"v20260326-204532-4583"
2371,"2026-03-27 14:06:00.33894+00","2026-03-27 14:07:00.33894+00",1.4983935550430583,51.51953125,25.16,2.0773126055171307,0.49745553869502385,60,"v20260326-204532-4583"
2372,"2026-03-27 14:06:05.342827+00","2026-03-27 14:07:05.342827+00",0.9127645995147833,50.76171875,25.52,1.1935602797195142,1.3807348256834269,60,"v20260326-204532-4583"
2373,"2026-03-27 14:06:10.326825+00","2026-03-27 14:07:10.326825+00",1.2336601709928818,50.76171875,20.560000000000002,0.7175402991441685,1.3807348256834269,60,"v20260326-204532-4583"
2374,"2026-03-27 14:06:15.322892+00","2026-03-27 14:07:15.322892+00",0.707039471531405,50.42578125,15.600000000000001,0.46844982530044416,1.3807348256834269,60,"v20260326-204532-4583"
2375,"2026-03-27 14:06:20.334879+00","2026-03-27 14:07:20.334879+00",0.11069262974262603,50.42578125,10.76,0.08846582002043658,0.20211978156581956,60,"v20260326-204532-4583"
2376,"2026-03-27 14:06:25.343189+00","2026-03-27 14:07:25.343189+00",0.11069262974262603,50.42578125,5.840000000000001,0.05711825165193433,0.20211978156581956,60,"v20260326-204532-4583"
2377,"2026-03-27 14:06:30.329198+00","2026-03-27 14:07:30.329198+00",0.0718782591233742,50.42578125,2.2800000000000002,0.029324024232330135,0.20211978156581956,60,"v20260326-204532-4583"
2378,"2026-03-27 14:06:35.342777+00","2026-03-27 14:07:35.342777+00",0.11153950727220627,50.42578125,2.28,0.06230616915714974,0.20211978156581956,60,"v20260326-204532-4583"
2379,"2026-03-27 14:06:40.3321+00","2026-03-27 14:07:40.3321+00",0.11153950727220627,50.42578125,2.2800000000000002,0.11498309979093942,0.00254348795715703,60,"v20260326-204532-4583"
2380,"2026-03-27 14:06:55.439716+00","2026-03-27 14:07:55.439716+00",0.49745553869502385,52.48046875,10.08,0.9260729768407767,0.0024062929951591283,60,"v20260326-204532-4583"
2381,"2026-03-27 14:07:00.349401+00","2026-03-27 14:08:00.349401+00",0.49745553869502385,52.48046875,14.32,1.1538038680362417,0.0024062929951591283,60,"v20260326-204532-4583"
2382,"2026-03-27 14:07:05.341814+00","2026-03-27 14:08:05.341814+00",1.3807348256834269,51.76953125,18.799248030078797,1.1791185339777752,0.0024062929951591283,60,"v20260326-204532-4583"
2383,"2026-03-27 14:07:10.327378+00","2026-03-27 14:08:10.327378+00",1.3807348256834269,51.76953125,21.8408736349454,1.5258790740795056,0.00244033623324067,60,"v20260326-204532-4583"
2384,"2026-03-27 14:07:15.324268+00","2026-03-27 14:08:15.324268+00",1.3807348256834269,51.76953125,18.76,1.2738947972120058,0.00244033623324067,60,"v20260326-204532-4583"
2385,"2026-03-27 14:07:25.392166+00","2026-03-27 14:08:25.392166+00",0.20211978156581956,51.1796875,9.76,0.19087368389786633,0.0017552286724722497,60,"v20260326-204532-4583"
2386,"2026-03-27 14:07:30.329702+00","2026-03-27 14:08:30.329702+00",0.20211978156581956,51.1796875,5.0,0.13299192338158997,0.002456927033135848,60,"v20260326-204532-4583"
2387,"2026-03-27 14:07:45.431851+00","2026-03-27 14:08:45.431851+00",0.00254348795715703,50.67578125,0.8,0.0014933250604403404,0.0029147705845103456,60,"v20260326-204532-4583"
2388,"2026-03-27 14:07:50.344695+00","2026-03-27 14:08:50.344695+00",0.00254348795715703,50.67578125,0.4,0.0014377827722905166,0.0029147705845103456,60,"v20260326-204532-4583"
2389,"2026-03-27 14:07:55.312422+00","2026-03-27 14:08:55.312422+00",0.0024062929951591283,50.421875,0.32001280051202047,0.0019328211787650645,0.0033116546359286776,60,"v20260326-204532-4583"
2390,"2026-03-27 14:08:00.3385+00","2026-03-27 14:09:00.3385+00",0.0024062929951591283,50.421875,0.2799888004479821,0.0020869203381310105,0.0033116546359286776,60,"v20260326-204532-4583"
2391,"2026-03-27 14:08:05.326218+00","2026-03-27 14:09:05.326218+00",0.0024062929951591283,50.421875,0.31998720051197954,0.0029095647681246636,0.0033116546359286776,60,"v20260326-204532-4583"
2392,"2026-03-27 14:08:15.376089+00","2026-03-27 14:09:15.376089+00",0.00244033623324067,50.9140625,0.32,0.002984264569115717,0.002389060767031148,60,"v20260326-204532-4583"
2393,"2026-03-27 14:08:20.325995+00","2026-03-27 14:09:20.325995+00",0.00244033623324067,50.9140625,0.28,0.00197193138227274,0.002389060767031148,60,"v20260326-204532-4583"
2394,"2026-03-27 14:08:25.313233+00","2026-03-27 14:09:25.313233+00",0.0017552286724722497,50.421875,0.32001280051202047,0.0023327733883043975,0.002389060767031148,60,"v20260326-204532-4583"
2395,"2026-03-27 14:08:30.382223+00","2026-03-27 14:09:30.382223+00",0.002456927033135848,50.421875,0.28,0.00230880364016661,0.11459737939252133,60,"v20260326-204532-4583"
2396,"2026-03-27 14:08:35.378979+00","2026-03-27 14:09:35.378979+00",0.002456927033135848,50.421875,0.32,0.0028425932718691665,0.11459737939252133,60,"v20260326-204532-4583"
2397,"2026-03-27 14:08:45.403308+00","2026-03-27 14:09:45.403308+00",0.0029147705845103456,50.42578125,0.32,0.0027921679856450585,0.33630833880495403,60,"v20260326-204532-4583"
2398,"2026-03-27 14:08:50.37328+00","2026-03-27 14:09:50.37328+00",0.0029147705845103456,50.42578125,0.28,0.0023967656917572187,0.33630833880495403,60,"v20260326-204532-4583"
2399,"2026-03-27 14:08:55.335034+00","2026-03-27 14:09:55.335034+00",0.0033116546359286776,50.421875,0.32001280051202047,0.0031632301876371952,0.3314945191828369,60,"v20260326-204532-4583"
2400,"2026-03-27 14:09:00.334518+00","2026-03-27 14:10:00.334518+00",0.0033116546359286776,50.421875,0.28,0.002746333826293016,0.32579709356542597,60,"v20260326-204532-4583"
2401,"2026-03-27 14:09:05.340885+00","2026-03-27 14:10:05.340885+00",0.0033116546359286776,50.421875,0.31998720051197954,0.0034889373045660227,0.32579709356542597,60,"v20260326-204532-4583"
2402,"2026-03-27 14:09:15.378328+00","2026-03-27 14:10:15.378328+00",0.002389060767031148,50.9140625,0.32,0.0030703368818529183,0.31790137109969097,60,"v20260326-204532-4583"
2403,"2026-03-27 14:09:20.337809+00","2026-03-27 14:10:20.337809+00",0.002389060767031148,50.9140625,0.28,0.0026480995728466916,0.31790137109969097,60,"v20260326-204532-4583"
2404,"2026-03-27 14:09:35.435759+00","2026-03-27 14:10:35.435759+00",0.11459737939252133,50.95703125,2.92,0.10454959249747314,0.2553834898994178,60,"v20260326-204532-4583"
2405,"2026-03-27 14:09:45.374225+00","2026-03-27 14:10:45.374225+00",0.33630833880495403,51.18359375,5.12,0.25780275132376246,0.11523847736628347,60,"v20260326-204532-4583"
2406,"2026-03-27 14:09:50.336667+00","2026-03-27 14:10:50.336667+00",0.33630833880495403,51.18359375,6.08,0.39317452631418287,0.11523847736628347,60,"v20260326-204532-4583"
2407,"2026-03-27 14:09:55.337171+00","2026-03-27 14:10:55.337171+00",0.3314945191828369,52.18359375,6.2,0.35387383564566194,0.11523847736628347,60,"v20260326-204532-4583"
2408,"2026-03-27 14:10:00.327852+00","2026-03-27 14:11:00.327852+00",0.32579709356542597,52.18359375,5.880000000000001,0.3129015631906181,0.1303460549533717,60,"v20260326-204532-4583"
2409,"2026-03-27 14:10:05.341127+00","2026-03-27 14:11:05.341127+00",0.32579709356542597,52.18359375,5.839766409343627,0.3239376058833546,0.1303460549533717,60,"v20260326-204532-4583"
2410,"2026-03-27 14:10:10.326244+00","2026-03-27 14:11:10.326244+00",0.22671133750906114,52.18359375,5.760000000000001,0.2818847371441404,0.1303460549533717,60,"v20260326-204532-4583"
2411,"2026-03-27 14:10:15.322373+00","2026-03-27 14:11:15.322373+00",0.31790137109969097,51.19140625,6.039758409663614,0.32094762930046833,0.1303460549533717,60,"v20260326-204532-4583"
2412,"2026-03-27 14:10:20.318865+00","2026-03-27 14:11:20.318865+00",0.31790137109969097,51.19140625,5.839766409343627,0.3043948580508803,0.05492374900714441,60,"v20260326-204532-4583"
2413,"2026-03-27 14:10:25.345794+00","2026-03-27 14:11:25.345794+00",0.1606745226702187,50.93359375,5.679772809087637,0.21728880310610035,0.05492374900714441,60,"v20260326-204532-4583"
2414,"2026-03-27 14:10:30.315794+00","2026-03-27 14:11:30.315794+00",0.2553834898994178,50.93359375,5.160206408256331,0.22505637167775047,0.05492374900714441,60,"v20260326-204532-4583"
2415,"2026-03-27 14:10:35.32581+00","2026-03-27 14:11:35.32581+00",0.2553834898994178,50.93359375,4.799808007679693,0.20760101233782777,0.05492374900714441,60,"v20260326-204532-4583"
2416,"2026-03-27 14:10:40.320928+00","2026-03-27 14:11:40.320928+00",0.1720220624047495,50.93359375,3.8401536061442454,0.1559931900417464,0.0586941572131031,60,"v20260326-204532-4583"
2417,"2026-03-27 14:10:45.323274+00","2026-03-27 14:11:45.323274+00",0.11523847736628347,51.4296875,3.0401216048641944,0.11562477578236631,0.0586941572131031,60,"v20260326-204532-4583"
2418,"2026-03-27 14:10:50.338083+00","2026-03-27 14:11:50.338083+00",0.11523847736628347,51.4296875,2.600104004160166,0.11610110975389037,0.05193443228858956,60,"v20260326-204532-4583"
2419,"2026-03-27 14:11:05.43522+00","2026-03-27 14:12:05.43522+00",0.1303460549533717,50.671875,2.48,0.12193647691916844,0.05193443228858955,60,"v20260326-204532-4583"
2420,"2026-03-27 14:11:10.333416+00","2026-03-27 14:12:10.333416+00",0.1303460549533717,50.671875,2.4400000000000004,0.1319617751641816,0.11048151247718653,60,"v20260326-204532-4583"
2421,"2026-03-27 14:11:25.420399+00","2026-03-27 14:12:25.420399+00",0.05492374900714441,50.671875,1.28,0.04353386508513912,0.2227714941398142,60,"v20260326-204532-4583"
2422,"2026-03-27 14:11:30.345803+00","2026-03-27 14:12:30.345803+00",0.05492374900714441,50.671875,1.24,0.052029428773399646,0.22277149413981417,60,"v20260326-204532-4583"
2423,"2026-03-27 14:11:45.430309+00","2026-03-27 14:12:45.430309+00",0.0586941572131031,50.921875,1.3200528021120843,0.06846061748501096,0.25936035075447167,60,"v20260326-204532-4583"
2424,"2026-03-27 14:11:55.388421+00","2026-03-27 14:12:55.388421+00",0.05193443228858956,50.42578125,1.32,0.0685521717941849,0.4428233505821912,60,"v20260326-204532-4583"
2425,"2026-03-27 14:12:00.320335+00","2026-03-27 14:13:00.320335+00",0.05193443228858955,50.42578125,1.2000000000000002,0.05678099747524998,0.4428233505821912,60,"v20260326-204532-4583"
2426,"2026-03-27 14:12:05.328011+00","2026-03-27 14:13:05.328011+00",0.05193443228858955,50.42578125,1.24,0.058191526792105194,0.2926765375854228,60,"v20260326-204532-4583"
2427,"2026-03-27 14:12:15.389088+00","2026-03-27 14:13:15.389088+00",0.11048151247718653,51.1796875,2.28,0.16341333558701748,0.3419057485120044,60,"v20260326-204532-4583"
2428,"2026-03-27 14:12:20.318587+00","2026-03-27 14:13:20.318587+00",0.11048151247718653,51.1796875,2.84,0.20252941171885833,0.39037679425834715,60,"v20260326-204532-4583"
2429,"2026-03-27 14:12:25.312021+00","2026-03-27 14:13:25.312021+00",0.2227714941398142,51.19921875,3.52,0.22382634215735508,0.39037679425834715,60,"v20260326-204532-4583"
2430,"2026-03-27 14:12:30.337588+00","2026-03-27 14:13:30.337588+00",0.22277149413981417,51.19921875,4.48,0.2705557030210133,0.5730318036517201,60,"v20260326-204532-4583"
2431,"2026-03-27 14:12:35.338159+00","2026-03-27 14:13:35.338159+00",0.29308596000499765,50.94921875,5.519779208831647,0.38297287085150966,0.5730318036517201,60,"v20260326-204532-4583"
2432,"2026-03-27 14:12:40.320388+00","2026-03-27 14:13:40.320388+00",0.3660868788291216,50.94921875,6.24,0.44035226598646093,0.5730318036517201,60,"v20260326-204532-4583"
2433,"2026-03-27 14:12:45.306064+00","2026-03-27 14:13:45.306064+00",0.25936035075447167,50.94921875,7.24,0.43497916579586926,0.5730318036517201,60,"v20260326-204532-4583"
2434,"2026-03-27 14:12:55.367353+00","2026-03-27 14:13:55.367353+00",0.4428233505821912,51.453125,7.720000000000001,0.43397254040303357,0.5335158020649732,60,"v20260326-204532-4583"
2435,"2026-03-27 14:13:00.335351+00","2026-03-27 14:14:00.335351+00",0.4428233505821912,51.453125,7.12,0.3237323515010539,0.5335158020649732,60,"v20260326-204532-4583"
2436,"2026-03-27 14:13:05.340832+00","2026-03-27 14:14:05.340832+00",0.2926765375854228,51.1796875,6.4,0.23320479234218164,0.5937349397590221,60,"v20260326-204532-4583"
2437,"2026-03-27 14:13:10.344065+00","2026-03-27 14:14:10.344065+00",0.2926765375854227,51.1796875,6.08,0.23036834190673974,0.5937349397590221,60,"v20260326-204532-4583"
2438,"2026-03-27 14:13:15.31282+00","2026-03-27 14:14:15.31282+00",0.3419057485120044,51.6875,6.199752009919604,0.30752396812975286,0.5937349397590221,60,"v20260326-204532-4583"
2439,"2026-03-27 14:13:20.337841+00","2026-03-27 14:14:20.337841+00",0.39037679425834715,51.6875,6.920000000000001,0.407993992710343,0.5150267071704587,60,"v20260326-204532-4583"
2440,"2026-03-27 14:13:25.341159+00","2026-03-27 14:14:25.341159+00",0.39037679425834715,51.6875,7.800312012480499,0.5210625681922418,0.5150267071704587,60,"v20260326-204532-4583"
2441,"2026-03-27 14:13:35.387262+00","2026-03-27 14:14:35.387262+00",0.5730318036517201,51.46484375,9.64,0.706718262222623,0.5150267071704587,60,"v20260326-204532-4583"
2442,"2026-03-27 14:13:40.341194+00","2026-03-27 14:14:40.341194+00",0.5730318036517201,51.46484375,10.120404816192647,0.6926648356110015,0.5426476431934424,60,"v20260326-204532-4583"
2443,"2026-03-27 14:13:55.408866+00","2026-03-27 14:14:55.408866+00",0.5335158020649732,51.203125,10.0,0.6139563055127861,0.41859712800029725,60,"v20260326-204532-4583"
2444,"2026-03-27 14:14:00.339607+00","2026-03-27 14:15:00.339607+00",0.5335158020649732,51.203125,9.879999999999999,0.5677915806756163,0.40928541599924173,60,"v20260326-204532-4583"
2445,"2026-03-27 14:14:05.325482+00","2026-03-27 14:15:05.325482+00",0.5937349397590221,51.7109375,10.200000000000001,0.5840186493655147,0.6028521661896882,60,"v20260326-204532-4583"
2446,"2026-03-27 14:14:10.339239+00","2026-03-27 14:15:10.339239+00",0.5937349397590221,51.7109375,10.2,0.5848937220745638,0.49351852420957654,60,"v20260326-204532-4583"
2447,"2026-03-27 14:14:15.352129+00","2026-03-27 14:15:15.352129+00",0.5937349397590221,51.7109375,10.360000000000001,0.5983514110151402,0.6799734236581616,60,"v20260326-204532-4583"
2448,"2026-03-27 14:14:25.382719+00","2026-03-27 14:15:25.382719+00",0.5150267071704587,51.45703125,9.68,0.5244329378226429,0.44203656603993785,60,"v20260326-204532-4583"
2449,"2026-03-27 14:14:30.329756+00","2026-03-27 14:15:30.329756+00",0.5150267071704587,51.45703125,9.28,0.5062625555501699,0.6576078137605262,60,"v20260326-204532-4583"
2450,"2026-03-27 14:14:45.401163+00","2026-03-27 14:15:45.401163+00",0.5426476431934424,51.94921875,9.6,0.5554413095964137,0.7219104524972583,60,"v20260326-204532-4583"
2451,"2026-03-27 14:14:55.352446+00","2026-03-27 14:15:55.352446+00",0.41859712800029725,50.71484375,10.439582416703333,0.5814949087913913,0.7219104524972583,60,"v20260326-204532-4583"
2452,"2026-03-27 14:15:00.333811+00","2026-03-27 14:16:00.333811+00",0.40928541599924173,50.71484375,10.48,0.566481584434814,0.8136645090446756,60,"v20260326-204532-4583"
2453,"2026-03-27 14:15:05.335375+00","2026-03-27 14:16:05.335375+00",0.6028521661896882,51.953125,10.92,0.629144906716145,0.8136645090446756,60,"v20260326-204532-4583"
2454,"2026-03-27 14:15:10.339053+00","2026-03-27 14:16:10.339053+00",0.49351852420957654,51.953125,11.600464018560741,0.6019964821793696,0.8136645090446755,60,"v20260326-204532-4583"
2455,"2026-03-27 14:15:15.330948+00","2026-03-27 14:16:15.330948+00",0.6799734236581616,52.171875,12.280000000000001,0.6756881101708913,0.7854611551065014,60,"v20260326-204532-4583"
2456,"2026-03-27 14:15:20.339557+00","2026-03-27 14:16:20.339557+00",0.7015711025922196,52.171875,12.44,0.6812664067644444,0.7854611551065014,60,"v20260326-204532-4583"
2457,"2026-03-27 14:15:25.316577+00","2026-03-27 14:16:25.316577+00",0.44203656603993785,52.171875,12.32,0.5547045107789591,0.8518318538067846,60,"v20260326-204532-4583"
2458,"2026-03-27 14:15:35.392759+00","2026-03-27 14:16:35.392759+00",0.6576078137605262,51.9765625,12.600000000000001,0.6451167578622427,0.9456733590733626,60,"v20260326-204532-4583"
2459,"2026-03-27 14:15:45.350841+00","2026-03-27 14:16:45.350841+00",0.7219104524972583,51.70703125,12.360494419776792,0.6476389704675583,0.8599725533523489,60,"v20260326-204532-4583"
2460,"2026-03-27 14:15:50.341161+00","2026-03-27 14:16:50.341161+00",0.7219104524972583,51.70703125,13.15947362105516,0.741488057346538,0.8599725533523491,60,"v20260326-204532-4583"
2461,"2026-03-27 14:15:55.321384+00","2026-03-27 14:16:55.321384+00",0.7219104524972583,51.70703125,13.75944962201512,0.7900646860228397,0.8599725533523491,60,"v20260326-204532-4583"
2462,"2026-03-27 14:16:05.376322+00","2026-03-27 14:17:05.376322+00",0.8136645090446756,51.70703125,14.120000000000001,0.8154502121805847,0.6545102661191244,60,"v20260326-204532-4583"
2463,"2026-03-27 14:16:10.330281+00","2026-03-27 14:17:10.330281+00",0.8136645090446755,51.70703125,14.48,0.8374730435549408,0.6545102661191244,60,"v20260326-204532-4583"
2464,"2026-03-27 14:16:15.346905+00","2026-03-27 14:17:15.346905+00",0.7854611551065014,51.234375,14.16,0.8034963320355615,0.6849760256503716,60,"v20260326-204532-4583"
2465,"2026-03-27 14:16:20.346009+00","2026-03-27 14:17:20.346009+00",0.7854611551065014,51.234375,14.320572822912915,0.8168308815293358,0.6849760256503716,60,"v20260326-204532-4583"
2466,"2026-03-27 14:16:25.335882+00","2026-03-27 14:17:25.335882+00",0.8518318538067846,51.484375,14.799408023679055,0.8673454836764218,0.6849760256503716,60,"v20260326-204532-4583"
2467,"2026-03-27 14:16:30.327611+00","2026-03-27 14:17:30.327611+00",0.6838164059459484,51.484375,15.48,0.8645752413852399,0.582737354319376,60,"v20260326-204532-4583"
2468,"2026-03-27 14:16:35.317624+00","2026-03-27 14:17:35.317624+00",0.9456733590733626,51.484375,15.88,0.9275226617406268,0.582737354319376,60,"v20260326-204532-4583"
2469,"2026-03-27 14:16:40.333724+00","2026-03-27 14:17:40.333724+00",0.5998721341055363,51.484375,16.120644825793033,0.7753895216865495,0.582737354319376,60,"v20260326-204532-4583"
2470,"2026-03-27 14:16:45.328283+00","2026-03-27 14:17:45.328283+00",0.8599725533523489,51.2109375,15.96,0.8488897273564817,0.35778286783803115,60,"v20260326-204532-4583"
2471,"2026-03-27 14:16:50.329355+00","2026-03-27 14:17:50.329355+00",0.8599725533523491,51.2109375,15.000600024000958,0.8000776227012065,0.5338581997533478,60,"v20260326-204532-4583"
2472,"2026-03-27 14:17:05.414457+00","2026-03-27 14:18:05.414457+00",0.6545102661191244,52.44921875,12.48,0.6044383981402559,0.6466373559733196,60,"v20260326-204532-4583"
2473,"2026-03-27 14:17:10.318977+00","2026-03-27 14:18:10.318977+00",0.6545102661191244,52.44921875,11.879999999999999,0.6224413144785084,0.6466373559733196,60,"v20260326-204532-4583"
2474,"2026-03-27 14:17:15.34657+00","2026-03-27 14:18:15.34657+00",0.6849760256503716,51.20703125,11.959521619135236,0.673246538924973,0.513586698496903,60,"v20260326-204532-4583"
2475,"2026-03-27 14:17:20.33922+00","2026-03-27 14:18:20.33922+00",0.6849760256503716,51.20703125,11.68,0.6694194270434537,0.40091298508104734,60,"v20260326-204532-4583"
2476,"2026-03-27 14:17:25.352+00","2026-03-27 14:18:25.352+00",0.6849760256503716,51.20703125,11.48,0.6728928889311847,0.9590381469517177,60,"v20260326-204532-4583"
2477,"2026-03-27 14:17:35.384538+00","2026-03-27 14:18:35.384538+00",0.582737354319376,51.6953125,11.079556817727292,0.6281192172970907,0.9872389152542228,60,"v20260326-204532-4583"
2478,"2026-03-27 14:17:40.339476+00","2026-03-27 14:18:40.339476+00",0.582737354319376,51.6953125,10.600424016960677,0.6174665529846312,0.9872389152542228,60,"v20260326-204532-4583"
2479,"2026-03-27 14:17:45.332251+00","2026-03-27 14:18:45.332251+00",0.35778286783803115,51.7109375,10.279588816447342,0.4982687022873491,1.0120917611488822,60,"v20260326-204532-4583"
2480,"2026-03-27 14:17:50.334368+00","2026-03-27 14:18:50.334368+00",0.5338581997533478,51.7109375,10.4,0.5295208208048989,1.0433965841161088,60,"v20260326-204532-4583"
2481,"2026-03-27 14:17:55.337612+00","2026-03-27 14:18:55.337612+00",0.5731713110788408,51.96484375,10.520000000000001,0.5423311490642092,1.104527631817369,60,"v20260326-204532-4583"
2482,"2026-03-27 14:18:00.325198+00","2026-03-27 14:19:00.325198+00",0.5731713110788408,51.96484375,10.84,0.5745444857269768,1.104527631817369,60,"v20260326-204532-4583"
2483,"2026-03-27 14:18:05.315401+00","2026-03-27 14:19:05.315401+00",0.6466373559733196,51.4609375,11.24,0.6254591663873097,0.9271318367741148,60,"v20260326-204532-4583"
2484,"2026-03-27 14:18:10.340083+00","2026-03-27 14:19:10.340083+00",0.6466373559733196,51.4609375,12.44,0.7338553826609432,0.7316908808026601,60,"v20260326-204532-4583"
2485,"2026-03-27 14:18:15.340024+00","2026-03-27 14:19:15.340024+00",0.513586698496903,51.4609375,13.43946242150314,0.7373184330076155,1.2275818293055658,60,"v20260326-204532-4583"
2486,"2026-03-27 14:18:20.342016+00","2026-03-27 14:19:20.342016+00",0.40091298508104734,51.4609375,14.84,0.7333358019058039,1.2275818293055658,60,"v20260326-204532-4583"
2487,"2026-03-27 14:18:25.340493+00","2026-03-27 14:19:25.340493+00",0.9590381469517177,51.734375,15.92063682547302,0.9787275291121634,1.2275818293055658,60,"v20260326-204532-4583"
2488,"2026-03-27 14:18:30.350433+00","2026-03-27 14:19:30.350433+00",0.9590381469517177,51.734375,16.880000000000003,0.9045128685847655,0.7234998402862409,60,"v20260326-204532-4583"
2489,"2026-03-27 14:18:35.323726+00","2026-03-27 14:19:35.323726+00",0.9872389152542228,51.98828125,17.440697627905116,0.9594645943680234,0.7234998402862409,60,"v20260326-204532-4583"
2490,"2026-03-27 14:18:40.339839+00","2026-03-27 14:19:40.339839+00",0.9872389152542228,51.98828125,17.840713628545142,0.9647639107141354,0.7234998402862409,60,"v20260326-204532-4583"
2491,"2026-03-27 14:18:45.335631+00","2026-03-27 14:19:45.335631+00",1.0120917611488822,52.0078125,17.95928162873485,0.9851006221944931,0.0017324710935234277,60,"v20260326-204532-4583"
2492,"2026-03-27 14:18:50.33182+00","2026-03-27 14:19:50.33182+00",1.0433965841161088,52.0078125,18.400000000000002,1.0650818137352012,0.0024140331075570287,60,"v20260326-204532-4583"
2493,"2026-03-27 14:18:55.342883+00","2026-03-27 14:19:55.342883+00",1.104527631817369,51.0234375,19.2,1.1438770659834414,0.0024978890229160346,60,"v20260326-204532-4583"
2494,"2026-03-27 14:19:00.348412+00","2026-03-27 14:20:00.348412+00",1.104527631817369,51.0234375,19.720000000000002,1.2016770158326489,0.0025687599364372557,60,"v20260326-204532-4583"
2495,"2026-03-27 14:19:05.345068+00","2026-03-27 14:20:05.345068+00",0.9271318367741148,51.0234375,20.32,1.1688856038364315,0.0025687599364372557,60,"v20260326-204532-4583"
2496,"2026-03-27 14:19:10.330586+00","2026-03-27 14:20:10.330586+00",0.7316908808026601,51.0234375,20.96083843353734,1.0925242356001947,0.0024026780110100983,60,"v20260326-204532-4583"
2497,"2026-03-27 14:19:15.344103+00","2026-03-27 14:20:15.344103+00",1.2275818293055658,52.00390625,21.400000000000002,1.1827227312145612,0.0024026780110100983,60,"v20260326-204532-4583"
2498,"2026-03-27 14:19:20.331944+00","2026-03-27 14:20:20.331944+00",1.2275818293055658,52.00390625,21.28,1.1021686589379347,0.0024026780110100983,60,"v20260326-204532-4583"
2499,"2026-03-27 14:19:35.447738+00","2026-03-27 14:20:35.447738+00",0.7234998402862409,50.921875,14.519419223231072,0.5456177686602693,0.0024526734423300067,60,"v20260326-204532-4583"
2500,"2026-03-27 14:19:40.339446+00","2026-03-27 14:20:40.339446+00",0.7234998402862409,50.921875,10.16,0.4559758823960328,0.002507008884501544,60,"v20260326-204532-4583"
2501,"2026-03-27 14:19:45.336362+00","2026-03-27 14:20:45.336362+00",0.0017324710935234277,50.421875,6.119755209791609,0.0015723507766270122,0.0015905300032905965,60,"v20260326-204532-4583"
2502,"2026-03-27 14:19:50.33759+00","2026-03-27 14:20:50.33759+00",0.0024140331075570287,50.421875,1.9600784031361254,0.001049238204275982,0.002504997160699875,60,"v20260326-204532-4583"
2503,"2026-03-27 14:19:55.324491+00","2026-03-27 14:20:55.324491+00",0.0024978890229160346,50.671875,0.31998720051197954,0.0007868923572914606,0.002504997160699875,60,"v20260326-204532-4583"
2504,"2026-03-27 14:20:00.329732+00","2026-03-27 14:21:00.329732+00",0.0025687599364372557,50.671875,0.2800112004480179,0.001290391833292321,0.002526280593813648,60,"v20260326-204532-4583"
2505,"2026-03-27 14:20:05.325284+00","2026-03-27 14:21:05.325284+00",0.0025687599364372557,50.671875,0.32,0.00211733417082792,0.002526280593813648,60,"v20260326-204532-4583"
2506,"2026-03-27 14:20:15.371391+00","2026-03-27 14:21:15.371391+00",0.0024026780110100983,50.671875,0.32,0.0023771012836569815,0.0024175371278208333,60,"v20260326-204532-4583"
2507,"2026-03-27 14:20:20.339273+00","2026-03-27 14:21:20.339273+00",0.0024026780110100983,50.671875,0.2800112004480179,0.0023214408428283485,0.0022942692540748842,60,"v20260326-204532-4583"
2508,"2026-03-27 14:20:25.341783+00","2026-03-27 14:21:25.341783+00",0.002408639999994193,50.421875,0.32,0.003046281508018779,0.0022942692540748842,60,"v20260326-204532-4583"
2509,"2026-03-27 14:20:30.314501+00","2026-03-27 14:21:30.314501+00",0.002408639999994193,50.421875,0.28,0.002385113100179644,0.0016300783050202054,60,"v20260326-204532-4583"
2510,"2026-03-27 14:20:35.324833+00","2026-03-27 14:21:35.324833+00",0.0024526734423300067,50.421875,0.32,0.0028857845292873624,0.025335907649800475,60,"v20260326-204532-4583"
2511,"2026-03-27 14:20:40.332601+00","2026-03-27 14:21:40.332601+00",0.002507008884501544,50.421875,0.28,0.0022903053603074027,0.025335907649800475,60,"v20260326-204532-4583"
2512,"2026-03-27 14:20:45.338165+00","2026-03-27 14:21:45.338165+00",0.0015905300032905965,50.421875,0.32,0.0022523254977487245,0.0500480728324482,60,"v20260326-204532-4583"
2513,"2026-03-27 14:20:55.390353+00","2026-03-27 14:21:55.390353+00",0.002504997160699875,50.671875,0.32,0.002533514970072977,0.05016508700482175,60,"v20260326-204532-4583"
2514,"2026-03-27 14:21:05.376421+00","2026-03-27 14:22:05.376421+00",0.002526280593813648,50.66796875,0.31998720051197954,0.002451729849330454,0.05025522710889898,60,"v20260326-204532-4583"
2515,"2026-03-27 14:21:10.336072+00","2026-03-27 14:22:10.336072+00",0.0025262805938136472,50.66796875,0.28,0.0021658587625643373,0.055643953309219917,60,"v20260326-204532-4583"
2516,"2026-03-27 14:21:15.311579+00","2026-03-27 14:22:15.311579+00",0.0024175371278208333,50.66796875,0.32,0.0026707791311552645,0.055643953309219917,60,"v20260326-204532-4583"
2517,"2026-03-27 14:21:20.334322+00","2026-03-27 14:22:20.334322+00",0.0022942692540748842,50.66796875,0.28,0.002274826403230315,0.05564395330921991,60,"v20260326-204532-4583"
2518,"2026-03-27 14:21:25.35135+00","2026-03-27 14:22:25.35135+00",0.0022942692540748842,50.66796875,0.32,0.002785305748402908,0.04062001345626446,60,"v20260326-204532-4583"
2519,"2026-03-27 14:21:30.350704+00","2026-03-27 14:22:30.350704+00",0.0016300783050202054,50.66796875,0.4000160006400256,0.003083411643218222,0.06358468059942259,60,"v20260326-204532-4583"
2520,"2026-03-27 14:21:35.328989+00","2026-03-27 14:22:35.328989+00",0.025335907649800475,51.421875,0.64,0.03560332834506737,0.05824431178747744,60,"v20260326-204532-4583"
2521,"2026-03-27 14:21:40.34024+00","2026-03-27 14:22:40.34024+00",0.025335907649800475,51.421875,0.76,0.03748390895748406,0.05824431178747744,60,"v20260326-204532-4583"
2522,"2026-03-27 14:21:45.337939+00","2026-03-27 14:22:45.337939+00",0.0500480728324482,50.671875,0.9999600015999361,0.05065998967752991,0.03795311800253532,60,"v20260326-204532-4583"
2523,"2026-03-27 14:21:50.33481+00","2026-03-27 14:22:50.33481+00",0.0500480728324482,50.671875,1.1600000000000001,0.06512090134676879,0.029147634353451246,60,"v20260326-204532-4583"
2524,"2026-03-27 14:21:55.315308+00","2026-03-27 14:22:55.315308+00",0.05016508700482175,50.67578125,1.2399504019839207,0.0670694840574946,0.05757016046427909,60,"v20260326-204532-4583"
2525,"2026-03-27 14:22:00.336903+00","2026-03-27 14:23:00.336903+00",0.05025522710889898,50.67578125,1.1600000000000001,0.05481947046680702,0.05757016046427909,60,"v20260326-204532-4583"
2526,"2026-03-27 14:22:05.319527+00","2026-03-27 14:23:05.319527+00",0.05025522710889898,50.67578125,1.1999520019199232,0.06252551622538986,0.04716777300507431,60,"v20260326-204532-4583"
2527,"2026-03-27 14:22:15.403755+00","2026-03-27 14:23:15.403755+00",0.055643953309219917,50.921875,1.1999520019199232,0.057289370622571376,0.043644987935628085,60,"v20260326-204532-4583"
2528,"2026-03-27 14:22:20.334774+00","2026-03-27 14:23:20.334774+00",0.05564395330921991,50.921875,1.2000480019200768,0.06170491038549531,0.05546740189790311,60,"v20260326-204532-4583"
2529,"2026-03-27 14:22:25.347363+00","2026-03-27 14:23:25.347363+00",0.04062001345626446,51.17578125,1.3199472021119156,0.059084277509431876,0.05546740189790311,60,"v20260326-204532-4583"
2530,"2026-03-27 14:22:30.334039+00","2026-03-27 14:23:30.334039+00",0.06358468059942259,51.17578125,1.32,0.059970572672159064,1.0127249216301237,60,"v20260326-204532-4583"
2531,"2026-03-27 14:22:35.336886+00","2026-03-27 14:23:35.336886+00",0.05824431178747744,50.671875,1.28,0.056113028598019934,1.0127249216301237,60,"v20260326-204532-4583"
2532,"2026-03-27 14:22:40.326683+00","2026-03-27 14:23:40.326683+00",0.05824431178747744,50.671875,1.24,0.05340613848860032,1.0127249216301237,60,"v20260326-204532-4583"
2533,"2026-03-27 14:22:45.346783+00","2026-03-27 14:23:45.346783+00",0.03795311800253532,50.671875,1.32,0.052560634194613626,1.0127249216301237,60,"v20260326-204532-4583"
2534,"2026-03-27 14:22:50.331955+00","2026-03-27 14:23:50.331955+00",0.029147634353451246,50.671875,1.2400496019840794,0.044375502333944015,1.3348472584189335,60,"v20260326-204532-4583"
2535,"2026-03-27 14:22:55.331427+00","2026-03-27 14:23:55.331427+00",0.05757016046427909,50.42578125,1.2400496019840792,0.05972850754823074,1.3348472584189335,60,"v20260326-204532-4583"
2536,"2026-03-27 14:23:00.326533+00","2026-03-27 14:24:00.326533+00",0.05757016046427909,50.42578125,1.32,0.062499780046156285,1.3348472584189335,60,"v20260326-204532-4583"
2537,"2026-03-27 14:23:05.329887+00","2026-03-27 14:24:05.329887+00",0.04716777300507431,51.1640625,1.360054402176087,0.06277597489102399,1.3348472584189335,60,"v20260326-204532-4583"
2538,"2026-03-27 14:23:10.334337+00","2026-03-27 14:24:10.334337+00",0.06625928030306374,51.1640625,1.28,0.059515553106476646,1.332370641252908,60,"v20260326-204532-4583"
2539,"2026-03-27 14:23:15.312568+00","2026-03-27 14:24:15.312568+00",0.043644987935628085,51.1640625,1.36,0.056281507378859265,1.332370641252908,60,"v20260326-204532-4583"
2540,"2026-03-27 14:23:25.387168+00","2026-03-27 14:24:25.387168+00",0.05546740189790311,50.4296875,1.24,0.053285336383622726,1.332370641252908,60,"v20260326-204532-4583"
2541,"2026-03-27 14:23:35.403757+00","2026-03-27 14:24:35.403757+00",1.0127249216301237,51.5078125,8.2,0.8466836342241945,1.3338422838675301,60,"v20260326-204532-4583"
2542,"2026-03-27 14:23:40.335112+00","2026-03-27 14:24:40.335112+00",1.0127249216301237,51.5078125,12.6,1.8305172023460758,1.3423470059880236,60,"v20260326-204532-4583"
2543,"2026-03-27 14:23:45.330126+00","2026-03-27 14:24:45.330126+00",1.0127249216301237,51.5078125,17.240689627585102,2.3032712948468714,1.3423470059880236,60,"v20260326-204532-4583"
2544,"2026-03-27 14:23:55.415666+00","2026-03-27 14:24:55.415666+00",1.3348472584189335,51.99609375,23.640945637825514,3.1305608900126756,1.3423470059880236,60,"v20260326-204532-4583"
2545,"2026-03-27 14:24:00.346037+00","2026-03-27 14:25:00.346037+00",1.3348472584189335,51.99609375,23.560000000000002,2.3825629171771006,1.351122393377325,60,"v20260326-204532-4583"
2546,"2026-03-27 14:24:15.427474+00","2026-03-27 14:25:15.427474+00",1.332370641252908,52.73046875,23.32,2.092813875982662,1.3511223933773253,60,"v20260326-204532-4583"
2547,"2026-03-27 14:24:20.345324+00","2026-03-27 14:25:20.345324+00",1.332370641252908,52.73046875,23.400000000000002,2.039276407455297,1.332530916414893,60,"v20260326-204532-4583"
2548,"2026-03-27 14:24:35.416206+00","2026-03-27 14:25:35.416206+00",1.3338422838675301,52.24609375,23.559057637694494,1.761822613919855,0.6414364414334379,60,"v20260326-204532-4583"
2549,"2026-03-27 14:24:45.382491+00","2026-03-27 14:25:45.382491+00",1.3423470059880236,51.9765625,23.400000000000002,1.7859438942571595,0.6414364414334379,60,"v20260326-204532-4583"
2550,"2026-03-27 14:24:50.337168+00","2026-03-27 14:25:50.337168+00",1.3423470059880236,51.9765625,23.48,1.8417218268036837,0.2613803412114314,60,"v20260326-204532-4583"
2551,"2026-03-27 14:24:55.322564+00","2026-03-27 14:25:55.322564+00",1.3423470059880236,51.9765625,23.8,1.5348539065078344,0.2613803412114314,60,"v20260326-204532-4583"
2552,"2026-03-27 14:25:05.391231+00","2026-03-27 14:26:05.391231+00",1.351122393377325,52.0,23.88,1.650926125667112,0.1525977976078155,60,"v20260326-204532-4583"
2553,"2026-03-27 14:25:10.323509+00","2026-03-27 14:26:10.323509+00",1.3511223933773253,52.0,24.240000000000002,1.4243035294991422,0.19588856578534417,60,"v20260326-204532-4583"
2554,"2026-03-27 14:25:25.437878+00","2026-03-27 14:26:25.437878+00",1.332530916414893,52.50390625,23.48,1.3376130065076548,0.26175814357512023,60,"v20260326-204532-4583"
2555,"2026-03-27 14:25:30.322119+00","2026-03-27 14:26:30.322119+00",1.332530916414893,52.50390625,21.240000000000002,1.1662980575720852,0.2617581435751202,60,"v20260326-204532-4583"
2556,"2026-03-27 14:25:35.318717+00","2026-03-27 14:26:35.318717+00",0.6414364414334379,51.42578125,17.28,0.662708137615866,0.2617581435751202,60,"v20260326-204532-4583"
2557,"2026-03-27 14:25:40.342627+00","2026-03-27 14:26:40.342627+00",0.6414364414334379,51.42578125,13.84,0.5636786150484322,1.3270582650232674,60,"v20260326-204532-4583"
2558,"2026-03-27 14:25:45.310775+00","2026-03-27 14:26:45.310775+00",0.6414364414334379,51.42578125,9.999600015999361,0.4511047382439729,1.3270582650232674,60,"v20260326-204532-4583"
2559,"2026-03-27 14:25:55.376032+00","2026-03-27 14:26:55.376032+00",0.2613803412114314,51.671875,4.9998000079996805,0.16886457630391796,1.5894963559874369,60,"v20260326-204532-4583"
2560,"2026-03-27 14:26:00.338298+00","2026-03-27 14:27:00.338298+00",0.2613803412114314,51.671875,4.880000000000001,0.24652757935777922,1.5894963559874369,60,"v20260326-204532-4583"
2561,"2026-03-27 14:26:05.315139+00","2026-03-27 14:27:05.315139+00",0.1525977976078155,51.6796875,4.920000000000001,0.24692485218350801,1.5894963559874369,60,"v20260326-204532-4583"
2562,"2026-03-27 14:26:10.338586+00","2026-03-27 14:27:10.338586+00",0.19588856578534417,51.6796875,4.84019360774431,0.284609519803607,1.5923617330619388,60,"v20260326-204532-4583"
2563,"2026-03-27 14:26:15.330653+00","2026-03-27 14:27:15.330653+00",0.2032333068933081,51.6796875,4.840000000000001,0.2742692470965226,1.5923617330619388,60,"v20260326-204532-4583"
2564,"2026-03-27 14:26:20.318932+00","2026-03-27 14:27:20.318932+00",0.16002030656280494,51.6796875,4.880000000000001,0.24026480736242783,1.5923617330619388,60,"v20260326-204532-4583"
2565,"2026-03-27 14:26:25.33612+00","2026-03-27 14:27:25.33612+00",0.26175814357512023,50.9375,4.96,0.24352383518172885,1.5923617330619388,60,"v20260326-204532-4583"
2566,"2026-03-27 14:26:30.346848+00","2026-03-27 14:27:30.346848+00",0.2617581435751202,50.9375,7.32,0.41375814360358953,1.5992384099278933,60,"v20260326-204532-4583"
2567,"2026-03-27 14:26:45.430445+00","2026-03-27 14:27:45.430445+00",1.3270582650232674,52.0234375,21.24084963398536,1.8995522302313188,1.586783358895697,60,"v20260326-204532-4583"
2568,"2026-03-27 14:26:55.36434+00","2026-03-27 14:27:55.36434+00",1.5894963559874369,52.02734375,28.12,2.8216625770404637,1.586783358895697,60,"v20260326-204532-4583"
2569,"2026-03-27 14:27:00.334302+00","2026-03-27 14:28:00.334302+00",1.5894963559874369,52.02734375,27.921116844673787,1.9864208024628243,1.571683276881548,60,"v20260326-204532-4583"
2570,"2026-03-27 14:27:05.383726+00","2026-03-27 14:28:05.383726+00",1.5894963559874369,52.02734375,27.92,1.7948888153825553,1.571683276881548,60,"v20260326-204532-4583"
2571,"2026-03-27 14:27:15.387536+00","2026-03-27 14:28:15.387536+00",1.5923617330619388,51.796875,28.16,1.6458697894687904,0.9433062098385295,60,"v20260326-204532-4583"
2572,"2026-03-27 14:27:20.340533+00","2026-03-27 14:28:20.340533+00",1.5923617330619388,51.796875,27.558897644094237,1.6013326401710533,1.208419626026174,60,"v20260326-204532-4583"
2573,"2026-03-27 14:27:35.441024+00","2026-03-27 14:28:35.441024+00",1.5992384099278933,52.2890625,27.96,1.684636088667719,1.147190084113268,60,"v20260326-204532-4583"
2574,"2026-03-27 14:27:55.351803+00","2026-03-27 14:28:55.351803+00",1.586783358895697,51.54296875,27.63889444422223,1.5708933142197514,0.5227022259877963,60,"v20260326-204532-4583"
2575,"2026-03-27 14:28:05.383056+00","2026-03-27 14:29:05.383056+00",1.571683276881548,52.51953125,27.52,1.7961797494697709,0.5296270905779015,60,"v20260326-204532-4583"
2576,"2026-03-27 14:28:10.333052+00","2026-03-27 14:29:10.333052+00",1.571683276881548,52.51953125,27.48,1.6010366627240806,0.36761416357012144,60,"v20260326-204532-4583"
2577,"2026-03-27 14:28:15.33412+00","2026-03-27 14:29:15.33412+00",0.9433062098385295,52.51953125,27.560000000000002,1.2995024151816152,0.5569874014808099,60,"v20260326-204532-4583"
2578,"2026-03-27 14:28:20.357185+00","2026-03-27 14:29:20.357185+00",1.208419626026174,52.51953125,27.681107244289773,1.3562416493781275,0.55698740148081,60,"v20260326-204532-4583"
2579,"2026-03-27 14:28:25.35939+00","2026-03-27 14:29:25.35939+00",1.2214684256224444,52.51953125,27.438902443902244,1.336987840714181,0.55698740148081,60,"v20260326-204532-4583"
2580,"2026-03-27 14:28:30.312112+00","2026-03-27 14:29:30.312112+00",0.9568324045419806,52.51953125,25.15899364025439,1.1002756871431327,0.5443311483612323,60,"v20260326-204532-4583"
2581,"2026-03-27 14:28:35.339996+00","2026-03-27 14:29:35.339996+00",1.147190084113268,51.47265625,21.64,0.932989334343249,0.5443311483612323,60,"v20260326-204532-4583"
2582,"2026-03-27 14:28:40.339871+00","2026-03-27 14:29:40.339871+00",1.1471900841132683,51.47265625,18.12,0.7933921091920711,0.5443311483612323,60,"v20260326-204532-4583"
2583,"2026-03-27 14:28:45.32366+00","2026-03-27 14:29:45.32366+00",0.3794382575483077,52.4375,14.559417623295069,0.34759254147749585,0.5443311483612323,60,"v20260326-204532-4583"
2584,"2026-03-27 14:28:50.31779+00","2026-03-27 14:29:50.31779+00",0.5227022259877963,52.4375,11.000440017600702,0.3386276090602795,0.5267440526168737,60,"v20260326-204532-4583"
2585,"2026-03-27 14:28:55.332672+00","2026-03-27 14:29:55.332672+00",0.5227022259877963,52.4375,9.880395215808633,0.3951367964875705,0.5267440526168737,60,"v20260326-204532-4583"
2586,"2026-03-27 14:29:05.368009+00","2026-03-27 14:30:05.368009+00",0.5296270905779015,51.703125,9.64,0.47482394081579377,0.31837096075542215,60,"v20260326-204532-4583"
2587,"2026-03-27 14:29:10.326191+00","2026-03-27 14:30:10.326191+00",0.36761416357012144,51.703125,9.760390415616623,0.5040756836538782,0.31837096075542215,60,"v20260326-204532-4583"
2588,"2026-03-27 14:29:15.334268+00","2026-03-27 14:30:15.334268+00",0.5569874014808099,51.453125,9.88,0.6011056670978617,0.17688519954757448,60,"v20260326-204532-4583"
2589,"2026-03-27 14:29:20.337141+00","2026-03-27 14:30:20.337141+00",0.55698740148081,51.453125,9.959999999999999,0.5849664204310564,0.05328191932187357,60,"v20260326-204532-4583"
2590,"2026-03-27 14:29:35.454505+00","2026-03-27 14:30:35.454505+00",0.5443311483612323,51.45703125,10.0,0.5769040993038591,0.05132743091725821,60,"v20260326-204532-4583"
2591,"2026-03-27 14:29:40.332368+00","2026-03-27 14:30:40.332368+00",0.5443311483612323,51.45703125,9.879999999999999,0.5599237297877887,0.05132743091725821,60,"v20260326-204532-4583"
2592,"2026-03-27 14:29:55.444728+00","2026-03-27 14:30:55.444728+00",0.5267440526168737,52.21484375,9.8,0.5460891908073999,0.041710321505064984,60,"v20260326-204532-4583"
2593,"2026-03-27 14:30:00.339004+00","2026-03-27 14:31:00.339004+00",0.5267440526168737,52.21484375,8.4,0.43579573736818783,0.05448907707411689,60,"v20260326-204532-4583"
2594,"2026-03-27 14:30:05.322622+00","2026-03-27 14:31:05.322622+00",0.31837096075542215,50.93359375,6.71973121075157,0.2851750528249645,0.05448907707411689,60,"v20260326-204532-4583"
2595,"2026-03-27 14:30:10.338449+00","2026-03-27 14:31:10.338449+00",0.31837096075542215,50.93359375,5.079796808127675,0.23721684336006488,0.05448907707411689,60,"v20260326-204532-4583"
2596,"2026-03-27 14:30:15.349939+00","2026-03-27 14:31:15.349939+00",0.17688519954757448,50.42578125,3.399864005439783,0.1353325470792206,0.05278687263642113,60,"v20260326-204532-4583"
2597,"2026-03-27 14:30:20.327098+00","2026-03-27 14:31:20.327098+00",0.05328191932187357,50.42578125,1.6,0.04368556173610676,0.05278687263642113,60,"v20260326-204532-4583"
2598,"2026-03-27 14:30:25.340092+00","2026-03-27 14:31:25.340092+00",0.05328191932187357,50.42578125,1.2,0.046001413695272414,0.05278687263642113,60,"v20260326-204532-4583"
2599,"2026-03-27 14:30:35.351365+00","2026-03-27 14:31:35.351365+00",0.05132743091725821,50.671875,1.2000480019200768,0.060771850313012236,0.045619058624141624,60,"v20260326-204532-4583"
2600,"2026-03-27 14:30:40.334385+00","2026-03-27 14:31:40.334385+00",0.05132743091725821,50.671875,1.1200448017920717,0.06079064697960791,0.032896663491512254,60,"v20260326-204532-4583"
2601,"2026-03-27 14:30:45.333709+00","2026-03-27 14:31:45.333709+00",0.0570267583526011,50.92578125,1.2,0.06734102818315783,0.0025363660980104227,60,"v20260326-204532-4583"
2602,"2026-03-27 14:30:50.330342+00","2026-03-27 14:31:50.330342+00",0.0570267583526011,50.92578125,1.24,0.06655319413184885,0.0025363660980104227,60,"v20260326-204532-4583"
2603,"2026-03-27 14:30:55.322738+00","2026-03-27 14:31:55.322738+00",0.041710321505064984,50.92578125,1.32,0.06311633880951409,0.0025363660980104227,60,"v20260326-204532-4583"
2604,"2026-03-27 14:31:05.394057+00","2026-03-27 14:32:05.394057+00",0.05448907707411689,50.42578125,1.28,0.05560168312934288,0.0024870633557011255,60,"v20260326-204532-4583"
2605,"2026-03-27 14:31:10.334437+00","2026-03-27 14:32:10.334437+00",0.05448907707411689,50.42578125,1.1999520019199232,0.04789096902628762,0.0024870633557011255,60,"v20260326-204532-4583"
2606,"2026-03-27 14:31:15.329991+00","2026-03-27 14:32:15.329991+00",0.05278687263642113,50.67578125,1.2,0.049918065595489246,0.0024870633557011255,60,"v20260326-204532-4583"
2607,"2026-03-27 14:31:20.339394+00","2026-03-27 14:32:20.339394+00",0.05278687263642113,50.67578125,1.1200448017920717,0.04823982837447722,0.0024926281448282785,60,"v20260326-204532-4583"
2608,"2026-03-27 14:31:25.355349+00","2026-03-27 14:32:25.355349+00",0.05278687263642113,50.67578125,1.28,0.06055859104081976,0.0024926281448282785,60,"v20260326-204532-4583"
2609,"2026-03-27 14:31:35.365124+00","2026-03-27 14:32:35.365124+00",0.045619058624141624,50.42578125,0.9600384015360615,0.04092429878685223,0.0024926281448282785,60,"v20260326-204532-4583"
2610,"2026-03-27 14:31:40.319558+00","2026-03-27 14:32:40.319558+00",0.032896663491512254,50.42578125,0.72,0.027350146060665822,0.00245418262226262,60,"v20260326-204532-4583"
2611,"2026-03-27 14:31:45.38569+00","2026-03-27 14:32:45.38569+00",0.0025363660980104227,50.421875,0.5999760009599616,0.0032340321045367286,0.00245418262226262,60,"v20260326-204532-4583"
2612,"2026-03-27 14:31:50.332608+00","2026-03-27 14:32:50.332608+00",0.0025363660980104227,50.421875,0.31998720051197954,0.002022010616648087,0.00245418262226262,60,"v20260326-204532-4583"
2613,"2026-03-27 14:31:55.335764+00","2026-03-27 14:32:55.335764+00",0.0025363660980104227,50.421875,0.32,0.0023483017428932627,0.002523988006040583,60,"v20260326-204532-4583"
2614,"2026-03-27 14:32:05.368376+00","2026-03-27 14:33:05.368376+00",0.0024870633557011255,50.421875,0.32,0.0027019130964116836,0.002523988006040583,60,"v20260326-204532-4583"
2615,"2026-03-27 14:32:10.338473+00","2026-03-27 14:33:10.338473+00",0.0024870633557011255,50.421875,0.28,0.0024338141721730188,0.002523988006040583,60,"v20260326-204532-4583"
2616,"2026-03-27 14:32:25.424716+00","2026-03-27 14:33:25.424716+00",0.0024926281448282785,50.421875,0.31998720051197954,0.003115405727597907,0.0024913176173410982,60,"v20260326-204532-4583"
2617,"2026-03-27 14:32:30.336861+00","2026-03-27 14:33:30.336861+00",0.0024926281448282785,50.421875,0.28,0.002518848763643216,0.03191905011805064,60,"v20260326-204532-4583"
2618,"2026-03-27 14:32:45.408675+00","2026-03-27 14:33:45.408675+00",0.00245418262226262,50.421875,0.32001280051202047,0.003034132870952705,0.050981450075244905,60,"v20260326-204532-4583"
2619,"2026-03-27 14:33:05.375833+00","2026-03-27 14:34:05.375833+00",0.002523988006040583,51.171875,0.32001280051202047,0.0029115810385853622,0.05176467841717508,60,"v20260326-204532-4583"
2620,"2026-03-27 14:33:25.357885+00","2026-03-27 14:34:25.357885+00",0.0024913176173410982,50.421875,0.31998720051197954,0.002867958353638419,0.05340280674068226,60,"v20260326-204532-4583"
2621,"2026-03-27 14:33:35.391285+00","2026-03-27 14:34:35.391285+00",0.03191905011805064,50.66796875,0.6800272010880435,0.025532046137747212,0.05340280674068226,60,"v20260326-204532-4583"
2622,"2026-03-27 14:33:40.318677+00","2026-03-27 14:34:40.318677+00",0.031919050118050636,50.66796875,0.88,0.045534909570873874,0.05836412771492251,60,"v20260326-204532-4583"
2623,"2026-03-27 14:33:45.321236+00","2026-03-27 14:34:45.321236+00",0.050981450075244905,51.17578125,1.16,0.06620582167978198,0.05836412771492251,60,"v20260326-204532-4583"
2624,"2026-03-27 14:33:50.33472+00","2026-03-27 14:34:50.33472+00",0.07210614785994754,51.17578125,1.32,0.07679948979306232,0.05836412771492251,60,"v20260326-204532-4583"
2625,"2026-03-27 14:33:55.335666+00","2026-03-27 14:34:55.335666+00",0.07210614785994754,51.17578125,1.36,0.07674752005386826,0.055523849279261774,60,"v20260326-204532-4583"
2626,"2026-03-27 14:34:00.326013+00","2026-03-27 14:35:00.326013+00",0.04684255718808392,51.17578125,1.28,0.05786016339426839,0.055523849279261774,60,"v20260326-204532-4583"
2627,"2026-03-27 14:34:05.31886+00","2026-03-27 14:35:05.31886+00",0.05176467841717508,50.4296875,1.2800512020480819,0.05958362671684423,0.055523849279261774,60,"v20260326-204532-4583"
2628,"2026-03-27 14:34:10.339653+00","2026-03-27 14:35:10.339653+00",0.05176467841717508,50.4296875,1.2399504019839207,0.058215146311768294,0.055523849279261774,60,"v20260326-204532-4583"
2629,"2026-03-27 14:34:25.38371+00","2026-03-27 14:35:25.38371+00",0.05340280674068226,50.92578125,1.28,0.0621092078916565,0.05977411115649249,60,"v20260326-204532-4583"
2630,"2026-03-27 14:34:30.329646+00","2026-03-27 14:35:30.329646+00",0.05340280674068226,50.92578125,1.2000000000000002,0.05595755877571233,0.5462767290049991,60,"v20260326-204532-4583"
2631,"2026-03-27 14:34:45.413889+00","2026-03-27 14:35:45.413889+00",0.05836412771492251,50.42578125,1.32,0.06576802833399371,0.318096939299611,60,"v20260326-204532-4583"
2632,"2026-03-27 14:35:05.391277+00","2026-03-27 14:36:05.391277+00",0.055523849279261774,51.171875,1.28,0.06130743575577557,1.3302599907705766,60,"v20260326-204532-4583"
2633,"2026-03-27 14:35:25.357737+00","2026-03-27 14:36:25.357737+00",0.05977411115649249,50.42578125,1.24,0.061088611626128685,1.3425214525314046,60,"v20260326-204532-4583"
2634,"2026-03-27 14:35:35.410363+00","2026-03-27 14:36:35.410363+00",0.5462767290049991,52.02734375,8.56,0.9924795327154428,1.3470946518400762,60,"v20260326-204532-4583"
2635,"2026-03-27 14:35:40.316126+00","2026-03-27 14:36:40.316126+00",0.40910664235184385,52.02734375,12.879999999999999,0.9895707981544627,1.3801865576102528,60,"v20260326-204532-4583"
2636,"2026-03-27 14:35:45.325731+00","2026-03-27 14:36:45.325731+00",0.318096939299611,52.02734375,17.360694427777112,0.6851073320325072,1.3801865576102528,60,"v20260326-204532-4583"
2637,"2026-03-27 14:35:55.374619+00","2026-03-27 14:36:55.374619+00",1.3109162270521282,52.01171875,23.240000000000002,1.2147773050600899,1.331751737153641,60,"v20260326-204532-4583"
2638,"2026-03-27 14:36:05.392076+00","2026-03-27 14:37:05.392076+00",1.3302599907705766,52.23828125,23.519059237630493,0.9146090878473692,0.8329441240027445,60,"v20260326-204532-4583"
2639,"2026-03-27 14:36:10.33576+00","2026-03-27 14:37:10.33576+00",0.975989584228526,52.23828125,23.44,0.7206122856615392,1.3397697407749387,60,"v20260326-204532-4583"
2640,"2026-03-27 14:36:15.324033+00","2026-03-27 14:37:15.324033+00",1.333069318979615,51.5234375,23.52,0.8901196147149159,1.3397697407749387,60,"v20260326-204532-4583"
2641,"2026-03-27 14:36:20.336075+00","2026-03-27 14:37:20.336075+00",0.996804302171593,51.5234375,23.720000000000002,1.0950936328636984,1.3595009509633822,60,"v20260326-204532-4583"
2642,"2026-03-27 14:36:25.324578+00","2026-03-27 14:37:25.324578+00",1.3425214525314046,52.23046875,23.8,1.2523296107001247,1.3595009509633822,60,"v20260326-204532-4583"
2643,"2026-03-27 14:36:30.329809+00","2026-03-27 14:37:30.329809+00",1.3470946518400762,52.23046875,23.800952038081522,1.349491561407595,1.3595009509633822,60,"v20260326-204532-4583"
2644,"2026-03-27 14:36:35.335652+00","2026-03-27 14:37:35.335652+00",1.3470946518400762,52.23046875,23.959041638334465,1.3961041137066605,0.927572020348867,60,"v20260326-204532-4583"
2645,"2026-03-27 14:36:45.388273+00","2026-03-27 14:37:45.388273+00",1.3801865576102528,52.2265625,24.279028838846447,1.4168251564792713,0.5889892396448201,60,"v20260326-204532-4583"
2646,"2026-03-27 14:36:50.335562+00","2026-03-27 14:37:50.335562+00",1.3801865576102528,52.2265625,24.040000000000003,1.3830276799367238,0.26975888661280806,60,"v20260326-204532-4583"
2647,"2026-03-27 14:36:55.333655+00","2026-03-27 14:37:55.333655+00",1.331751737153641,52.234375,23.799048038078478,1.3520012152641865,0.26975888661280806,60,"v20260326-204532-4583"
2648,"2026-03-27 14:37:00.325361+00","2026-03-27 14:38:00.325361+00",1.3317517371536407,52.234375,23.6,1.3476568250760632,0.26975888661280806,60,"v20260326-204532-4583"
2649,"2026-03-27 14:37:05.324284+00","2026-03-27 14:38:05.324284+00",0.8329441240027445,52.234375,23.720000000000002,1.134739770292236,0.1632402512565813,60,"v20260326-204532-4583"
2650,"2026-03-27 14:37:15.403598+00","2026-03-27 14:38:15.403598+00",1.3397697407749387,52.0078125,23.52,1.2483009084233896,0.18031664406938133,60,"v20260326-204532-4583"
2651,"2026-03-27 14:37:25.38278+00","2026-03-27 14:38:25.38278+00",1.3595009509633822,52.015625,23.92095683827353,1.2914869915744969,0.26375127639459744,60,"v20260326-204532-4583"
2652,"2026-03-27 14:37:30.332495+00","2026-03-27 14:38:30.332495+00",1.3595009509633822,52.015625,21.520000000000003,1.150258402373646,0.26375127639459744,60,"v20260326-204532-4583"
2653,"2026-03-27 14:37:35.402336+00","2026-03-27 14:38:35.402336+00",0.927572020348867,51.68359375,18.0,0.8506508236893487,0.26375127639459744,60,"v20260326-204532-4583"
2654,"2026-03-27 14:37:40.336784+00","2026-03-27 14:38:40.336784+00",0.5889892396448201,51.68359375,14.08,0.5949172520771536,1.1901588370754024,60,"v20260326-204532-4583"
2655,"2026-03-27 14:37:45.318162+00","2026-03-27 14:38:45.318162+00",0.5889892396448201,51.68359375,10.519579216831328,0.502323943295486,1.1901588370754024,60,"v20260326-204532-4583"
2656,"2026-03-27 14:37:55.373807+00","2026-03-27 14:38:55.373807+00",0.26975888661280806,51.19140625,5.12,0.1978332531842761,1.567581781965856,60,"v20260326-204532-4583"
2657,"2026-03-27 14:38:00.332738+00","2026-03-27 14:39:00.332738+00",0.26975888661280806,51.19140625,4.92,0.28143508174543685,1.567581781965856,60,"v20260326-204532-4583"
2658,"2026-03-27 14:38:05.341452+00","2026-03-27 14:39:05.341452+00",0.1632402512565813,50.6875,4.799808007679693,0.266693637504792,1.647432630786602,60,"v20260326-204532-4583"
2659,"2026-03-27 14:38:10.335637+00","2026-03-27 14:39:10.335637+00",0.24348468839543774,50.6875,4.760190407616305,0.30447416898956836,1.6474326307866018,60,"v20260326-204532-4583"
2660,"2026-03-27 14:38:15.320587+00","2026-03-27 14:39:15.320587+00",0.18031664406938133,50.6875,4.720000000000001,0.25333909749086014,1.6474326307866018,60,"v20260326-204532-4583"
2661,"2026-03-27 14:38:20.338308+00","2026-03-27 14:39:20.338308+00",0.13965470110734324,50.6875,4.5600000000000005,0.21058933594767487,1.6137701246429432,60,"v20260326-204532-4583"
2662,"2026-03-27 14:38:25.328658+00","2026-03-27 14:39:25.328658+00",0.26375127639459744,51.6953125,4.800000000000001,0.2510504568755593,1.6137701246429432,60,"v20260326-204532-4583"
2663,"2026-03-27 14:38:30.340075+00","2026-03-27 14:39:30.340075+00",0.26375127639459744,51.6953125,7.680307212288492,0.5072840933281028,1.6137701246429432,60,"v20260326-204532-4583"
2664,"2026-03-27 14:38:45.429058+00","2026-03-27 14:39:45.429058+00",1.1901588370754024,52.99609375,21.39914403423863,2.184529737578457,1.6031590851118067,60,"v20260326-204532-4583"
2665,"2026-03-27 14:38:55.3705+00","2026-03-27 14:39:55.3705+00",1.567581781965856,52.53515625,27.48,2.5841140386181554,1.6107402326275237,60,"v20260326-204532-4583"
2666,"2026-03-27 14:39:00.339069+00","2026-03-27 14:40:00.339069+00",1.567581781965856,52.53515625,28.122249779982397,2.226988804327794,1.6093838282647404,60,"v20260326-204532-4583"
2667,"2026-03-27 14:39:05.347814+00","2026-03-27 14:40:05.347814+00",1.647432630786602,51.77734375,28.158873645054197,1.951367812681791,1.6093838282647404,60,"v20260326-204532-4583"
2668,"2026-03-27 14:39:10.321769+00","2026-03-27 14:40:10.321769+00",1.6474326307866018,51.77734375,28.401136045441817,1.8793636494461743,1.6093838282647404,60,"v20260326-204532-4583"
2669,"2026-03-27 14:39:15.337327+00","2026-03-27 14:40:15.337327+00",1.6474326307866018,51.77734375,28.560000000000002,1.7783025148607623,1.5580074484944813,60,"v20260326-204532-4583"
2670,"2026-03-27 14:39:25.398055+00","2026-03-27 14:40:25.398055+00",1.6137701246429432,51.78515625,28.398864045438184,1.6345044519632825,1.0746096708082602,60,"v20260326-204532-4583"
2671,"2026-03-27 14:39:30.334704+00","2026-03-27 14:40:30.334704+00",1.6137701246429432,51.78515625,28.321132845313812,1.5715617827824957,1.3683457046303356,60,"v20260326-204532-4583"
2672,"2026-03-27 14:39:35.33895+00","2026-03-27 14:40:35.33895+00",1.10396649897788,51.3046875,27.918883244670212,1.4377671375745904,1.3683457046303356,60,"v20260326-204532-4583"
2673,"2026-03-27 14:39:40.321636+00","2026-03-27 14:40:40.321636+00",1.5931018793273557,51.3046875,27.6,1.482207387442129,0.5184160234808016,60,"v20260326-204532-4583"
2674,"2026-03-27 14:39:45.328406+00","2026-03-27 14:40:45.328406+00",1.6031590851118067,51.9765625,27.51889924403024,1.4942878577696799,0.5184160234808016,60,"v20260326-204532-4583"
2675,"2026-03-27 14:39:50.331294+00","2026-03-27 14:40:50.331294+00",1.6107402326275237,51.9765625,27.52110084403376,1.5411080329562776,0.5184160234808016,60,"v20260326-204532-4583"
2676,"2026-03-27 14:39:55.331794+00","2026-03-27 14:40:55.331794+00",1.6107402326275237,51.9765625,27.560000000000002,1.5840399431912364,0.5184160234808016,60,"v20260326-204532-4583"
2677,"2026-03-27 14:40:05.397848+00","2026-03-27 14:41:05.397848+00",1.6093838282647404,52.0234375,27.880000000000003,1.6364685546664803,0.5365629189326097,60,"v20260326-204532-4583"
2678,"2026-03-27 14:40:10.345288+00","2026-03-27 14:41:10.345288+00",1.6093838282647404,52.0234375,27.880000000000003,1.647319405076822,0.5365629189326097,60,"v20260326-204532-4583"
2679,"2026-03-27 14:40:15.326346+00","2026-03-27 14:41:15.326346+00",1.5580074484944813,52.015625,27.720000000000002,1.625424461150123,0.5365629189326097,60,"v20260326-204532-4583"
2680,"2026-03-27 14:40:20.347549+00","2026-03-27 14:41:20.347549+00",1.5580074484944813,52.015625,27.400000000000002,1.5951775711983494,0.537350717535861,60,"v20260326-204532-4583"
2681,"2026-03-27 14:40:25.334944+00","2026-03-27 14:41:25.334944+00",1.0746096708082602,52.015625,27.32,1.401853662631475,0.537350717535861,60,"v20260326-204532-4583"
2682,"2026-03-27 14:40:35.384862+00","2026-03-27 14:41:35.384862+00",1.3683457046303356,51.2734375,21.640865634625385,1.1173463598914462,0.5373507175358612,60,"v20260326-204532-4583"
2683,"2026-03-27 14:40:45.381388+00","2026-03-27 14:41:45.381388+00",0.5184160234808016,51.72265625,14.759409623615056,0.4414404390931731,0.543698755730212,60,"v20260326-204532-4583"
2684,"2026-03-27 14:40:50.331801+00","2026-03-27 14:41:50.331801+00",0.5184160234808016,51.72265625,10.959999999999999,0.38622976616612775,0.543698755730212,60,"v20260326-204532-4583"
2685,"2026-03-27 14:40:55.334407+00","2026-03-27 14:41:55.334407+00",0.5184160234808016,51.72265625,9.68038721548862,0.43669089234351194,0.4947254202089647,60,"v20260326-204532-4583"
2686,"2026-03-27 14:41:05.378241+00","2026-03-27 14:42:05.378241+00",0.5365629189326097,50.96484375,9.64,0.5396658418204523,0.4947254202089646,60,"v20260326-204532-4583"
2687,"2026-03-27 14:41:10.327746+00","2026-03-27 14:42:10.327746+00",0.5365629189326097,50.96484375,9.680387215488619,0.5937372682219006,0.05704562376238323,60,"v20260326-204532-4583"
2688,"2026-03-27 14:41:25.429509+00","2026-03-27 14:42:25.429509+00",0.537350717535861,50.9609375,9.719611215551378,0.5900665239778141,0.04820489251292615,60,"v20260326-204532-4583"
2689,"2026-03-27 14:41:30.342779+00","2026-03-27 14:42:30.342779+00",0.5373507175358612,50.9609375,9.68,0.5600290792594479,0.04820489251292615,60,"v20260326-204532-4583"
2690,"2026-03-27 14:41:45.400442+00","2026-03-27 14:42:45.400442+00",0.543698755730212,51.6796875,9.840393615744631,0.5618110767479021,0.054682421667570424,60,"v20260326-204532-4583"
2691,"2026-03-27 14:41:50.336401+00","2026-03-27 14:42:50.336401+00",0.543698755730212,51.6796875,9.800392015680627,0.545742080078322,0.054682421667570424,60,"v20260326-204532-4583"
2692,"2026-03-27 14:41:55.342452+00","2026-03-27 14:42:55.342452+00",0.4947254202089647,50.70703125,9.999600015999361,0.5553422895425036,0.050709504608300954,60,"v20260326-204532-4583"
2693,"2026-03-27 14:42:00.335739+00","2026-03-27 14:43:00.335739+00",0.4947254202089647,50.70703125,8.879644814207433,0.46847021987555565,0.050709504608300954,60,"v20260326-204532-4583"
2694,"2026-03-27 14:42:05.318691+00","2026-03-27 14:43:05.318691+00",0.4947254202089646,50.70703125,7.19971201151954,0.36954059340820605,0.052131658016920185,60,"v20260326-204532-4583"
2695,"2026-03-27 14:42:15.399851+00","2026-03-27 14:43:15.399851+00",0.05704562376238323,50.42578125,3.76,0.0438432697757973,0.05420145875246929,60,"v20260326-204532-4583"
2696,"2026-03-27 14:42:20.310569+00","2026-03-27 14:43:20.310569+00",0.05704562376238323,50.42578125,1.8000720028801152,0.029610693996527496,0.03724904916998865,60,"v20260326-204532-4583"
2697,"2026-03-27 14:42:25.319878+00","2026-03-27 14:43:25.319878+00",0.04820489251292615,50.67578125,1.2400496019840792,0.0305147809519838,0.04633478313401244,60,"v20260326-204532-4583"
2698,"2026-03-27 14:42:30.345278+00","2026-03-27 14:43:30.345278+00",0.04820489251292615,50.67578125,1.2000480019200768,0.04622305821782985,0.04633478313401244,60,"v20260326-204532-4583"
2699,"2026-03-27 14:42:35.345052+00","2026-03-27 14:43:35.345052+00",0.04820489251292615,50.67578125,1.24,0.05919209332630093,0.04633478313401244,60,"v20260326-204532-4583"
2700,"2026-03-27 14:42:45.350847+00","2026-03-27 14:43:45.350847+00",0.054682421667570424,50.67578125,1.28,0.06183805096664349,0.0056983706840943475,60,"v20260326-204532-4583"
2701,"2026-03-27 14:42:50.334969+00","2026-03-27 14:43:50.334969+00",0.054682421667570424,50.67578125,1.2000000000000002,0.0478477349717984,0.0056983706840943475,60,"v20260326-204532-4583"
2702,"2026-03-27 14:42:55.347979+00","2026-03-27 14:43:55.347979+00",0.050709504608300954,50.42578125,1.2,0.04862349290871703,0.0056983706840943475,60,"v20260326-204532-4583"
2703,"2026-03-27 14:43:00.340462+00","2026-03-27 14:44:00.340462+00",0.050709504608300954,50.42578125,1.12,0.04727975820912619,0.0025076702067244132,60,"v20260326-204532-4583"
2704,"2026-03-27 14:43:05.332395+00","2026-03-27 14:44:05.332395+00",0.052131658016920185,50.92578125,1.2,0.05449565238301124,0.0025076702067244132,60,"v20260326-204532-4583"
2705,"2026-03-27 14:43:10.340639+00","2026-03-27 14:44:10.340639+00",0.05420145875246929,50.92578125,1.12,0.04914050268001405,0.002433048433105835,60,"v20260326-204532-4583"
2706,"2026-03-27 14:43:15.337243+00","2026-03-27 14:44:15.337243+00",0.05420145875246929,50.92578125,1.1199552017919283,0.05120000883033089,0.002433048433105835,60,"v20260326-204532-4583"
2707,"2026-03-27 14:43:20.339317+00","2026-03-27 14:44:20.339317+00",0.03724904916998865,50.92578125,1.12,0.04594790565053329,0.002433048433105835,60,"v20260326-204532-4583"
2708,"2026-03-27 14:43:25.334607+00","2026-03-27 14:44:25.334607+00",0.04633478313401244,50.42578125,1.16,0.05166802283069149,0.002433048433105835,60,"v20260326-204532-4583"
2709,"2026-03-27 14:43:30.333948+00","2026-03-27 14:44:30.333948+00",0.04633478313401244,50.42578125,0.9600000000000001,0.04089150906514522,0.002462843295639511,60,"v20260326-204532-4583"
2710,"2026-03-27 14:43:45.44081+00","2026-03-27 14:44:45.44081+00",0.0056983706840943475,50.42578125,0.52,0.005291392291304205,0.00229177695425816,60,"v20260326-204532-4583"
2711,"2026-03-27 14:43:50.340205+00","2026-03-27 14:44:50.340205+00",0.0056983706840943475,50.42578125,0.32,0.003910964566265904,0.0017623764778245256,60,"v20260326-204532-4583"
2712,"2026-03-27 14:44:05.428048+00","2026-03-27 14:45:05.428048+00",0.0025076702067244132,50.421875,0.32,0.003174291153594099,0.00241077898549627,60,"v20260326-204532-4583"
2713,"2026-03-27 14:44:15.389545+00","2026-03-27 14:45:15.389545+00",0.002433048433105835,50.421875,0.32,0.003431606685415082,0.002461967172956249,60,"v20260326-204532-4583"
2714,"2026-03-27 14:44:20.335639+00","2026-03-27 14:45:20.335639+00",0.002433048433105835,50.421875,0.28,0.0033155513197711114,0.002461967172956249,60,"v20260326-204532-4583"
2715,"2026-03-27 14:44:25.340694+00","2026-03-27 14:45:25.340694+00",0.002433048433105835,50.421875,0.31998720051197954,0.0039615650014915346,0.04554589437358167,60,"v20260326-204532-4583"
2716,"2026-03-27 14:44:35.380268+00","2026-03-27 14:45:35.380268+00",0.002462843295639511,50.421875,0.32,0.00420844104929623,0.09872257918209418,60,"v20260326-204532-4583"
2717,"2026-03-27 14:44:40.318792+00","2026-03-27 14:45:40.318792+00",0.002462843295639511,50.421875,0.28,0.0037504849265409305,0.06988735917932415,60,"v20260326-204532-4583"
2718,"2026-03-27 14:44:45.311999+00","2026-03-27 14:45:45.311999+00",0.00229177695425816,50.671875,0.32,0.003915957508775043,0.7641503707668056,60,"v20260326-204532-4583"
2719,"2026-03-27 14:44:50.337111+00","2026-03-27 14:45:50.337111+00",0.0017623764778245256,50.671875,0.2800112004480179,0.0025835799797197497,0.7641503707668056,60,"v20260326-204532-4583"
2720,"2026-03-27 14:44:55.335517+00","2026-03-27 14:45:55.335517+00",0.0013804136521148318,50.671875,0.31998720051197954,0.0023587140432659985,0.7641503707668056,60,"v20260326-204532-4583"
2721,"2026-03-27 14:45:05.355235+00","2026-03-27 14:46:05.355235+00",0.00241077898549627,50.421875,0.32,0.002701819502344822,0.9801625331461589,60,"v20260326-204532-4583"
2722,"2026-03-27 14:45:15.382517+00","2026-03-27 14:46:15.382517+00",0.002461967172956249,50.671875,0.32,0.002492662637887397,1.0335304342933835,60,"v20260326-204532-4583"
2723,"2026-03-27 14:45:20.345569+00","2026-03-27 14:46:20.345569+00",0.002461967172956249,50.671875,0.2800112004480179,0.0020356837129568476,1.0335304342933833,60,"v20260326-204532-4583"
2724,"2026-03-27 14:45:25.343731+00","2026-03-27 14:46:25.343731+00",0.04554589437358167,52.19921875,0.32,0.023601998299380634,1.0335304342933833,60,"v20260326-204532-4583"
2725,"2026-03-27 14:45:30.338407+00","2026-03-27 14:46:30.338407+00",0.09872257918209418,52.19921875,1.8399264029438822,0.23950611990101756,0.9700909810753083,60,"v20260326-204532-4583"
2726,"2026-03-27 14:45:35.332886+00","2026-03-27 14:46:35.332886+00",0.09872257918209418,52.19921875,4.160166406656266,0.23844682384710963,0.9700909810753083,60,"v20260326-204532-4583"
2727,"2026-03-27 14:45:40.34396+00","2026-03-27 14:46:40.34396+00",0.06988735917932415,52.19921875,7.079716811327548,0.1573740591816452,0.9700909810753083,60,"v20260326-204532-4583"
2728,"2026-03-27 14:45:45.340052+00","2026-03-27 14:46:45.340052+00",0.7641503707668056,51.2421875,10.15959361625535,1.2488519480207374,1.0772760646109092,60,"v20260326-204532-4583"
2729,"2026-03-27 14:45:50.341684+00","2026-03-27 14:46:50.341684+00",0.7641503707668056,51.2421875,13.719999999999999,1.1349434040076585,1.0772760646109092,60,"v20260326-204532-4583"
2730,"2026-03-27 14:46:05.426383+00","2026-03-27 14:47:05.426383+00",0.9801625331461589,51.75,17.640705628225128,1.2209018874636282,1.1514413875597544,60,"v20260326-204532-4583"
2731,"2026-03-27 14:46:15.373954+00","2026-03-27 14:47:15.373954+00",1.0335304342933835,51.7265625,18.240000000000002,0.8895429619558995,1.1514413875597544,60,"v20260326-204532-4583"
2732,"2026-03-27 14:46:20.33049+00","2026-03-27 14:47:20.33049+00",1.0335304342933833,51.7265625,18.32,0.8459567780678197,1.3538544674407074,60,"v20260326-204532-4583"
2733,"2026-03-27 14:46:25.37718+00","2026-03-27 14:47:25.37718+00",1.0335304342933833,51.7265625,18.00072002880115,0.846124893239919,1.3538544674407074,60,"v20260326-204532-4583"
2734,"2026-03-27 14:46:35.392529+00","2026-03-27 14:47:35.392529+00",0.9700909810753083,51.98046875,17.88,0.8487355899854354,1.600184801043692,60,"v20260326-204532-4583"
2735,"2026-03-27 14:46:40.334137+00","2026-03-27 14:47:40.334137+00",0.9700909810753083,51.98046875,17.8,0.9088673308831102,1.600184801043692,60,"v20260326-204532-4583"
2736,"2026-03-27 14:46:45.349828+00","2026-03-27 14:47:45.349828+00",1.0772760646109092,51.74609375,18.240729629185168,1.0118900955861587,1.600184801043692,60,"v20260326-204532-4583"
2737,"2026-03-27 14:46:50.339309+00","2026-03-27 14:47:50.339309+00",1.0772760646109092,51.74609375,19.040000000000003,1.1267829949635688,1.5551148670610477,60,"v20260326-204532-4583"
2738,"2026-03-27 14:46:55.347275+00","2026-03-27 14:47:55.347275+00",1.0772760646109092,51.74609375,19.560000000000002,1.3431878064523017,1.5551148670610477,60,"v20260326-204532-4583"
2739,"2026-03-27 14:47:05.356199+00","2026-03-27 14:48:05.356199+00",1.1514413875597544,52.25,20.359185632574697,1.2315002954333585,1.5801297366248823,60,"v20260326-204532-4583"
2740,"2026-03-27 14:47:10.320887+00","2026-03-27 14:48:10.320887+00",1.1514413875597544,52.25,20.720000000000002,1.2314845102447347,1.5801297366248823,60,"v20260326-204532-4583"
2741,"2026-03-27 14:47:25.464959+00","2026-03-27 14:48:25.464959+00",1.3538544674407074,51.75390625,24.44,1.5955272495776645,1.5787354126619981,60,"v20260326-204532-4583"
2742,"2026-03-27 14:47:35.38056+00","2026-03-27 14:48:35.38056+00",1.600184801043692,52.01171875,27.12,1.805360435618604,1.5787354126619983,60,"v20260326-204532-4583"
2743,"2026-03-27 14:47:40.327724+00","2026-03-27 14:48:40.327724+00",1.600184801043692,52.01171875,27.44,1.7078958715924795,1.469263057164427,60,"v20260326-204532-4583"
2744,"2026-03-27 14:47:45.369001+00","2026-03-27 14:48:45.369001+00",1.600184801043692,52.01171875,27.560000000000002,1.661879013955292,1.469263057164427,60,"v20260326-204532-4583"
2745,"2026-03-27 14:47:55.384616+00","2026-03-27 14:48:55.384616+00",1.5551148670610477,52.0390625,27.19891204351826,1.5903189441886425,1.3949433437039618,60,"v20260326-204532-4583"
2746,"2026-03-27 14:48:00.338869+00","2026-03-27 14:49:00.338869+00",1.5551148670610477,52.0390625,26.96,1.5487857598815373,1.3949433437039618,60,"v20260326-204532-4583"
2747,"2026-03-27 14:48:05.332185+00","2026-03-27 14:49:05.332185+00",1.5801297366248823,51.76953125,27.12,1.5788139049308523,1.3949433437039618,60,"v20260326-204532-4583"
2748,"2026-03-27 14:48:10.340432+00","2026-03-27 14:49:10.340432+00",1.5801297366248823,51.76953125,27.520000000000003,1.6192283318914649,1.58362109559867,60,"v20260326-204532-4583"
2749,"2026-03-27 14:48:15.358285+00","2026-03-27 14:49:15.358285+00",1.5801297366248823,51.76953125,27.758889644414225,1.6383222543733258,1.58362109559867,60,"v20260326-204532-4583"
2750,"2026-03-27 14:48:25.386291+00","2026-03-27 14:49:25.386291+00",1.5787354126619981,52.76171875,27.758889644414225,1.629934826384021,1.5836210955986698,60,"v20260326-204532-4583"
2751,"2026-03-27 14:48:30.332771+00","2026-03-27 14:49:30.332771+00",1.5787354126619983,52.76171875,27.680000000000003,1.6161409009394603,1.5901713143378007,60,"v20260326-204532-4583"
2752,"2026-03-27 14:48:45.424545+00","2026-03-27 14:49:45.424545+00",1.469263057164427,52.0078125,25.32,1.3920070177594506,1.5901713143378007,60,"v20260326-204532-4583"
2753,"2026-03-27 14:49:05.398742+00","2026-03-27 14:50:05.398742+00",1.3949433437039618,51.79296875,24.8,1.3742834486389188,1.4134048454469532,60,"v20260326-204532-4583"
2754,"2026-03-27 14:49:15.369271+00","2026-03-27 14:50:15.369271+00",1.58362109559867,52.25,26.72106884275371,1.610979055576293,1.469658345089832,60,"v20260326-204532-4583"
2755,"2026-03-27 14:49:20.348308+00","2026-03-27 14:50:20.348308+00",1.5836210955986698,52.25,27.080000000000002,1.645877171224476,1.374744624583186,60,"v20260326-204532-4583"
2756,"2026-03-27 14:49:25.355587+00","2026-03-27 14:50:25.355587+00",1.5836210955986698,52.25,27.281091243649747,1.657517868226506,1.374744624583186,60,"v20260326-204532-4583"
2757,"2026-03-27 14:49:35.388989+00","2026-03-27 14:50:35.388989+00",1.5901713143378007,52.54296875,27.44,1.6579646093606832,1.3747446245831862,60,"v20260326-204532-4583"
2758,"2026-03-27 14:49:40.317797+00","2026-03-27 14:50:40.317797+00",1.5901713143378007,52.54296875,27.16,1.6157687904935931,1.340531599855536,60,"v20260326-204532-4583"
2759,"2026-03-27 14:49:55.393631+00","2026-03-27 14:50:55.393631+00",1.4134048454469532,52.01171875,25.560000000000002,1.434189388188705,1.2518558729676807,60,"v20260326-204532-4583"
2760,"2026-03-27 14:50:00.32569+00","2026-03-27 14:51:00.32569+00",1.4134048454469532,52.01171875,25.240000000000002,1.433227304650232,1.2518558729676807,60,"v20260326-204532-4583"
2761,"2026-03-27 14:50:15.388338+00","2026-03-27 14:51:15.388338+00",1.469658345089832,51.77734375,25.47898084076637,1.483145705333438,1.1628257541849352,60,"v20260326-204532-4583"
2762,"2026-03-27 14:50:25.385979+00","2026-03-27 14:51:25.385979+00",1.374744624583186,51.9921875,25.2,1.452880769650165,0.8617504635247321,60,"v20260326-204532-4583"
2763,"2026-03-27 14:50:30.332893+00","2026-03-27 14:51:30.332893+00",1.374744624583186,51.9921875,24.400000000000002,1.394393460422103,0.6768027514397797,60,"v20260326-204532-4583"
2764,"2026-03-27 14:50:35.321301+00","2026-03-27 14:51:35.321301+00",1.3747446245831862,51.9921875,24.400000000000002,1.4077095552647616,0.8718510833779698,60,"v20260326-204532-4583"
2765,"2026-03-27 14:50:45.378186+00","2026-03-27 14:51:45.378186+00",1.340531599855536,51.984375,23.240000000000002,1.3081638955009949,0.7513864143210275,60,"v20260326-204532-4583"
2766,"2026-03-27 14:50:50.322849+00","2026-03-27 14:51:50.322849+00",1.340531599855536,51.984375,23.28,1.3368725717972585,0.7513864143210275,60,"v20260326-204532-4583"
2767,"2026-03-27 14:50:55.312348+00","2026-03-27 14:51:55.312348+00",1.2518558729676807,51.75390625,23.04,1.315080309573743,0.7513864143210275,60,"v20260326-204532-4583"
2768,"2026-03-27 14:51:00.338809+00","2026-03-27 14:52:00.338809+00",1.2518558729676807,51.75390625,22.240000000000002,1.260507647402164,1.0523608164090117,60,"v20260326-204532-4583"
2769,"2026-03-27 14:51:05.335311+00","2026-03-27 14:52:05.335311+00",1.2346752080685497,51.03125,21.919123235070597,1.2440608854858417,1.0523608164090117,60,"v20260326-204532-4583"
2770,"2026-03-27 14:51:10.32589+00","2026-03-27 14:52:10.32589+00",1.2145370024044326,51.03125,21.360000000000003,1.2093808064936655,1.0523608164090117,60,"v20260326-204532-4583"
2771,"2026-03-27 14:51:15.337481+00","2026-03-27 14:52:15.337481+00",1.1628257541849352,51.4921875,20.68,1.1647822316713747,1.0523608164090117,60,"v20260326-204532-4583"
2772,"2026-03-27 14:51:20.345268+00","2026-03-27 14:52:20.345268+00",1.1628257541849354,51.4921875,19.92,1.1243640738432552,1.20753531789314,60,"v20260326-204532-4583"
2773,"2026-03-27 14:51:25.339497+00","2026-03-27 14:52:25.339497+00",0.8617504635247321,51.4921875,18.839246430142794,0.9739281062468306,1.20753531789314,60,"v20260326-204532-4583"
2774,"2026-03-27 14:51:30.340062+00","2026-03-27 14:52:30.340062+00",0.6768027514397797,51.4921875,17.600704028161125,0.863222899790522,1.20753531789314,60,"v20260326-204532-4583"
2775,"2026-03-27 14:51:35.338071+00","2026-03-27 14:52:35.338071+00",0.8718510833779698,51.2421875,16.479340826366943,0.8857819171542928,1.20753531789314,60,"v20260326-204532-4583"
2776,"2026-03-27 14:51:40.335735+00","2026-03-27 14:52:40.335735+00",0.8718510833779698,51.2421875,15.12,0.8250860236420358,1.4844398104265362,60,"v20260326-204532-4583"
2777,"2026-03-27 14:51:45.318302+00","2026-03-27 14:52:45.318302+00",0.7513864143210275,51.46484375,14.200000000000001,0.7751309404449723,1.4844398104265362,60,"v20260326-204532-4583"
2778,"2026-03-27 14:51:50.336742+00","2026-03-27 14:52:50.336742+00",0.7513864143210275,51.46484375,14.000560022400895,0.7961580239327049,1.549833150183142,60,"v20260326-204532-4583"
2779,"2026-03-27 14:51:55.3642+00","2026-03-27 14:52:55.3642+00",0.7513864143210275,51.46484375,14.639414423423064,0.877326328229459,1.549833150183142,60,"v20260326-204532-4583"
2780,"2026-03-27 14:52:05.391385+00","2026-03-27 14:53:05.391385+00",1.0523608164090117,51.2578125,17.0,1.1382720462068026,1.549833150183142,60,"v20260326-204532-4583"
2781,"2026-03-27 14:52:10.347135+00","2026-03-27 14:53:10.347135+00",1.0523608164090117,51.2578125,18.48,1.2602647932063342,1.4960622348932202,60,"v20260326-204532-4583"
2782,"2026-03-27 14:52:25.450953+00","2026-03-27 14:53:25.450953+00",1.20753531789314,52.74609375,21.359145634174634,1.5204296951152683,1.2192036853885353,60,"v20260326-204532-4583"
2783,"2026-03-27 14:52:30.330373+00","2026-03-27 14:53:30.330373+00",1.20753531789314,52.74609375,22.32,1.4922402227060563,1.595085609195441,60,"v20260326-204532-4583"
2784,"2026-03-27 14:52:45.439627+00","2026-03-27 14:53:45.439627+00",1.4844398104265362,52.25390625,25.958961641534337,1.790204284455986,1.0147992596253108,60,"v20260326-204532-4583"
2785,"2026-03-27 14:52:55.386443+00","2026-03-27 14:53:55.386443+00",1.549833150183142,51.78125,27.318907243710253,1.7854369033654873,1.5877788936266084,60,"v20260326-204532-4583"
2786,"2026-03-27 14:53:00.332624+00","2026-03-27 14:54:00.332624+00",1.549833150183142,51.78125,27.12,1.6368111387970596,1.5877788936266084,60,"v20260326-204532-4583"
2787,"2026-03-27 14:53:05.325554+00","2026-03-27 14:54:05.325554+00",1.549833150183142,51.78125,26.36,1.5087879037634933,1.5848666802567848,60,"v20260326-204532-4583"
2788,"2026-03-27 14:53:15.368234+00","2026-03-27 14:54:15.368234+00",1.4960622348932202,51.73828125,26.238950441982322,1.4734698191046984,1.5848666802567848,60,"v20260326-204532-4583"
2789,"2026-03-27 14:53:20.30805+00","2026-03-27 14:54:20.30805+00",1.4960622348932202,51.73828125,26.680000000000003,1.5168812819854505,1.4595387661360535,60,"v20260326-204532-4583"
2790,"2026-03-27 14:53:25.327181+00","2026-03-27 14:54:25.327181+00",1.2192036853885353,51.26171875,27.07891684332627,1.4514030048304705,1.4595387661360535,60,"v20260326-204532-4583"
2791,"2026-03-27 14:53:30.331238+00","2026-03-27 14:54:30.331238+00",1.595085609195441,51.26171875,27.958881644734213,1.5771286961307251,1.4595387661360535,60,"v20260326-204532-4583"
2792,"2026-03-27 14:53:35.349545+00","2026-03-27 14:54:35.349545+00",1.5840215108716,51.73046875,27.76,1.55899774880992,0.9935323637549138,60,"v20260326-204532-4583"
2793,"2026-03-27 14:53:40.322263+00","2026-03-27 14:54:40.322263+00",1.572722603061311,51.73046875,27.601104044161765,1.560140890480685,1.3541448174189756,60,"v20260326-204532-4583"
2794,"2026-03-27 14:53:45.325608+00","2026-03-27 14:54:45.325608+00",1.0147992596253108,51.73046875,27.601104044161765,1.326970768350813,1.3541448174189756,60,"v20260326-204532-4583"
2795,"2026-03-27 14:53:55.371564+00","2026-03-27 14:54:55.371564+00",1.5877788936266084,52.28125,27.401096043841754,1.4866663053826858,1.2343553712416881,60,"v20260326-204532-4583"
2796,"2026-03-27 14:54:15.375861+00","2026-03-27 14:55:15.375861+00",1.5848666802567848,52.06640625,27.68,1.527321655427956,1.0665123080485284,60,"v20260326-204532-4583"
2797,"2026-03-27 14:54:25.396429+00","2026-03-27 14:55:25.396429+00",1.4595387661360535,52.0234375,26.28,1.430379336956114,0.9492240774753716,60,"v20260326-204532-4583"
2798,"2026-03-27 14:54:30.332364+00","2026-03-27 14:55:30.332364+00",1.4595387661360535,52.0234375,25.758969641214353,1.4383973448258163,0.9492240774753716,60,"v20260326-204532-4583"
2799,"2026-03-27 14:54:35.366348+00","2026-03-27 14:55:35.366348+00",0.9935323637549138,52.0234375,24.96,1.2404757188740874,0.9492240774753716,60,"v20260326-204532-4583"
2800,"2026-03-27 14:54:45.399163+00","2026-03-27 14:55:45.399163+00",1.3541448174189756,51.9921875,23.639054437822487,1.25277703851861,0.11850368784201325,60,"v20260326-204532-4583"
2801,"2026-03-27 14:54:55.381952+00","2026-03-27 14:55:55.381952+00",1.2343553712416881,51.9921875,22.160886435457417,1.1576612250031812,0.0023522331063473793,60,"v20260326-204532-4583"
2802,"2026-03-27 14:55:00.338505+00","2026-03-27 14:56:00.338505+00",1.2343553712416881,51.9921875,21.32,1.1657216229292588,0.0023522331063473793,60,"v20260326-204532-4583"
2803,"2026-03-27 14:55:05.351673+00","2026-03-27 14:56:05.351673+00",1.1490514942348578,51.9921875,20.679172833086675,1.1570177012325165,0.001574741656929359,60,"v20260326-204532-4583"
2804,"2026-03-27 14:55:10.310195+00","2026-03-27 14:56:10.310195+00",1.0665123080485284,51.9921875,19.720788831553264,1.1042038184107212,0.002463969448801533,60,"v20260326-204532-4583"
2805,"2026-03-27 14:55:15.320852+00","2026-03-27 14:56:15.320852+00",1.0665123080485284,51.9921875,19.12,1.0879625523041565,0.002463969448801533,60,"v20260326-204532-4583"
2806,"2026-03-27 14:55:25.394461+00","2026-03-27 14:56:25.394461+00",0.9492240774753716,51.73046875,17.399304027838888,0.9380975854874236,0.002446060067258804,60,"v20260326-204532-4583"
2807,"2026-03-27 14:55:30.339625+00","2026-03-27 14:56:30.339625+00",0.9492240774753716,51.73046875,14.600584023360934,0.7594538433160164,0.002446060067258804,60,"v20260326-204532-4583"
2808,"2026-03-27 14:55:45.428891+00","2026-03-27 14:56:45.428891+00",0.11850368784201325,50.421875,4.360174406976279,0.0677101096802433,0.002526542179040795,60,"v20260326-204532-4583"
2809,"2026-03-27 14:55:50.335633+00","2026-03-27 14:56:50.335633+00",0.11850368784201325,50.421875,1.28,0.05000339187206767,0.002526542179040795,60,"v20260326-204532-4583"
2810,"2026-03-27 14:55:55.321525+00","2026-03-27 14:56:55.321525+00",0.0023522331063473793,50.421875,0.32,0.001077546818823724,0.002526542179040795,60,"v20260326-204532-4583"
2811,"2026-03-27 14:56:00.327379+00","2026-03-27 14:57:00.327379+00",0.0023522331063473793,50.421875,0.28,0.0017595797832505873,0.0023918241418737587,60,"v20260326-204532-4583"
2812,"2026-03-27 14:56:05.336993+00","2026-03-27 14:57:05.336993+00",0.001574741656929359,50.421875,0.32,0.002462936516305391,0.0023918241418737587,60,"v20260326-204532-4583"
2813,"2026-03-27 14:56:15.381896+00","2026-03-27 14:57:15.381896+00",0.002463969448801533,50.42578125,0.32001280051202047,0.0030415512879627747,0.0017951564594613856,60,"v20260326-204532-4583"
2814,"2026-03-27 14:56:25.350278+00","2026-03-27 14:57:25.350278+00",0.002446060067258804,50.421875,0.32,0.00283603199072821,0.006978337736291809,60,"v20260326-204532-4583"
2815,"2026-03-27 14:56:30.332514+00","2026-03-27 14:57:30.332514+00",0.002446060067258804,50.421875,0.2799888004479821,0.0021653668796745664,0.010504509054241887,60,"v20260326-204532-4583"
2816,"2026-03-27 14:56:35.338502+00","2026-03-27 14:57:35.338502+00",0.002446060067258804,50.421875,0.31998720051197954,0.0027028144833196,0.010504509054241887,60,"v20260326-204532-4583"
2817,"2026-03-27 14:56:45.344875+00","2026-03-27 14:57:45.344875+00",0.002526542179040795,50.421875,0.32,0.0027396532756165195,0.10588540090767083,60,"v20260326-204532-4583"
2818,"2026-03-27 14:56:50.345014+00","2026-03-27 14:57:50.345014+00",0.002526542179040795,50.421875,0.2799888004479821,0.0022506717815806722,0.10588540090767083,60,"v20260326-204532-4583"
2819,"2026-03-27 14:57:05.435999+00","2026-03-27 14:58:05.435999+00",0.0023918241418737587,50.9140625,0.32,0.0027148509666832647,0.12378435812578796,60,"v20260326-204532-4583"
2820,"2026-03-27 14:57:10.341566+00","2026-03-27 14:58:10.341566+00",0.0023918241418737587,50.9140625,0.28,0.002360563458414157,0.11778513868054756,60,"v20260326-204532-4583"
2821,"2026-03-27 14:57:15.311222+00","2026-03-27 14:58:15.311222+00",0.0017951564594613856,50.421875,0.32001280051202047,0.002521711563704928,0.11778513868054756,60,"v20260326-204532-4583"
2822,"2026-03-27 14:57:20.338684+00","2026-03-27 14:58:20.338684+00",0.0024291697692305617,50.421875,0.28,0.0022204108203402926,0.0859360371813275,60,"v20260326-204532-4583"
2823,"2026-03-27 14:57:25.333851+00","2026-03-27 14:58:25.333851+00",0.006978337736291809,50.43359375,0.31998720051197954,0.004805597426878409,0.11784462927753063,60,"v20260326-204532-4583"
2824,"2026-03-27 14:57:30.335433+00","2026-03-27 14:58:30.335433+00",0.010504509054241887,50.43359375,0.6000000000000001,0.015150337446985948,0.08695557484571037,60,"v20260326-204532-4583"
2825,"2026-03-27 14:57:35.346371+00","2026-03-27 14:58:35.346371+00",0.010504509054241887,50.43359375,0.9599616015359387,0.021457162983330218,0.662394545524489,60,"v20260326-204532-4583"
2826,"2026-03-27 14:57:45.366382+00","2026-03-27 14:58:45.366382+00",0.10588540090767083,50.9296875,1.7200000000000002,0.15773021951982913,1.0235986307505085,60,"v20260326-204532-4583"
2827,"2026-03-27 14:57:50.365542+00","2026-03-27 14:58:50.365542+00",0.10588540090767083,50.9296875,2.1200848033921353,0.1685748605126882,1.3786293643688343,60,"v20260326-204532-4583"
2828,"2026-03-27 14:58:05.387881+00","2026-03-27 14:59:05.387881+00",0.12378435812578796,51.6796875,2.36,0.14394869366955143,0.16745581532136058,60,"v20260326-204532-4583"
2829,"2026-03-27 14:58:15.380574+00","2026-03-27 14:59:15.380574+00",0.11778513868054756,50.6796875,2.4,0.12125765288459964,0.11155856720239393,60,"v20260326-204532-4583"
2830,"2026-03-27 14:58:20.345453+00","2026-03-27 14:59:20.345453+00",0.0859360371813275,50.6796875,2.360094403776151,0.09082465242511163,0.11155856720239393,60,"v20260326-204532-4583"
2831,"2026-03-27 14:58:25.375243+00","2026-03-27 14:59:25.375243+00",0.11784462927753063,50.93359375,2.36,0.10908158872612038,0.11218324840245221,60,"v20260326-204532-4583"
2832,"2026-03-27 14:58:30.330063+00","2026-03-27 14:59:30.330063+00",0.08695557484571037,50.93359375,5.4,0.19989693694026692,0.11282265324483934,60,"v20260326-204532-4583"
2833,"2026-03-27 14:58:35.355702+00","2026-03-27 14:59:35.355702+00",0.662394545524489,51.98828125,10.359585616575337,1.0772423639039133,0.10684319631461132,60,"v20260326-204532-4583"
2834,"2026-03-27 14:58:40.34403+00","2026-03-27 14:59:40.34403+00",1.0235986307505085,51.98828125,14.92,1.5719123147864122,0.10684319631461132,60,"v20260326-204532-4583"
2835,"2026-03-27 14:58:45.337037+00","2026-03-27 14:59:45.337037+00",1.0235986307505085,51.98828125,19.52,1.7003013024837652,0.07886137958868196,60,"v20260326-204532-4583"
2836,"2026-03-27 14:58:55.38404+00","2026-03-27 14:59:55.38404+00",1.3786293643688343,51.5234375,20.240000000000002,1.2959655866925917,0.10277041143866461,60,"v20260326-204532-4583"
2837,"2026-03-27 14:59:00.315857+00","2026-03-27 15:00:00.315857+00",0.9646958977170916,51.5234375,15.240609624384975,0.6152995826904454,0.10277041143866461,60,"v20260326-204532-4583"
2838,"2026-03-27 14:59:05.335338+00","2026-03-27 15:00:05.335338+00",0.16745581532136058,50.93359375,10.64,0.12420527093152245,0.9202296072146003,60,"v20260326-204532-4583"
2839,"2026-03-27 14:59:10.322228+00","2026-03-27 15:00:10.322228+00",0.16745581532136056,50.93359375,6.0,0.09681991524440754,1.4157741591547481,60,"v20260326-204532-4583"
2840,"2026-03-27 14:59:15.317553+00","2026-03-27 15:00:15.317553+00",0.11155856720239393,50.92578125,2.44,0.055752646069665346,0.9974836838324777,60,"v20260326-204532-4583"
2841,"2026-03-27 14:59:20.326104+00","2026-03-27 15:00:20.326104+00",0.11155856720239393,50.92578125,2.12,0.07883574944223233,0.7614269390294096,60,"v20260326-204532-4583"
2842,"2026-03-27 14:59:25.354906+00","2026-03-27 15:00:25.354906+00",0.11218324840245221,50.6796875,2.28,0.13984746717912933,1.3318864510024016,60,"v20260326-204532-4583"
2843,"2026-03-27 14:59:30.321037+00","2026-03-27 15:00:30.321037+00",0.11282265324483934,50.6796875,2.2,0.13996074838216832,1.3318864510024016,60,"v20260326-204532-4583"
2844,"2026-03-27 14:59:35.433601+00","2026-03-27 15:00:35.433601+00",0.10684319631461132,51.1796875,2.2,0.12702047508487527,0.11168763513511736,60,"v20260326-204532-4583"
2845,"2026-03-27 14:59:40.368999+00","2026-03-27 15:00:40.368999+00",0.10684319631461132,51.1796875,2.1199152033918645,0.10909467578006378,0.11168763513511737,60,"v20260326-204532-4583"
2846,"2026-03-27 14:59:45.344605+00","2026-03-27 15:00:45.344605+00",0.07886137958868196,51.1796875,2.2,0.10290995038180209,0.11168763513511736,60,"v20260326-204532-4583"
2847,"2026-03-27 14:59:50.33014+00","2026-03-27 15:00:50.33014+00",0.06226651180843713,51.1796875,2.0,0.08462245888914943,0.11787832450770605,60,"v20260326-204532-4583"
2848,"2026-03-27 14:59:55.447945+00","2026-03-27 15:00:55.447945+00",0.10277041143866461,50.6796875,2.04,0.10717176089295348,0.11787832450770605,60,"v20260326-204532-4583"
2849,"2026-03-27 15:00:00.366426+00","2026-03-27 15:01:00.366426+00",0.10277041143866461,50.6796875,5.039798408063677,0.25170383731297713,0.11787832450770605,60,"v20260326-204532-4583"
2850,"2026-03-27 15:00:05.369948+00","2026-03-27 15:01:05.369948+00",0.9202296072146003,52.51953125,10.440417616704668,1.514326185904529,0.07329935461763672,60,"v20260326-204532-4583"
2851,"2026-03-27 15:00:10.341618+00","2026-03-27 15:01:10.341618+00",1.4157741591547481,52.51953125,15.48,2.3056962115767816,0.10260028641218248,60,"v20260326-204532-4583"
2852,"2026-03-27 15:00:15.346304+00","2026-03-27 15:01:15.346304+00",0.9974836838324777,52.51953125,20.720000000000002,2.05455235292517,0.07628502295223123,60,"v20260326-204532-4583"
2853,"2026-03-27 15:00:20.338515+00","2026-03-27 15:01:20.338515+00",0.7614269390294096,52.51953125,24.559017639294428,1.4093739055911196,0.6141525478047507,60,"v20260326-204532-4583"
2854,"2026-03-27 15:00:25.341197+00","2026-03-27 15:01:25.341197+00",1.3318864510024016,51.50390625,21.880875235009402,0.8395555686455624,0.6141525478047507,60,"v20260326-204532-4583"
2855,"2026-03-27 15:00:30.341166+00","2026-03-27 15:01:30.341166+00",1.3318864510024016,51.50390625,16.599336026558937,0.31804025994150886,0.6141525478047507,60,"v20260326-204532-4583"
2856,"2026-03-27 15:00:35.335704+00","2026-03-27 15:01:35.335704+00",0.11168763513511736,50.92578125,11.6,0.046998706123688505,0.6141525478047507,60,"v20260326-204532-4583"
2857,"2026-03-27 15:00:40.331094+00","2026-03-27 15:01:40.331094+00",0.11168763513511737,50.92578125,6.399744010239591,0.037638994052182635,0.9757068131424905,60,"v20260326-204532-4583"
2858,"2026-03-27 15:00:45.358298+00","2026-03-27 15:01:45.358298+00",0.11168763513511736,50.92578125,2.6801072042881713,0.025558411296916127,0.9757068131424905,60,"v20260326-204532-4583"
2859,"2026-03-27 15:00:55.385289+00","2026-03-27 15:01:55.385289+00",0.11787832450770605,51.4296875,2.320092803712148,0.0550683667116837,0.9757068131424905,60,"v20260326-204532-4583"
2860,"2026-03-27 15:01:00.333647+00","2026-03-27 15:02:00.333647+00",0.11787832450770605,51.4296875,2.24,0.07071509530901554,0.1054957731688192,60,"v20260326-204532-4583"
2861,"2026-03-27 15:01:05.336153+00","2026-03-27 15:02:05.336153+00",0.07329935461763672,51.18359375,2.2400896035841433,0.0878597385783766,0.1054957731688192,60,"v20260326-204532-4583"
2862,"2026-03-27 15:01:10.329568+00","2026-03-27 15:02:10.329568+00",0.10260028641218248,51.18359375,2.16,0.11067182903427086,0.1054957731688192,60,"v20260326-204532-4583"
2863,"2026-03-27 15:01:15.335547+00","2026-03-27 15:02:15.335547+00",0.07628502295223123,51.18359375,2.16,0.09804882296590252,0.11300669153133608,60,"v20260326-204532-4583"
2864,"2026-03-27 15:01:25.409392+00","2026-03-27 15:02:25.409392+00",0.6141525478047507,51.74609375,9.319627214911405,0.8513629044551873,0.11300669153133608,60,"v20260326-204532-4583"
2865,"2026-03-27 15:01:30.342512+00","2026-03-27 15:02:30.342512+00",0.6141525478047507,51.74609375,13.56,1.3989668019420403,0.08533198980933848,60,"v20260326-204532-4583"
2866,"2026-03-27 15:01:45.444347+00","2026-03-27 15:02:45.444347+00",0.9757068131424905,50.96484375,17.84,1.5326060140470545,0.06815053583235514,60,"v20260326-204532-4583"
2867,"2026-03-27 15:01:50.330223+00","2026-03-27 15:02:50.330223+00",0.9757068131424905,50.96484375,13.560542421696868,0.9257460566391502,0.10928191544075484,60,"v20260326-204532-4583"
2868,"2026-03-27 15:02:05.450314+00","2026-03-27 15:03:05.450314+00",0.1054957731688192,50.93359375,2.28,0.05364457967944951,1.2170996158500889,60,"v20260326-204532-4583"
2869,"2026-03-27 15:02:25.395571+00","2026-03-27 15:03:25.395571+00",0.11300669153133608,50.9296875,2.28,0.07819916570837879,1.3136793180312247,60,"v20260326-204532-4583"
2870,"2026-03-27 15:02:35.388365+00","2026-03-27 15:03:35.388365+00",0.08533198980933848,51.6640625,2.2400896035841433,0.0983198224295787,0.8403812870634706,60,"v20260326-204532-4583"
2871,"2026-03-27 15:02:40.317748+00","2026-03-27 15:03:40.317748+00",0.10992612909138416,51.6640625,2.2799088036478543,0.11417079424092563,0.07941922012467265,60,"v20260326-204532-4583"
2872,"2026-03-27 15:02:45.351709+00","2026-03-27 15:03:45.351709+00",0.06815053583235514,51.6640625,2.2399999999999998,0.09083846174789152,0.10745153465804587,60,"v20260326-204532-4583"
2873,"2026-03-27 15:02:55.386891+00","2026-03-27 15:03:55.386891+00",0.10928191544075484,50.93359375,2.2,0.10183700574464286,0.10677805197809827,60,"v20260326-204532-4583"
2874,"2026-03-27 15:03:15.370195+00","2026-03-27 15:04:15.370195+00",1.2170996158500889,51.7734375,21.119155233790647,2.2715996602469235,0.11031692223071897,60,"v20260326-204532-4583"
2875,"2026-03-27 15:03:25.34229+00","2026-03-27 15:04:25.34229+00",1.3136793180312247,50.75,26.84,2.429584830870819,0.5835752470098948,60,"v20260326-204532-4583"
2876,"2026-03-27 15:03:30.338644+00","2026-03-27 15:04:30.338644+00",1.3136793180312247,50.75,21.880000000000003,1.5706723071964284,0.5835752470098948,60,"v20260326-204532-4583"
2877,"2026-03-27 15:03:35.326129+00","2026-03-27 15:04:35.326129+00",0.8403812870634706,50.921875,16.84067362694508,0.6438985943876957,0.5879498846059533,60,"v20260326-204532-4583"
2878,"2026-03-27 15:03:40.344442+00","2026-03-27 15:04:40.344442+00",0.07941922012467265,50.921875,11.400456018240728,0.06989760450409709,0.8715318100737998,60,"v20260326-204532-4583"
2879,"2026-03-27 15:03:45.354034+00","2026-03-27 15:04:45.354034+00",0.10745153465804587,50.921875,6.5597376104955805,0.06058561760105494,0.8715318100737998,60,"v20260326-204532-4583"
2880,"2026-03-27 15:03:50.340084+00","2026-03-27 15:04:50.340084+00",0.06904298359452737,50.921875,2.5600000000000005,0.034900439356759544,0.5318232360372005,60,"v20260326-204532-4583"
2881,"2026-03-27 15:03:55.31252+00","2026-03-27 15:04:55.31252+00",0.10677805197809827,50.4296875,2.2399999999999998,0.05256022589118165,0.11105368193074522,60,"v20260326-204532-4583"
2882,"2026-03-27 15:04:00.34388+00","2026-03-27 15:05:00.34388+00",0.10677805197809827,50.4296875,2.2,0.10030417255318928,0.08077674644702638,60,"v20260326-204532-4583"
2883,"2026-03-27 15:04:05.336189+00","2026-03-27 15:05:05.336189+00",0.11031692223071897,50.68359375,2.16,0.11457813712592604,0.10363533580826617,60,"v20260326-204532-4583"
2884,"2026-03-27 15:04:10.32076+00","2026-03-27 15:05:10.32076+00",0.11031692223071897,50.68359375,2.16,0.11360065116967595,0.10363533580826617,60,"v20260326-204532-4583"
2885,"2026-03-27 15:04:15.322454+00","2026-03-27 15:05:15.322454+00",0.11031692223071897,50.68359375,2.36,0.13243742586994187,0.10254020302089169,60,"v20260326-204532-4583"
2886,"2026-03-27 15:04:25.390399+00","2026-03-27 15:05:25.390399+00",0.5835752470098948,51.98046875,8.6,1.0111271541034812,0.10176830211122993,60,"v20260326-204532-4583"
2887,"2026-03-27 15:04:30.332447+00","2026-03-27 15:05:30.332447+00",0.5835752470098948,51.98046875,12.28,1.3082997960936522,0.11204630122398104,60,"v20260326-204532-4583"
2888,"2026-03-27 15:04:35.36363+00","2026-03-27 15:05:35.36363+00",0.5879498846059533,50.74609375,14.800592023680947,1.125606082488564,0.11204630122398104,60,"v20260326-204532-4583"
2889,"2026-03-27 15:04:40.336288+00","2026-03-27 15:05:40.336288+00",0.8715318100737998,50.74609375,14.639414423423064,0.7930819182401927,0.07822699263787611,60,"v20260326-204532-4583"
2890,"2026-03-27 15:04:45.348538+00","2026-03-27 15:05:45.348538+00",0.8715318100737998,50.74609375,12.319507219711213,0.4527196479977657,0.643541303619422,60,"v20260326-204532-4583"
2891,"2026-03-27 15:04:50.339229+00","2026-03-27 15:05:50.339229+00",0.5318232360372005,50.74609375,8.359665613375466,0.22646724308550134,0.643541303619422,60,"v20260326-204532-4583"
2892,"2026-03-27 15:04:55.335477+00","2026-03-27 15:05:55.335477+00",0.11105368193074522,50.4296875,4.720000000000001,0.060358193124359284,0.3904365089059033,60,"v20260326-204532-4583"
2893,"2026-03-27 15:05:00.337602+00","2026-03-27 15:06:00.337602+00",0.08077674644702638,50.4296875,2.12,0.04211103300319698,1.4902266590802773,60,"v20260326-204532-4583"
2894,"2026-03-27 15:05:05.348073+00","2026-03-27 15:06:05.348073+00",0.10363533580826617,50.92578125,2.08,0.07535733110550828,1.4902266590802773,60,"v20260326-204532-4583"
2895,"2026-03-27 15:05:10.328667+00","2026-03-27 15:06:10.328667+00",0.10363533580826617,50.92578125,2.000080003200128,0.09166539551829968,0.4744489970455581,60,"v20260326-204532-4583"
2896,"2026-03-27 15:05:15.347112+00","2026-03-27 15:06:15.347112+00",0.10254020302089169,51.18359375,2.0400816032641305,0.10873677372453854,0.4744489970455581,60,"v20260326-204532-4583"
2897,"2026-03-27 15:05:20.32457+00","2026-03-27 15:06:20.32457+00",0.10176830211122993,51.18359375,2.0399184032638695,0.10975300447134044,0.4744489970455581,60,"v20260326-204532-4583"
2898,"2026-03-27 15:05:25.329484+00","2026-03-27 15:06:25.329484+00",0.10176830211122993,51.18359375,2.2,0.1217018335486559,0.3298843876457766,60,"v20260326-204532-4583"
2899,"2026-03-27 15:05:35.372451+00","2026-03-27 15:06:35.372451+00",0.11204630122398104,50.4296875,2.2399999999999998,0.12038362213585348,0.10478627152990108,60,"v20260326-204532-4583"
2900,"2026-03-27 15:05:40.329635+00","2026-03-27 15:06:40.329635+00",0.07822699263787611,50.4296875,5.199792008319667,0.19676321966040977,0.19994588073075917,60,"v20260326-204532-4583"
2901,"2026-03-27 15:05:45.357316+00","2026-03-27 15:06:45.357316+00",0.643541303619422,52.02734375,10.200408016320653,1.0523058665938845,0.19994588073075917,60,"v20260326-204532-4583"
2902,"2026-03-27 15:05:50.341006+00","2026-03-27 15:06:50.341006+00",0.643541303619422,52.02734375,14.879999999999999,1.259152959709456,0.19994588073075917,60,"v20260326-204532-4583"
2903,"2026-03-27 15:05:55.338026+00","2026-03-27 15:06:55.338026+00",0.3904365089059033,52.02734375,19.96,0.837276578429438,0.19994588073075917,60,"v20260326-204532-4583"
2904,"2026-03-27 15:06:05.404364+00","2026-03-27 15:07:05.404364+00",1.4902266590802773,51.75,25.361014440577623,1.2468575786130054,1.384861933929096,60,"v20260326-204532-4583"
2905,"2026-03-27 15:06:15.379573+00","2026-03-27 15:07:15.379573+00",0.4744489970455581,50.671875,15.759369625214992,0.23546294866403222,1.384861933929096,60,"v20260326-204532-4583"
2906,"2026-03-27 15:06:20.323286+00","2026-03-27 15:07:20.323286+00",0.4744489970455581,50.671875,10.720428817152685,0.18590797290787447,0.1920334593969957,60,"v20260326-204532-4583"
2907,"2026-03-27 15:06:25.352554+00","2026-03-27 15:07:25.352554+00",0.3298843876457766,50.671875,6.04,0.1371031964392166,0.1920334593969957,60,"v20260326-204532-4583"
2908,"2026-03-27 15:06:35.381196+00","2026-03-27 15:07:35.381196+00",0.10478627152990108,51.1796875,2.16,0.047129781053360555,0.004695477259342216,60,"v20260326-204532-4583"
2909,"2026-03-27 15:06:45.39315+00","2026-03-27 15:07:45.39315+00",0.19994588073075917,52.51171875,2.0399184032638695,0.07898834392079218,0.006157218447950496,60,"v20260326-204532-4583"
2910,"2026-03-27 15:06:50.347295+00","2026-03-27 15:07:50.347295+00",0.19994588073075917,52.51171875,4.800000000000001,0.4102245054734339,0.004812696159146007,60,"v20260326-204532-4583"
2911,"2026-03-27 15:06:55.324322+00","2026-03-27 15:07:55.324322+00",0.19994588073075917,52.51171875,9.32,0.5299397885731398,0.0024753378972084787,60,"v20260326-204532-4583"
2912,"2026-03-27 15:07:05.38103+00","2026-03-27 15:08:05.38103+00",1.384861933929096,52.7265625,18.52,2.0318100541604234,0.001735032607705632,60,"v20260326-204532-4583"
2913,"2026-03-27 15:07:10.334566+00","2026-03-27 15:08:10.334566+00",1.384861933929096,52.7265625,21.8408736349454,2.3605831219726268,0.0025264399092910545,60,"v20260326-204532-4583"
2914,"2026-03-27 15:07:25.429684+00","2026-03-27 15:08:25.429684+00",0.1920334593969957,51.17578125,10.119595216191353,0.18426295188955388,0.0017331749402694258,60,"v20260326-204532-4583"
2915,"2026-03-27 15:07:30.349432+00","2026-03-27 15:08:30.349432+00",0.1920334593969957,51.17578125,5.4,0.09260586470757515,0.0013544579951761653,60,"v20260326-204532-4583"
2916,"2026-03-27 15:07:35.327845+00","2026-03-27 15:08:35.327845+00",0.004695477259342216,50.421875,1.7200000000000002,0.0020542561878604984,0.0025479745249473774,60,"v20260326-204532-4583"
2917,"2026-03-27 15:07:40.337013+00","2026-03-27 15:08:40.337013+00",0.006037848742645719,50.421875,1.1599536018559258,0.0023298594814442227,0.0025479745249473774,60,"v20260326-204532-4583"
2918,"2026-03-27 15:07:45.311137+00","2026-03-27 15:08:45.311137+00",0.006157218447950496,50.421875,0.8800000000000001,0.0032408850915047758,0.0025479745249473774,60,"v20260326-204532-4583"
2919,"2026-03-27 15:07:50.337856+00","2026-03-27 15:08:50.337856+00",0.004812696159146007,50.421875,0.4400176007040282,0.0018892800612558271,0.002497923234746496,60,"v20260326-204532-4583"
2920,"2026-03-27 15:07:55.336004+00","2026-03-27 15:08:55.336004+00",0.0024753378972084787,50.66796875,0.32,0.001798168558381733,0.002497923234746496,60,"v20260326-204532-4583"
2921,"2026-03-27 15:08:00.33945+00","2026-03-27 15:09:00.33945+00",0.0024753378972084787,50.66796875,0.2799888004479821,0.002331685901297812,0.002497923234746496,60,"v20260326-204532-4583"
2922,"2026-03-27 15:08:05.304283+00","2026-03-27 15:09:05.304283+00",0.001735032607705632,51.16796875,0.32001280051202047,0.0027099404317731876,0.002497923234746496,60,"v20260326-204532-4583"
2923,"2026-03-27 15:08:10.342181+00","2026-03-27 15:09:10.342181+00",0.0025264399092910545,51.16796875,0.28,0.002715630280754234,0.0023189407023961385,60,"v20260326-204532-4583"
2924,"2026-03-27 15:08:15.331696+00","2026-03-27 15:09:15.331696+00",0.0023968126062751797,50.421875,0.32,0.0030350239986715014,0.0023189407023961385,60,"v20260326-204532-4583"
2925,"2026-03-27 15:08:20.318359+00","2026-03-27 15:09:20.318359+00",0.0022704852823336942,50.421875,0.28,0.0026785711010150694,0.0023189407023961385,60,"v20260326-204532-4583"
2926,"2026-03-27 15:08:25.320863+00","2026-03-27 15:09:25.320863+00",0.0017331749402694258,50.421875,0.32001280051202047,0.002632606876840614,0.0025259135419460855,60,"v20260326-204532-4583"
2927,"2026-03-27 15:08:30.338297+00","2026-03-27 15:09:30.338297+00",0.0013544579951761653,50.421875,0.28,0.0019763410171560773,0.0025259135419460855,60,"v20260326-204532-4583"
2928,"2026-03-27 15:08:35.330223+00","2026-03-27 15:09:35.330223+00",0.0025479745249473774,50.421875,0.32,0.002484459138494168,0.0025259135419460855,60,"v20260326-204532-4583"
2929,"2026-03-27 15:08:40.33568+00","2026-03-27 15:09:40.33568+00",0.0025479745249473774,50.421875,0.2799888004479821,0.0016620929893508937,0.23325539153147654,60,"v20260326-204532-4583"
2930,"2026-03-27 15:08:55.432567+00","2026-03-27 15:09:55.432567+00",0.002497923234746496,50.67578125,0.31998720051197954,0.002193402515349624,0.5748010204478764,60,"v20260326-204532-4583"
2931,"2026-03-27 15:09:00.340392+00","2026-03-27 15:10:00.340392+00",0.002497923234746496,50.67578125,0.28,0.002038044618852634,0.7882985423285163,60,"v20260326-204532-4583"
2932,"2026-03-27 15:09:15.438472+00","2026-03-27 15:10:15.438472+00",0.0023189407023961385,50.43359375,0.32,0.0028223432542426696,0.9467657513454046,60,"v20260326-204532-4583"
2933,"2026-03-27 15:09:20.33946+00","2026-03-27 15:10:20.33946+00",0.0023189407023961385,50.43359375,0.2800112004480179,0.0020162894568262727,1.5414037048284133,60,"v20260326-204532-4583"
2934,"2026-03-27 15:09:25.341492+00","2026-03-27 15:10:25.341492+00",0.0025259135419460855,50.42578125,0.32,0.0028728235849601797,1.5414037048284133,60,"v20260326-204532-4583"
2935,"2026-03-27 15:09:30.346593+00","2026-03-27 15:10:30.346593+00",0.0025259135419460855,50.42578125,0.52,0.005057765621832466,1.5414037048284133,60,"v20260326-204532-4583"
2936,"2026-03-27 15:09:35.374743+00","2026-03-27 15:10:35.374743+00",0.0025259135419460855,50.42578125,1.08,0.006884103616124219,0.9406068998598467,60,"v20260326-204532-4583"
2937,"2026-03-27 15:09:45.393222+00","2026-03-27 15:10:45.393222+00",0.23325539153147654,51.45703125,3.96,0.4947775746256061,0.9141419834186674,60,"v20260326-204532-4583"
2938,"2026-03-27 15:09:50.339187+00","2026-03-27 15:10:50.339187+00",0.23325539153147654,51.45703125,6.639734410623576,0.4823727796645761,0.627759760816036,60,"v20260326-204532-4583"
2939,"2026-03-27 15:09:55.384216+00","2026-03-27 15:10:55.384216+00",0.5748010204478764,52.7265625,10.119595216191353,0.6544040268436607,0.41731376366514017,60,"v20260326-204532-4583"
2940,"2026-03-27 15:10:00.368806+00","2026-03-27 15:11:00.368806+00",0.7882985423285163,52.7265625,14.0805632225289,0.8956786732338797,0.1651460777688958,60,"v20260326-204532-4583"
2941,"2026-03-27 15:10:05.333609+00","2026-03-27 15:11:05.333609+00",1.0652932313919325,52.0234375,17.840713628545142,1.2730239434760218,0.1651460777688958,60,"v20260326-204532-4583"
2942,"2026-03-27 15:10:10.326029+00","2026-03-27 15:11:10.326029+00",1.3223293158761675,52.0234375,21.51913923443062,1.65728992748143,0.2963116247034232,60,"v20260326-204532-4583"
2943,"2026-03-27 15:10:15.394685+00","2026-03-27 15:11:15.394685+00",0.9467657513454046,52.0234375,24.20096803872155,1.4828482380190526,0.2963116247034232,60,"v20260326-204532-4583"
2944,"2026-03-27 15:10:25.436165+00","2026-03-27 15:11:25.436165+00",1.5414037048284133,51.5,25.998960041598338,1.5072384910346928,0.5628173441302069,60,"v20260326-204532-4583"
2945,"2026-03-27 15:10:30.344778+00","2026-03-27 15:11:30.344778+00",1.5414037048284133,51.5,25.32,1.3084863354428846,0.8529715047492523,60,"v20260326-204532-4583"
2946,"2026-03-27 15:10:35.326211+00","2026-03-27 15:11:35.326211+00",0.9406068998598467,52.24609375,23.00092003680147,0.822879102473588,0.6142532129534283,60,"v20260326-204532-4583"
2947,"2026-03-27 15:10:40.345292+00","2026-03-27 15:11:40.345292+00",0.9432469434071789,52.24609375,19.92,0.7164275067467025,1.4557121925385512,60,"v20260326-204532-4583"
2948,"2026-03-27 15:10:45.356458+00","2026-03-27 15:11:45.356458+00",0.9141419834186674,51.46875,16.159353625854965,0.7220370040006721,1.4557121925385512,60,"v20260326-204532-4583"
2949,"2026-03-27 15:10:50.336618+00","2026-03-27 15:11:50.336618+00",0.627759760816036,51.46875,12.160486419456777,0.5295409631231379,1.4557121925385512,60,"v20260326-204532-4583"
2950,"2026-03-27 15:10:55.331364+00","2026-03-27 15:11:55.331364+00",0.41731376366514017,51.46875,8.4,0.37960124345866314,1.4421160240049324,60,"v20260326-204532-4583"
2951,"2026-03-27 15:11:05.407255+00","2026-03-27 15:12:05.407255+00",0.1651460777688958,50.92578125,3.8398464061437547,0.13510518518256298,1.4421160240049324,60,"v20260326-204532-4583"
2952,"2026-03-27 15:11:15.420196+00","2026-03-27 15:12:15.420196+00",0.2963116247034232,50.70703125,4.599816007359706,0.268491417431939,0.9137546963909751,60,"v20260326-204532-4583"
2953,"2026-03-27 15:11:20.333179+00","2026-03-27 15:12:20.333179+00",0.2963116247034232,50.70703125,6.880000000000001,0.5913995513135989,0.6499384862979608,60,"v20260326-204532-4583"
2954,"2026-03-27 15:11:25.382522+00","2026-03-27 15:12:25.382522+00",0.5628173441302069,51.24609375,10.279588816447342,1.0410192075242397,0.26601029498053047,60,"v20260326-204532-4583"
2955,"2026-03-27 15:11:30.389685+00","2026-03-27 15:12:30.389685+00",0.8529715047492523,51.24609375,14.040561622464898,1.4992846611329163,0.26601029498053047,60,"v20260326-204532-4583"
2956,"2026-03-27 15:11:35.339166+00","2026-03-27 15:12:35.339166+00",0.6142532129534283,51.24609375,17.92,1.3769240837913403,0.26601029498053047,60,"v20260326-204532-4583"
2957,"2026-03-27 15:11:45.413903+00","2026-03-27 15:12:45.413903+00",1.4557121925385512,52.29296875,24.48,1.4562173512242926,0.26265024945629767,60,"v20260326-204532-4583"
2958,"2026-03-27 15:11:50.334893+00","2026-03-27 15:12:50.334893+00",1.4557121925385512,52.29296875,26.041041641665668,1.2320520130692403,0.26265024945629767,60,"v20260326-204532-4583"
2959,"2026-03-27 15:11:55.393705+00","2026-03-27 15:12:55.393705+00",1.4421160240049324,51.26171875,26.44,1.2566124532315042,0.6345888268574126,60,"v20260326-204532-4583"
2960,"2026-03-27 15:12:00.353598+00","2026-03-27 15:13:00.353598+00",1.4421160240049324,51.26171875,25.48,1.214066581248353,0.8754961970900151,60,"v20260326-204532-4583"
2961,"2026-03-27 15:12:05.362111+00","2026-03-27 15:13:05.362111+00",1.4421160240049324,51.26171875,23.12,1.190737730195414,1.1257384262980368,60,"v20260326-204532-4583"
2962,"2026-03-27 15:12:15.413072+00","2026-03-27 15:13:15.413072+00",0.9137546963909751,51.97265625,16.24,0.706909755172453,1.3624392399123808,60,"v20260326-204532-4583"
2963,"2026-03-27 15:12:20.341662+00","2026-03-27 15:13:20.341662+00",0.6499384862979608,51.97265625,12.32,0.5655640988528727,0.9346787332212237,60,"v20260326-204532-4583"
2964,"2026-03-27 15:12:25.32869+00","2026-03-27 15:13:25.32869+00",0.26601029498053047,50.92578125,8.76,0.2966714673926625,1.5084120069494178,60,"v20260326-204532-4583"
2965,"2026-03-27 15:12:30.351105+00","2026-03-27 15:13:30.351105+00",0.26601029498053047,50.92578125,5.92,0.21693444538397536,1.5084120069494178,60,"v20260326-204532-4583"
2966,"2026-03-27 15:12:45.435599+00","2026-03-27 15:13:45.435599+00",0.26265024945629767,51.703125,4.32,0.1882965915500511,0.8527639368895751,60,"v20260326-204532-4583"
2967,"2026-03-27 15:12:50.351991+00","2026-03-27 15:13:50.351991+00",0.26265024945629767,51.703125,6.680000000000001,0.4398772234435747,0.8527639368895751,60,"v20260326-204532-4583"
2968,"2026-03-27 15:12:55.364435+00","2026-03-27 15:13:55.364435+00",0.6345888268574126,51.7265625,9.92,0.8304480218165936,0.16657752834990824,60,"v20260326-204532-4583"
2969,"2026-03-27 15:13:00.387875+00","2026-03-27 15:14:00.387875+00",0.8754961970900151,51.7265625,13.76,1.3606583507843388,0.16657752834990824,60,"v20260326-204532-4583"
2970,"2026-03-27 15:13:05.341405+00","2026-03-27 15:14:05.341405+00",1.1257384262980368,52.50390625,17.720000000000002,1.8023497066677099,0.16657752834990824,60,"v20260326-204532-4583"
2971,"2026-03-27 15:13:10.329451+00","2026-03-27 15:14:10.329451+00",1.3624392399123808,52.50390625,21.080000000000002,1.9798586745861475,0.20019611290323788,60,"v20260326-204532-4583"
2972,"2026-03-27 15:13:15.317482+00","2026-03-27 15:14:15.317482+00",1.3624392399123808,52.50390625,23.679052837886484,2.013363675139279,0.20019611290323788,60,"v20260326-204532-4583"
2973,"2026-03-27 15:13:20.359267+00","2026-03-27 15:14:20.359267+00",0.9346787332212237,52.50390625,25.278988840446385,1.5136820513139941,0.19401487903226977,60,"v20260326-204532-4583"
2974,"2026-03-27 15:13:25.405009+00","2026-03-27 15:14:25.405009+00",1.5084120069494178,51.51953125,25.64,1.3165900894184777,0.5471915462582938,60,"v20260326-204532-4583"
2975,"2026-03-27 15:13:30.33325+00","2026-03-27 15:14:30.33325+00",1.5084120069494178,51.51953125,24.8,1.1048493339533048,0.780047619047493,60,"v20260326-204532-4583"
2976,"2026-03-27 15:13:45.412751+00","2026-03-27 15:14:45.412751+00",0.8527639368895751,51.94140625,16.200648025921037,0.5134075502270351,1.4586333762600756,60,"v20260326-204532-4583"
2977,"2026-03-27 15:14:05.404406+00","2026-03-27 15:15:05.404406+00",0.16657752834990824,50.6796875,4.16,0.08320120213709767,1.279142381861833,60,"v20260326-204532-4583"
2978,"2026-03-27 15:14:15.36862+00","2026-03-27 15:15:15.36862+00",0.20019611290323788,51.6796875,4.559817607295709,0.16283840260251511,0.4487362443213953,60,"v20260326-204532-4583"
2979,"2026-03-27 15:14:20.336576+00","2026-03-27 15:15:20.336576+00",0.19401487903226977,51.6796875,6.800000000000001,0.315399002272126,0.618179149085818,60,"v20260326-204532-4583"
2980,"2026-03-27 15:14:25.341789+00","2026-03-27 15:15:25.341789+00",0.5471915462582938,51.22265625,9.919603215871366,0.6169825044728735,0.4322926789557125,60,"v20260326-204532-4583"
2981,"2026-03-27 15:14:30.327099+00","2026-03-27 15:15:30.327099+00",0.780047619047493,51.22265625,13.799999999999999,1.1790110116230104,0.16144132115253207,60,"v20260326-204532-4583"
2982,"2026-03-27 15:14:35.378531+00","2026-03-27 15:15:35.378531+00",1.0781075185831703,51.50390625,17.96,1.728295979353155,0.16144132115253207,60,"v20260326-204532-4583"
2983,"2026-03-27 15:14:40.312619+00","2026-03-27 15:15:40.312619+00",1.402539701391304,51.50390625,21.40085603424137,1.8866648929869658,0.16144132115253207,60,"v20260326-204532-4583"
2984,"2026-03-27 15:14:45.330049+00","2026-03-27 15:15:45.330049+00",1.4586333762600756,51.74609375,24.12,1.8854881526320064,0.305329337852287,60,"v20260326-204532-4583"
2985,"2026-03-27 15:14:50.33946+00","2026-03-27 15:15:50.33946+00",1.4586333762600756,51.74609375,25.641025641025642,1.7958005258321024,0.305329337852287,60,"v20260326-204532-4583"
2986,"2026-03-27 15:14:55.3713+00","2026-03-27 15:15:55.3713+00",1.1675283979949018,51.74609375,25.878964841406344,1.4590440359457852,0.20869769124433568,60,"v20260326-204532-4583"
2987,"2026-03-27 15:15:00.329706+00","2026-03-27 15:16:00.329706+00",0.9140516712095768,51.74609375,25.038998440062397,1.207182639148425,1.0064521279586318,60,"v20260326-204532-4583"
2988,"2026-03-27 15:15:05.340573+00","2026-03-27 15:16:05.340573+00",1.279142381861833,51.97265625,23.12,1.0892544359887597,1.0064521279586318,60,"v20260326-204532-4583"
2989,"2026-03-27 15:15:10.333946+00","2026-03-27 15:16:10.333946+00",1.279142381861833,51.97265625,20.0,0.8709366072195649,1.5063131320533345,60,"v20260326-204532-4583"
2990,"2026-03-27 15:15:15.3279+00","2026-03-27 15:16:15.3279+00",0.4487362443213953,50.9609375,16.519339226430944,0.3868826397595381,1.5063131320533345,60,"v20260326-204532-4583"
2991,"2026-03-27 15:15:20.337225+00","2026-03-27 15:16:20.337225+00",0.618179149085818,50.9609375,12.600504020160805,0.36887848631229003,1.5063131320533345,60,"v20260326-204532-4583"
2992,"2026-03-27 15:15:25.364643+00","2026-03-27 15:16:25.364643+00",0.4322926789557125,50.9609375,8.76,0.2830476981422698,1.441444643858668,60,"v20260326-204532-4583"
2993,"2026-03-27 15:15:35.402098+00","2026-03-27 15:16:35.402098+00",0.16144132115253207,51.16796875,4.12,0.11400933233708246,1.3738673181159078,60,"v20260326-204532-4583"
2994,"2026-03-27 15:15:40.340479+00","2026-03-27 15:16:40.340479+00",0.16144132115253207,51.16796875,3.4800000000000004,0.14956773765712184,0.9403892814617036,60,"v20260326-204532-4583"
2995,"2026-03-27 15:15:45.339442+00","2026-03-27 15:16:45.339442+00",0.305329337852287,51.44921875,4.5200000000000005,0.28659085318620375,0.8629786974550618,60,"v20260326-204532-4583"
2996,"2026-03-27 15:15:50.330947+00","2026-03-27 15:16:50.330947+00",0.305329337852287,51.44921875,6.760000000000001,0.58057150209014,0.6456087465444227,60,"v20260326-204532-4583"
2997,"2026-03-27 15:15:55.348806+00","2026-03-27 15:16:55.348806+00",0.20869769124433568,51.44921875,9.92,0.5471277702664705,0.29309330858025445,60,"v20260326-204532-4583"
2998,"2026-03-27 15:16:05.385344+00","2026-03-27 15:17:05.385344+00",1.0064521279586318,52.75390625,17.760710428417138,1.3477903187804936,0.21139305069937112,60,"v20260326-204532-4583"
2999,"2026-03-27 15:16:15.410643+00","2026-03-27 15:17:15.410643+00",1.5063131320533345,52.2578125,23.76095043801752,2.1574843553045273,0.237587632813248,60,"v20260326-204532-4583"
3000,"2026-03-27 15:16:20.340401+00","2026-03-27 15:17:20.340401+00",1.5063131320533345,52.2578125,25.44,2.220011930912402,0.361301163125941,60,"v20260326-204532-4583"
3001,"2026-03-27 15:16:25.370833+00","2026-03-27 15:17:25.370833+00",1.441444643858668,51.49609375,25.878964841406344,1.8585662205739202,0.650171025195449,60,"v20260326-204532-4583"
3002,"2026-03-27 15:16:30.332059+00","2026-03-27 15:17:30.332059+00",1.3738673181159078,51.49609375,24.880000000000003,1.5145353698427833,0.8883507172862066,60,"v20260326-204532-4583"
3003,"2026-03-27 15:16:35.313375+00","2026-03-27 15:17:35.313375+00",1.3738673181159078,51.49609375,23.04,1.2731329487562648,0.8883507172862066,60,"v20260326-204532-4583"
3004,"2026-03-27 15:16:40.340223+00","2026-03-27 15:17:40.340223+00",0.9403892814617036,51.49609375,20.040000000000003,0.9320379339793737,1.4686174970576413,60,"v20260326-204532-4583"
3005,"2026-03-27 15:16:45.330841+00","2026-03-27 15:17:45.330841+00",0.8629786974550618,51.97265625,16.439342426302947,0.7630322163004698,1.4686174970576413,60,"v20260326-204532-4583"
3006,"2026-03-27 15:16:50.337006+00","2026-03-27 15:17:50.337006+00",0.6456087465444227,51.97265625,12.36049441977679,0.570363798473966,1.4686174970576413,60,"v20260326-204532-4583"
3007,"2026-03-27 15:16:55.332039+00","2026-03-27 15:17:55.332039+00",0.29309330858025445,50.4375,8.88,0.3005387645707141,1.031173125251344,60,"v20260326-204532-4583"
3008,"2026-03-27 15:17:00.318552+00","2026-03-27 15:18:00.318552+00",0.2930933085802545,50.4375,5.92,0.22252640832142526,1.4771137734584503,60,"v20260326-204532-4583"
3009,"2026-03-27 15:17:05.359408+00","2026-03-27 15:18:05.359408+00",0.21139305069937112,50.43359375,4.2,0.17014453150858141,1.2276460482546998,60,"v20260326-204532-4583"
3010,"2026-03-27 15:17:10.334385+00","2026-03-27 15:18:10.334385+00",0.11491182918700198,50.43359375,3.6001440057602303,0.15142614246709277,1.2276460482547,60,"v20260326-204532-4583"
3011,"2026-03-27 15:17:15.344448+00","2026-03-27 15:18:15.344448+00",0.237587632813248,51.4453125,4.519819207231711,0.28033928957651433,0.9755808008127324,60,"v20260326-204532-4583"
3012,"2026-03-27 15:17:20.328408+00","2026-03-27 15:18:20.328408+00",0.361301163125941,51.4453125,6.679732810687573,0.5675641075823497,0.6404525360535454,60,"v20260326-204532-4583"
3013,"2026-03-27 15:17:25.335583+00","2026-03-27 15:18:25.335583+00",0.650171025195449,51.73828125,9.919603215871366,1.017397479167236,0.42104654881406395,60,"v20260326-204532-4583"
3014,"2026-03-27 15:17:30.334264+00","2026-03-27 15:18:30.334264+00",0.8883507172862066,51.73828125,13.75944962201512,1.5219926364369405,0.29012212446033075,60,"v20260326-204532-4583"
3015,"2026-03-27 15:17:35.352245+00","2026-03-27 15:18:35.352245+00",0.8883507172862066,51.73828125,17.720000000000002,1.744246790020679,0.16818719086224757,60,"v20260326-204532-4583"
3016,"2026-03-27 15:17:45.390837+00","2026-03-27 15:18:45.390837+00",1.4686174970576413,51.75,24.08096323852954,2.102097940563694,0.16818719086224757,60,"v20260326-204532-4583"
3017,"2026-03-27 15:17:50.346249+00","2026-03-27 15:18:50.346249+00",1.4686174970576413,51.75,25.880000000000003,1.643418632442941,0.7670290282097302,60,"v20260326-204532-4583"
3018,"2026-03-27 15:17:55.362739+00","2026-03-27 15:18:55.362739+00",1.031173125251344,52.2578125,26.521060842433698,1.0946698799368897,0.7670290282097302,60,"v20260326-204532-4583"
3019,"2026-03-27 15:18:00.338771+00","2026-03-27 15:19:00.338771+00",1.4771137734584503,52.2578125,25.680000000000003,1.1929935361862465,0.7670290282097302,60,"v20260326-204532-4583"
3020,"2026-03-27 15:18:05.342601+00","2026-03-27 15:19:05.342601+00",1.2276460482546998,51.515625,23.76,1.1573479906515474,0.7670290282097302,60,"v20260326-204532-4583"
3021,"2026-03-27 15:18:10.339243+00","2026-03-27 15:19:10.339243+00",1.2276460482547,51.515625,20.720000000000002,1.0613853851054789,1.4934149247146125,60,"v20260326-204532-4583"
3022,"2026-03-27 15:18:15.360507+00","2026-03-27 15:19:15.360507+00",0.9755808008127324,51.515625,16.960678427137086,0.8446935834353219,1.4934149247146125,60,"v20260326-204532-4583"
3023,"2026-03-27 15:18:20.329684+00","2026-03-27 15:19:20.329684+00",0.6404525360535454,51.515625,12.799999999999999,0.5673480553796458,1.4934149247146125,60,"v20260326-204532-4583"
3024,"2026-03-27 15:18:25.349837+00","2026-03-27 15:19:25.349837+00",0.42104654881406395,50.94140625,9.120000000000001,0.3900997372977702,1.4934149247146125,60,"v20260326-204532-4583"
3025,"2026-03-27 15:18:30.332715+00","2026-03-27 15:19:30.332715+00",0.29012212446033075,50.94140625,6.159753609855606,0.2867513247189029,1.32699021074943,60,"v20260326-204532-4583"
3026,"2026-03-27 15:18:35.350833+00","2026-03-27 15:19:35.350833+00",0.16818719086224757,52.1875,4.28,0.20428284310131264,1.32699021074943,60,"v20260326-204532-4583"
3027,"2026-03-27 15:18:40.340108+00","2026-03-27 15:19:40.340108+00",0.16818719086224757,52.1875,3.6799999999999997,0.202585614898389,1.32699021074943,60,"v20260326-204532-4583"
3028,"2026-03-27 15:18:45.327051+00","2026-03-27 15:19:45.327051+00",0.16818719086224757,52.1875,4.479820807167714,0.27247932967819855,0.6408754571312396,60,"v20260326-204532-4583"
3029,"2026-03-27 15:18:55.378132+00","2026-03-27 15:19:55.378132+00",0.7670290282097302,51.984375,9.8,0.9158979500790528,0.6408754571312396,60,"v20260326-204532-4583"
3030,"2026-03-27 15:19:00.332349+00","2026-03-27 15:20:00.332349+00",0.7670290282097302,51.984375,13.44,1.541827274204929,0.14532007462684535,60,"v20260326-204532-4583"
3031,"2026-03-27 15:19:15.467632+00","2026-03-27 15:20:15.467632+00",1.4934149247146125,51.7890625,23.87904483820647,3.1680504843051063,0.38683846071389577,60,"v20260326-204532-4583"
3032,"2026-03-27 15:19:20.329409+00","2026-03-27 15:20:20.329409+00",1.4934149247146125,51.7890625,25.560000000000002,2.714923234819227,0.3868384607138957,60,"v20260326-204532-4583"
3033,"2026-03-27 15:19:35.442361+00","2026-03-27 15:20:35.442361+00",1.32699021074943,52.2265625,23.240000000000002,1.923033604006576,1.0279730025901943,60,"v20260326-204532-4583"
3034,"2026-03-27 15:19:40.336367+00","2026-03-27 15:20:40.336367+00",1.32699021074943,52.2265625,20.2808112324493,1.457650516409599,0.6522488701434782,60,"v20260326-204532-4583"
3035,"2026-03-27 15:19:45.327771+00","2026-03-27 15:20:45.327771+00",0.6408754571312396,51.4375,16.56066242649706,0.7291371999157883,1.4536961750118775,60,"v20260326-204532-4583"
3036,"2026-03-27 15:19:50.336972+00","2026-03-27 15:20:50.336972+00",0.6408754571312396,51.4375,12.400496019840793,0.49413233758849445,1.4536961750118775,60,"v20260326-204532-4583"
3037,"2026-03-27 15:19:55.348988+00","2026-03-27 15:20:55.348988+00",0.6408754571312396,51.4375,9.040000000000001,0.4644228691919061,1.4464122346328459,60,"v20260326-204532-4583"
3038,"2026-03-27 15:20:05.398156+00","2026-03-27 15:21:05.398156+00",0.14532007462684535,50.4296875,4.16,0.09094811280605127,1.4464122346328459,60,"v20260326-204532-4583"
3039,"2026-03-27 15:20:10.32476+00","2026-03-27 15:21:10.32476+00",0.14532007462684535,50.4296875,3.7199999999999998,0.12170606141686517,0.8596336192340565,60,"v20260326-204532-4583"
3040,"2026-03-27 15:20:15.3359+00","2026-03-27 15:21:15.3359+00",0.38683846071389577,51.48046875,4.5600000000000005,0.259999965874627,0.8596336192340565,60,"v20260326-204532-4583"
3041,"2026-03-27 15:20:20.340614+00","2026-03-27 15:21:20.340614+00",0.3868384607138957,51.48046875,6.6000000000000005,0.665905856257314,0.8596336192340565,60,"v20260326-204532-4583"
3042,"2026-03-27 15:20:25.375523+00","2026-03-27 15:21:25.375523+00",0.611110433509905,52.49609375,9.959601615935364,1.2330233624424811,0.25635245688546954,60,"v20260326-204532-4583"
3043,"2026-03-27 15:20:30.325125+00","2026-03-27 15:21:30.325125+00",0.7210545297835151,52.49609375,13.76,1.6435497698430765,0.25635245688546954,60,"v20260326-204532-4583"
3044,"2026-03-27 15:20:35.345437+00","2026-03-27 15:21:35.345437+00",1.0279730025901943,52.49609375,17.28,1.867058014888972,0.16543705805103776,60,"v20260326-204532-4583"
3045,"2026-03-27 15:20:40.335262+00","2026-03-27 15:21:40.335262+00",0.6522488701434782,52.49609375,20.720000000000002,1.4663070278619204,0.028400600323181403,60,"v20260326-204532-4583"
3046,"2026-03-27 15:20:45.342427+00","2026-03-27 15:21:45.342427+00",1.4536961750118775,52.55859375,23.52,1.317891403405558,0.028400600323181403,60,"v20260326-204532-4583"
3047,"2026-03-27 15:20:50.340871+00","2026-03-27 15:21:50.340871+00",1.4536961750118775,52.55859375,24.96,1.1724478413169157,0.028400600323181403,60,"v20260326-204532-4583"
3048,"2026-03-27 15:20:55.335622+00","2026-03-27 15:21:55.335622+00",1.4464122346328459,52.4765625,25.76,1.219355766932248,0.002343659296027521,60,"v20260326-204532-4583"
3049,"2026-03-27 15:21:00.335056+00","2026-03-27 15:22:00.335056+00",1.4464122346328459,52.4765625,25.080000000000002,1.289390633621663,0.002343659296027521,60,"v20260326-204532-4583"
3050,"2026-03-27 15:21:05.341964+00","2026-03-27 15:22:05.341964+00",1.4464122346328459,52.4765625,23.240000000000002,1.2845595220479598,0.002343659296027521,60,"v20260326-204532-4583"
3051,"2026-03-27 15:21:15.399737+00","2026-03-27 15:22:15.399737+00",0.8596336192340565,52.1953125,16.36,0.7030225542358643,0.0024994855130962236,60,"v20260326-204532-4583"
3052,"2026-03-27 15:21:20.334919+00","2026-03-27 15:22:20.334919+00",0.8596336192340565,52.1953125,12.04,0.5886927548474951,0.002499485513096223,60,"v20260326-204532-4583"
3053,"2026-03-27 15:21:25.338382+00","2026-03-27 15:22:25.338382+00",0.25635245688546954,51.19140625,8.6,0.24207664938553058,0.002499485513096223,60,"v20260326-204532-4583"
3054,"2026-03-27 15:21:30.326109+00","2026-03-27 15:22:30.326109+00",0.25635245688546954,51.19140625,5.36,0.17725796222398854,0.002494923484435248,60,"v20260326-204532-4583"
3055,"2026-03-27 15:21:35.333063+00","2026-03-27 15:22:35.333063+00",0.16543705805103776,51.19140625,3.1998720051197957,0.11556112415797203,0.002494923484435248,60,"v20260326-204532-4583"
3056,"2026-03-27 15:21:45.38219+00","2026-03-27 15:22:45.38219+00",0.028400600323181403,51.171875,1.0,0.01879140792059605,0.0023636943894926373,60,"v20260326-204532-4583"
3057,"2026-03-27 15:22:05.388468+00","2026-03-27 15:23:05.388468+00",0.002343659296027521,50.6640625,0.32,0.0018613625779557489,0.0024226443389078227,60,"v20260326-204532-4583"
3058,"2026-03-27 15:22:15.37507+00","2026-03-27 15:23:15.37507+00",0.0024994855130962236,50.421875,0.32,0.0028238709639222853,0.00247454272452569,60,"v20260326-204532-4583"
3059,"2026-03-27 15:22:20.340092+00","2026-03-27 15:23:20.340092+00",0.002499485513096223,50.421875,0.28,0.0025712085161055925,0.00247454272452569,60,"v20260326-204532-4583"
3060,"2026-03-27 15:22:35.429056+00","2026-03-27 15:23:35.429056+00",0.002494923484435248,50.421875,0.32,0.003415487092872813,0.001980438442102834,60,"v20260326-204532-4583"
3061,"2026-03-27 15:22:40.346136+00","2026-03-27 15:23:40.346136+00",0.002494923484435248,50.421875,0.28,0.0027531302414050326,0.10214444444446942,60,"v20260326-204532-4583"
3062,"2026-03-27 15:22:45.326281+00","2026-03-27 15:23:45.326281+00",0.0023636943894926373,50.421875,0.32,0.003414920867468646,0.10214444444446942,60,"v20260326-204532-4583"
3063,"2026-03-27 15:22:50.32583+00","2026-03-27 15:23:50.32583+00",0.0023636943894926373,50.421875,0.28,0.0026654234128023124,0.10214444444446942,60,"v20260326-204532-4583"
3064,"2026-03-27 15:22:55.323094+00","2026-03-27 15:23:55.323094+00",0.0023892663534547066,50.91796875,0.32,0.0033872496474900353,0.09659122502176887,60,"v20260326-204532-4583"
3065,"2026-03-27 15:23:00.320743+00","2026-03-27 15:24:00.320743+00",0.0024226443389078227,50.91796875,0.28,0.0029215726866926657,0.09659122502176887,60,"v20260326-204532-4583"
3066,"2026-03-27 15:23:05.310876+00","2026-03-27 15:24:05.310876+00",0.0024226443389078227,50.91796875,0.31998720051197954,0.003082131997631477,0.10008986857308098,60,"v20260326-204532-4583"
3067,"2026-03-27 15:23:10.352066+00","2026-03-27 15:24:10.352066+00",0.0016632664708771654,50.91796875,0.28,0.0020028878864492144,0.10357036876976226,60,"v20260326-204532-4583"
3068,"2026-03-27 15:23:15.314692+00","2026-03-27 15:24:15.314692+00",0.00247454272452569,50.9140625,0.32,0.0025699304944566907,0.10357036876976226,60,"v20260326-204532-4583"
3069,"2026-03-27 15:23:20.329803+00","2026-03-27 15:24:20.329803+00",0.00247454272452569,50.9140625,0.28,0.00203156663606199,0.10511863889528186,60,"v20260326-204532-4583"
3070,"2026-03-27 15:23:25.380989+00","2026-03-27 15:24:25.380989+00",0.001948385103155505,50.66796875,0.32,0.002374100780062445,0.10511863889528186,60,"v20260326-204532-4583"
3071,"2026-03-27 15:23:30.316045+00","2026-03-27 15:24:30.316045+00",0.002693557894733538,50.66796875,0.5600224008960358,0.0048427036448569875,0.10511863889528186,60,"v20260326-204532-4583"
3072,"2026-03-27 15:23:35.335462+00","2026-03-27 15:24:35.335462+00",0.001980438442102834,50.66796875,1.0,0.005226984614895031,0.10511863889528186,60,"v20260326-204532-4583"
3073,"2026-03-27 15:23:45.374525+00","2026-03-27 15:24:45.374525+00",0.10214444444446942,50.9296875,1.6800000000000002,0.20552792760536134,1.0687949184219223,60,"v20260326-204532-4583"
3074,"2026-03-27 15:23:50.334076+00","2026-03-27 15:24:50.334076+00",0.10214444444446942,50.9296875,2.0,0.15270268161168124,0.7473473070516722,60,"v20260326-204532-4583"
3075,"2026-03-27 15:23:55.327505+00","2026-03-27 15:24:55.327505+00",0.09659122502176887,51.17578125,2.079916803327867,0.11635921075824295,0.7473473070516722,60,"v20260326-204532-4583"
3076,"2026-03-27 15:24:00.341445+00","2026-03-27 15:25:00.341445+00",0.09659122502176887,51.17578125,2.04,0.09205606142123479,0.7473473070516722,60,"v20260326-204532-4583"
3077,"2026-03-27 15:24:05.357542+00","2026-03-27 15:25:05.357542+00",0.10008986857308098,50.92578125,2.08,0.09095557608190018,0.7473473070516722,60,"v20260326-204532-4583"
3078,"2026-03-27 15:24:10.338085+00","2026-03-27 15:25:10.338085+00",0.10357036876976226,50.92578125,2.04,0.08937617599062608,0.10410269427972693,60,"v20260326-204532-4583"
3079,"2026-03-27 15:24:15.340191+00","2026-03-27 15:25:15.340191+00",0.10357036876976226,50.92578125,2.04,0.09258758774561901,0.10410269427972693,60,"v20260326-204532-4583"
3080,"2026-03-27 15:24:25.395344+00","2026-03-27 15:25:25.395344+00",0.10511863889528186,50.67578125,2.12,0.10120735107687043,0.10410269427972696,60,"v20260326-204532-4583"
3081,"2026-03-27 15:24:30.333882+00","2026-03-27 15:25:30.333882+00",0.10511863889528186,50.67578125,5.12,0.2453329802069591,0.10094831349905212,60,"v20260326-204532-4583"
3082,"2026-03-27 15:24:45.461847+00","2026-03-27 15:25:45.461847+00",1.0687949184219223,51.48046875,19.560000000000002,1.6624162446129862,0.10804530263641822,60,"v20260326-204532-4583"
3083,"2026-03-27 15:24:55.412023+00","2026-03-27 15:25:55.412023+00",0.7473473070516722,50.4296875,20.400000000000002,1.0494929442045111,0.1080453026364182,60,"v20260326-204532-4583"
3084,"2026-03-27 15:25:00.333541+00","2026-03-27 15:26:00.333541+00",0.7473473070516722,50.4296875,15.520620824832992,0.37020031733151515,0.9728535551552565,60,"v20260326-204532-4583"
3085,"2026-03-27 15:25:05.320825+00","2026-03-27 15:26:05.320825+00",0.7473473070516722,50.4296875,10.63957441702332,0.2938621581876697,0.9728535551552565,60,"v20260326-204532-4583"
3086,"2026-03-27 15:25:15.388775+00","2026-03-27 15:26:15.388775+00",0.10410269427972693,50.67578125,2.3199072037118516,0.030748848240472828,0.9728535551552566,60,"v20260326-204532-4583"
3087,"2026-03-27 15:25:20.337426+00","2026-03-27 15:26:20.337426+00",0.10410269427972696,50.67578125,2.08,0.0580462808383321,0.9890506161523495,60,"v20260326-204532-4583"
3088,"2026-03-27 15:25:35.422462+00","2026-03-27 15:26:35.422462+00",0.10094831349905212,50.9296875,2.16,0.09620267867223797,0.05984356867917673,60,"v20260326-204532-4583"
3089,"2026-03-27 15:25:40.311844+00","2026-03-27 15:26:40.311844+00",0.10094831349905212,50.9296875,2.080083203328133,0.10153406731655872,0.07685433461637844,60,"v20260326-204532-4583"
3090,"2026-03-27 15:25:45.346246+00","2026-03-27 15:26:45.346246+00",0.10804530263641822,50.9375,2.08,0.09901528655570957,0.10196263299022017,60,"v20260326-204532-4583"
3091,"2026-03-27 15:25:50.333698+00","2026-03-27 15:26:50.333698+00",0.10804530263641822,50.9375,2.1200848033921353,0.11113667098044797,0.06970675404376402,60,"v20260326-204532-4583"
3092,"2026-03-27 15:25:55.319533+00","2026-03-27 15:26:55.319533+00",0.1080453026364182,50.9375,2.16,0.11161172415937096,0.10047246734902959,60,"v20260326-204532-4583"
3093,"2026-03-27 15:26:05.43133+00","2026-03-27 15:27:05.43133+00",0.9728535551552565,52.046875,10.679572817087317,1.20770110254885,0.1286271529888839,60,"v20260326-204532-4583"
3094,"2026-03-27 15:26:10.347549+00","2026-03-27 15:27:10.347549+00",0.9728535551552566,52.046875,15.76,2.018989171799135,0.1286271529888839,60,"v20260326-204532-4583"
3095,"2026-03-27 15:26:25.40735+00","2026-03-27 15:27:25.40735+00",0.9890506161523495,50.4296875,22.28,2.2237389331214876,0.3007353744263651,60,"v20260326-204532-4583"
3096,"2026-03-27 15:26:30.315377+00","2026-03-27 15:27:30.315377+00",0.9890506161523492,50.4296875,16.960678427137086,1.257000473956408,1.3176989762219191,60,"v20260326-204532-4583"
3097,"2026-03-27 15:26:35.332226+00","2026-03-27 15:27:35.332226+00",0.05984356867917673,50.6875,11.88,0.07733576448644286,1.3176989762219191,60,"v20260326-204532-4583"
3098,"2026-03-27 15:26:40.340683+00","2026-03-27 15:27:40.340683+00",0.07685433461637844,50.6875,6.680000000000001,0.05842651766668918,1.3176989762219191,60,"v20260326-204532-4583"
3099,"2026-03-27 15:26:45.365997+00","2026-03-27 15:27:45.365997+00",0.10196263299022017,50.6875,2.6,0.05328846105272199,1.3176989762219191,60,"v20260326-204532-4583"
3100,"2026-03-27 15:26:50.327057+00","2026-03-27 15:27:50.327057+00",0.06970675404376402,50.6875,2.079916803327867,0.047165208740158004,0.19654892455140327,60,"v20260326-204532-4583"
3101,"2026-03-27 15:26:55.34811+00","2026-03-27 15:27:55.34811+00",0.10047246734902959,50.6796875,2.16,0.0685930722945518,0.19654892455140327,60,"v20260326-204532-4583"
3102,"2026-03-27 15:27:00.331955+00","2026-03-27 15:28:00.331955+00",0.07275881177192227,50.6796875,2.2,0.08432153299661276,0.1965489245514033,60,"v20260326-204532-4583"
3103,"2026-03-27 15:27:05.325962+00","2026-03-27 15:28:05.325962+00",0.1286271529888839,50.6796875,2.32,0.1078211795933703,0.07723556287219416,60,"v20260326-204532-4583"
3104,"2026-03-27 15:27:10.335906+00","2026-03-27 15:28:10.335906+00",0.1286271529888839,50.6796875,2.24,0.1136463804840692,0.12033585490344456,60,"v20260326-204532-4583"
3105,"2026-03-27 15:27:15.378219+00","2026-03-27 15:28:15.378219+00",0.0806578000675628,50.6796875,2.4,0.1064770020387866,0.09102204064896548,60,"v20260326-204532-4583"
3106,"2026-03-27 15:27:25.373241+00","2026-03-27 15:28:25.373241+00",0.3007353744263651,51.265625,9.120000000000001,0.6543452874255145,0.11362785025519918,60,"v20260326-204532-4583"
3107,"2026-03-27 15:27:35.389257+00","2026-03-27 15:28:35.389257+00",1.3176989762219191,51.75390625,17.8,1.720479738380024,0.10237218225420083,60,"v20260326-204532-4583"
3108,"2026-03-27 15:27:40.339383+00","2026-03-27 15:28:40.339383+00",1.3176989762219191,51.75390625,20.76083043321733,2.0211094744044704,0.10237218225420083,60,"v20260326-204532-4583"
3109,"2026-03-27 15:27:45.346322+00","2026-03-27 15:28:45.346322+00",1.3176989762219191,51.75390625,18.16,1.4152825302396315,0.10237218225420083,60,"v20260326-204532-4583"
3110,"2026-03-27 15:27:55.38246+00","2026-03-27 15:28:55.38246+00",0.19654892455140327,50.6796875,9.72,0.20165669402941824,0.10942848399538445,60,"v20260326-204532-4583"
3111,"2026-03-27 15:28:00.335853+00","2026-03-27 15:29:00.335853+00",0.1965489245514033,50.6796875,5.36,0.1276908981101582,0.10942848399538446,60,"v20260326-204532-4583"
3112,"2026-03-27 15:28:05.337265+00","2026-03-27 15:29:05.337265+00",0.07723556287219416,51.42578125,2.36,0.050705467877981816,0.9507293298106856,60,"v20260326-204532-4583"
3113,"2026-03-27 15:28:10.338586+00","2026-03-27 15:29:10.338586+00",0.12033585490344456,51.42578125,2.159913603455862,0.08165514296969466,1.3688750189249645,60,"v20260326-204532-4583"
3114,"2026-03-27 15:28:15.347723+00","2026-03-27 15:29:15.347723+00",0.09102204064896548,51.42578125,2.239910403583857,0.12123623818935766,1.3688750189249645,60,"v20260326-204532-4583"
3115,"2026-03-27 15:28:20.338497+00","2026-03-27 15:29:20.338497+00",0.07096205363656126,51.42578125,2.2800000000000002,0.13434257965199603,0.939504554655501,60,"v20260326-204532-4583"
3116,"2026-03-27 15:28:25.322781+00","2026-03-27 15:29:25.322781+00",0.11362785025519918,50.67578125,2.3199072037118516,0.17920481684057069,1.422352772255354,60,"v20260326-204532-4583"
3117,"2026-03-27 15:28:30.337393+00","2026-03-27 15:29:30.337393+00",0.11362785025519918,50.67578125,2.24,0.16655848506211485,1.422352772255354,60,"v20260326-204532-4583"
3118,"2026-03-27 15:28:35.347475+00","2026-03-27 15:29:35.347475+00",0.10237218225420083,50.6796875,2.360094403776151,0.15661056897646586,1.422352772255354,60,"v20260326-204532-4583"
3119,"2026-03-27 15:28:40.339605+00","2026-03-27 15:29:40.339605+00",0.10237218225420083,50.6796875,2.2400896035841433,0.14409495130923744,0.11049424450913325,60,"v20260326-204532-4583"
3120,"2026-03-27 15:28:45.329413+00","2026-03-27 15:29:45.329413+00",0.10237218225420083,50.6796875,2.2,0.10680369291694768,0.11049424450913325,60,"v20260326-204532-4583"
3121,"2026-03-27 15:28:55.398496+00","2026-03-27 15:29:55.398496+00",0.10942848399538445,50.6796875,2.2,0.10877323255613133,0.11049424450913325,60,"v20260326-204532-4583"
3122,"2026-03-27 15:29:00.339191+00","2026-03-27 15:30:00.339191+00",0.10942848399538446,50.6796875,5.16,0.2660442030412765,0.10975698205381378,60,"v20260326-204532-4583"
3123,"2026-03-27 15:29:05.334679+00","2026-03-27 15:30:05.334679+00",0.9507293298106856,52.53515625,10.360000000000001,1.5430259065952792,0.10975698205381378,60,"v20260326-204532-4583"
3124,"2026-03-27 15:29:10.332658+00","2026-03-27 15:30:10.332658+00",1.3688750189249645,52.53515625,15.4,2.3445071787866607,0.10975698205381378,60,"v20260326-204532-4583"
3125,"2026-03-27 15:29:15.359863+00","2026-03-27 15:30:15.359863+00",1.3688750189249645,52.53515625,20.8,2.642640517306682,0.28419756869438784,60,"v20260326-204532-4583"
3126,"2026-03-27 15:29:20.321309+00","2026-03-27 15:30:20.321309+00",0.939504554655501,52.53515625,25.720000000000002,1.9230336016179739,0.28419756869438784,60,"v20260326-204532-4583"
3127,"2026-03-27 15:29:25.339942+00","2026-03-27 15:30:25.339942+00",1.422352772255354,51.29296875,26.758929642814287,1.2899235742486443,0.28419756869438784,60,"v20260326-204532-4583"
3128,"2026-03-27 15:29:30.321249+00","2026-03-27 15:30:30.321249+00",1.422352772255354,51.29296875,21.96,0.5805644223792193,0.9831045307238115,60,"v20260326-204532-4583"
3129,"2026-03-27 15:29:45.409086+00","2026-03-27 15:30:45.409086+00",0.11049424450913325,51.1796875,6.5600000000000005,0.02790345168857484,0.9831045307238115,60,"v20260326-204532-4583"
3130,"2026-03-27 15:29:50.342455+00","2026-03-27 15:30:50.342455+00",0.11049424450913325,51.1796875,2.520100804032161,0.025289888448850474,0.11635482719644633,60,"v20260326-204532-4583"
3131,"2026-03-27 15:30:05.417861+00","2026-03-27 15:31:05.417861+00",0.10975698205381378,50.93359375,2.2,0.05953192565709979,0.11635482719644633,60,"v20260326-204532-4583"
3132,"2026-03-27 15:30:25.413763+00","2026-03-27 15:31:25.413763+00",0.28419756869438784,51.77734375,8.08,0.555229694017268,0.11253794514941345,60,"v20260326-204532-4583"
3133,"2026-03-27 15:30:35.406469+00","2026-03-27 15:31:35.406469+00",0.9831045307238115,51.25,14.200000000000001,0.9174546550769251,0.10629457166005621,60,"v20260326-204532-4583"
3134,"2026-03-27 15:30:40.316318+00","2026-03-27 15:31:40.316318+00",0.9831045307238115,51.25,14.2,0.9760244175495378,0.09950720897115457,60,"v20260326-204532-4583"
3135,"2026-03-27 15:30:45.322321+00","2026-03-27 15:31:45.322321+00",0.9831045307238115,51.25,11.96,0.7567293004192573,0.06537623629404855,60,"v20260326-204532-4583"
3136,"2026-03-27 15:30:55.413024+00","2026-03-27 15:31:55.413024+00",0.11635482719644633,50.93359375,4.800000000000001,0.07456226763573029,1.226208085037912,60,"v20260326-204532-4583"
3137,"2026-03-27 15:31:00.311623+00","2026-03-27 15:32:00.311623+00",0.11635482719644633,50.93359375,2.3199072037118516,0.06725285537391291,1.226208085037912,60,"v20260326-204532-4583"
3138,"2026-03-27 15:31:15.390074+00","2026-03-27 15:32:15.390074+00",0.11777367623042509,51.18359375,2.2399999999999998,0.1120098462117321,0.9927707785172705,60,"v20260326-204532-4583"
3139,"2026-03-27 15:31:25.353601+00","2026-03-27 15:32:25.353601+00",0.11253794514941345,51.1796875,2.320092803712148,0.14611598616904262,0.11202648340595352,60,"v20260326-204532-4583"
3140,"2026-03-27 15:31:30.334632+00","2026-03-27 15:32:30.334632+00",0.11253794514941345,51.1796875,2.2,0.12347050656000498,0.11202648340595352,60,"v20260326-204532-4583"
3141,"2026-03-27 15:31:35.331107+00","2026-03-27 15:32:35.331107+00",0.10629457166005621,51.171875,2.160086403456138,0.10697339856351534,0.11202648340595352,60,"v20260326-204532-4583"
3142,"2026-03-27 15:31:40.343307+00","2026-03-27 15:32:40.343307+00",0.09950720897115457,51.171875,4.919803207871685,0.23574538503555809,0.11613826066677307,60,"v20260326-204532-4583"
3143,"2026-03-27 15:31:45.327352+00","2026-03-27 15:32:45.327352+00",0.06537623629404855,51.171875,9.8,0.18152358776494504,0.11613826066677307,60,"v20260326-204532-4583"
3144,"2026-03-27 15:31:55.402584+00","2026-03-27 15:32:55.402584+00",1.226208085037912,52.01953125,19.44,2.53023381082559,0.7627573575453985,60,"v20260326-204532-4583"
3145,"2026-03-27 15:32:15.37015+00","2026-03-27 15:33:15.37015+00",0.9927707785172705,50.93359375,16.040641625665025,1.030340547178846,1.2588775287393317,60,"v20260326-204532-4583"
3146,"2026-03-27 15:32:25.360545+00","2026-03-27 15:33:25.360545+00",0.11202648340595352,50.671875,6.48,0.07317494114612107,0.11821951219510154,60,"v20260326-204532-4583"
3147,"2026-03-27 15:32:30.332778+00","2026-03-27 15:33:30.332778+00",0.11202648340595352,50.671875,2.5601024040961637,0.03625094139341734,0.11821951219510154,60,"v20260326-204532-4583"
3148,"2026-03-27 15:32:35.346049+00","2026-03-27 15:33:35.346049+00",0.11202648340595352,50.671875,2.36,0.06203285323425827,0.07660821422762905,60,"v20260326-204532-4583"
3149,"2026-03-27 15:32:45.399211+00","2026-03-27 15:33:45.399211+00",0.11613826066677307,50.67578125,2.3599056037758492,0.09176782885325448,0.03140352134304721,60,"v20260326-204532-4583"
3150,"2026-03-27 15:32:50.336028+00","2026-03-27 15:33:50.336028+00",0.08248719963857558,50.67578125,4.919803207871685,0.18523160229679864,0.0017585070532203319,60,"v20260326-204532-4583"
3151,"2026-03-27 15:32:55.348304+00","2026-03-27 15:33:55.348304+00",0.7627573575453985,52.4765625,9.440000000000001,1.2238685910124754,0.0017585070532203319,60,"v20260326-204532-4583"
3152,"2026-03-27 15:33:00.337578+00","2026-03-27 15:34:00.337578+00",0.7627573575453985,52.4765625,13.84,1.7437226144339661,0.002322023442268094,60,"v20260326-204532-4583"
3153,"2026-03-27 15:33:15.364863+00","2026-03-27 15:34:15.364863+00",1.2588775287393317,52.00390625,19.24076963078523,1.8997041970843478,0.002547815572296639,60,"v20260326-204532-4583"
3154,"2026-03-27 15:33:20.355182+00","2026-03-27 15:34:20.355182+00",1.2588775287393317,52.00390625,14.679412823487063,0.5910057890120252,0.002386807387776,60,"v20260326-204532-4583"
3155,"2026-03-27 15:33:25.334096+00","2026-03-27 15:34:25.334096+00",0.11821951219510154,50.9375,10.200000000000001,0.05834566919395556,0.002386807387776,60,"v20260326-204532-4583"
3156,"2026-03-27 15:33:30.337268+00","2026-03-27 15:34:30.337268+00",0.11821951219510154,50.9375,5.6000000000000005,0.07005465483373503,0.002386807387776,60,"v20260326-204532-4583"
3157,"2026-03-27 15:33:35.339584+00","2026-03-27 15:34:35.339584+00",0.07660821422762905,50.9375,1.8800000000000001,0.023631377762754046,0.002386807387776,60,"v20260326-204532-4583"
3158,"2026-03-27 15:33:45.381072+00","2026-03-27 15:34:45.381072+00",0.03140352134304721,50.66796875,0.8800352014080564,0.013570071714847762,0.0025035894709727453,60,"v20260326-204532-4583"
3159,"2026-03-27 15:33:55.385461+00","2026-03-27 15:34:55.385461+00",0.0017585070532203319,50.421875,0.32,0.0011060088181799894,0.0023973236180448005,60,"v20260326-204532-4583"
3160,"2026-03-27 15:34:00.335513+00","2026-03-27 15:35:00.335513+00",0.002322023442268094,50.421875,0.28,0.0020252943409136124,0.0023973236180448,60,"v20260326-204532-4583"
3161,"2026-03-27 15:34:05.342452+00","2026-03-27 15:35:05.342452+00",0.0015477447254437981,50.421875,0.32001280051202047,0.0026192333951724936,0.0023973236180448,60,"v20260326-204532-4583"
3162,"2026-03-27 15:34:15.349532+00","2026-03-27 15:35:15.349532+00",0.002547815572296639,50.9140625,0.32,0.00303122884091535,0.0024902541711320785,60,"v20260326-204532-4583"
3163,"2026-03-27 15:34:25.384831+00","2026-03-27 15:35:25.384831+00",0.002386807387776,50.421875,0.31998720051197954,0.002801441865192589,0.0018317479598123857,60,"v20260326-204532-4583"
3164,"2026-03-27 15:34:30.320409+00","2026-03-27 15:35:30.320409+00",0.002386807387776,50.421875,0.28,0.0021601454074748443,0.011318054547389777,60,"v20260326-204532-4583"
3165,"2026-03-27 15:34:35.333367+00","2026-03-27 15:35:35.333367+00",0.002386807387776,50.421875,0.32,0.002786432074518457,0.011318054547389777,60,"v20260326-204532-4583"
3166,"2026-03-27 15:34:45.371071+00","2026-03-27 15:35:45.371071+00",0.0025035894709727453,50.421875,0.31998720051197954,0.002738239801396397,0.10766166879066262,60,"v20260326-204532-4583"
3167,"2026-03-27 15:34:50.331138+00","2026-03-27 15:35:50.331138+00",0.0025035894709727453,50.421875,0.2800112004480179,0.002233141420701435,0.10766166879066262,60,"v20260326-204532-4583"
3168,"2026-03-27 15:34:55.331751+00","2026-03-27 15:35:55.331751+00",0.0023973236180448005,50.421875,0.32,0.0027301502149555622,0.15789608045377562,60,"v20260326-204532-4583"
3169,"2026-03-27 15:35:00.32118+00","2026-03-27 15:36:00.32118+00",0.0023973236180448,50.421875,0.2799888004479821,0.002335352950211123,0.2161282298495811,60,"v20260326-204532-4583"
3170,"2026-03-27 15:35:05.337732+00","2026-03-27 15:36:05.337732+00",0.0023973236180448,50.421875,0.32,0.0028381991443500905,0.13564928132792542,60,"v20260326-204532-4583"
3171,"2026-03-27 15:35:15.36521+00","2026-03-27 15:36:15.36521+00",0.0024902541711320785,50.421875,0.32,0.00275122357041398,0.3294279962351033,60,"v20260326-204532-4583"
3172,"2026-03-27 15:35:20.322379+00","2026-03-27 15:36:20.322379+00",0.0018317479598123857,50.421875,0.28,0.0020278639862323184,0.4668843381667909,60,"v20260326-204532-4583"
3173,"2026-03-27 15:35:35.409991+00","2026-03-27 15:36:35.409991+00",0.011318054547389777,50.66796875,0.72,0.010631537060560326,0.3182828347339375,60,"v20260326-204532-4583"
3174,"2026-03-27 15:35:45.384354+00","2026-03-27 15:36:45.384354+00",0.10766166879066262,51.1796875,1.6800000000000002,0.0707066687339388,0.6084429315395542,60,"v20260326-204532-4583"
3175,"2026-03-27 15:35:50.334212+00","2026-03-27 15:36:50.334212+00",0.10766166879066262,51.1796875,2.4400000000000004,0.18997847580039273,0.7352476789457764,60,"v20260326-204532-4583"
3176,"2026-03-27 15:35:55.341454+00","2026-03-27 15:36:55.341454+00",0.15789608045377562,51.6796875,3.28,0.2691344274894274,0.7352476789457764,60,"v20260326-204532-4583"
3177,"2026-03-27 15:36:00.345196+00","2026-03-27 15:37:00.345196+00",0.2161282298495811,51.6796875,4.0,0.33140179089519883,0.7352476789457764,60,"v20260326-204532-4583"
3178,"2026-03-27 15:36:05.33703+00","2026-03-27 15:37:05.33703+00",0.13564928132792542,51.6796875,4.680000000000001,0.274473185538491,0.7861189614811286,60,"v20260326-204532-4583"
3179,"2026-03-27 15:36:15.388744+00","2026-03-27 15:37:15.388744+00",0.3294279962351033,51.21484375,6.239750409983602,0.31544131981499907,0.6129036561544057,60,"v20260326-204532-4583"
3180,"2026-03-27 15:36:25.412774+00","2026-03-27 15:37:25.412774+00",0.4668843381667909,51.4453125,7.840000000000001,0.38759809053829913,0.96822829333611,60,"v20260326-204532-4583"
3181,"2026-03-27 15:36:30.320782+00","2026-03-27 15:37:30.320782+00",0.4668843381667909,51.4453125,8.639999999999999,0.3948567865051634,0.96822829333611,60,"v20260326-204532-4583"
3182,"2026-03-27 15:36:35.350843+00","2026-03-27 15:37:35.350843+00",0.3182828347339375,51.4453125,9.48,0.34481343626258437,0.7494276989959684,60,"v20260326-204532-4583"
3183,"2026-03-27 15:36:45.398066+00","2026-03-27 15:37:45.398066+00",0.6084429315395542,52.46875,11.08,0.5630434171911071,1.1061663453815036,60,"v20260326-204532-4583"
3184,"2026-03-27 15:36:55.394424+00","2026-03-27 15:37:55.394424+00",0.7352476789457764,51.47265625,12.32,0.7391992173127606,1.2058265966873682,60,"v20260326-204532-4583"
3185,"2026-03-27 15:37:00.338122+00","2026-03-27 15:38:00.338122+00",0.7352476789457764,51.47265625,12.959999999999999,0.7786956689382581,1.2058265966873682,60,"v20260326-204532-4583"
3186,"2026-03-27 15:37:05.385074+00","2026-03-27 15:38:05.385074+00",0.7861189614811286,51.9765625,13.880555222208889,0.809741679735971,1.330106868983491,60,"v20260326-204532-4583"
3187,"2026-03-27 15:37:10.345633+00","2026-03-27 15:38:10.345633+00",0.6745566025199201,51.9765625,14.400576023040921,0.7569780192128261,1.3301068689834912,60,"v20260326-204532-4583"
3188,"2026-03-27 15:37:15.3162+00","2026-03-27 15:38:15.3162+00",0.6129036561544057,51.9765625,15.32,0.807600442288345,0.9493416092891503,60,"v20260326-204532-4583"
3189,"2026-03-27 15:37:20.337611+00","2026-03-27 15:38:20.337611+00",0.4709141906548604,51.9765625,16.240000000000002,0.6910722873223475,1.4566059195830352,60,"v20260326-204532-4583"
3190,"2026-03-27 15:37:25.361237+00","2026-03-27 15:38:25.361237+00",0.96822829333611,51.98828125,16.999320027198912,0.9773994792744565,1.4566059195830352,60,"v20260326-204532-4583"
3191,"2026-03-27 15:37:30.327562+00","2026-03-27 15:38:30.327562+00",0.96822829333611,51.98828125,17.8,0.9499114296787579,1.4566059195830352,60,"v20260326-204532-4583"
3192,"2026-03-27 15:37:35.34495+00","2026-03-27 15:38:35.34495+00",0.7494276989959684,51.50390625,18.519259229630816,0.8646956728021188,1.5397884860629778,60,"v20260326-204532-4583"
3193,"2026-03-27 15:37:40.336711+00","2026-03-27 15:38:40.336711+00",1.1061663453815036,51.50390625,19.000760030401217,0.9554812250141731,1.1738320892086769,60,"v20260326-204532-4583"
3194,"2026-03-27 15:37:45.348777+00","2026-03-27 15:38:45.348777+00",1.1061663453815036,51.50390625,19.8,1.079630364966634,1.5603369909016354,60,"v20260326-204532-4583"
3195,"2026-03-27 15:37:50.329297+00","2026-03-27 15:38:50.329297+00",0.7220685180535327,51.50390625,20.400816032641305,0.9929216818711472,1.5757550406671186,60,"v20260326-204532-4583"
3196,"2026-03-27 15:37:55.359375+00","2026-03-27 15:38:55.359375+00",1.2058265966873682,52.0234375,21.04,1.1708165330785443,1.5757550406671186,60,"v20260326-204532-4583"
3197,"2026-03-27 15:38:00.338747+00","2026-03-27 15:39:00.338747+00",1.2058265966873682,52.0234375,21.8408736349454,1.2221630116277644,1.6134788666248736,60,"v20260326-204532-4583"
3198,"2026-03-27 15:38:05.328183+00","2026-03-27 15:39:05.328183+00",1.330106868983491,52.25,22.84,1.3185284999938471,1.6134788666248736,60,"v20260326-204532-4583"
3199,"2026-03-27 15:38:10.328728+00","2026-03-27 15:39:10.328728+00",1.3301068689834912,52.25,23.16,1.3357048684381638,1.1387933840638358,60,"v20260326-204532-4583"
3200,"2026-03-27 15:38:15.328415+00","2026-03-27 15:39:15.328415+00",0.9493416092891503,52.25,24.07903683852646,1.2598830559795184,1.571386795783551,60,"v20260326-204532-4583"
3201,"2026-03-27 15:38:25.425662+00","2026-03-27 15:39:25.425662+00",1.4566059195830352,52.01953125,25.598976040958362,1.455936012771589,1.5713867957835508,60,"v20260326-204532-4583"
3202,"2026-03-27 15:38:30.340428+00","2026-03-27 15:39:30.340428+00",1.4566059195830352,52.01953125,25.92,1.4615619797728472,1.6030822523585426,60,"v20260326-204532-4583"
3203,"2026-03-27 15:38:35.345791+00","2026-03-27 15:39:35.345791+00",1.5397884860629778,52.265625,26.76,1.5575865487672593,1.6030822523585426,60,"v20260326-204532-4583"
3204,"2026-03-27 15:38:40.337226+00","2026-03-27 15:39:40.337226+00",1.1738320892086769,52.265625,27.080000000000002,1.4507014895950872,1.6030822523585428,60,"v20260326-204532-4583"
3205,"2026-03-27 15:38:45.330852+00","2026-03-27 15:39:45.330852+00",1.5603369909016354,52.02734375,27.36,1.5452591977026944,1.5872142394402085,60,"v20260326-204532-4583"
3206,"2026-03-27 15:38:50.338398+00","2026-03-27 15:39:50.338398+00",1.5757550406671186,52.02734375,27.401096043841754,1.548618534519451,1.5872142394402085,60,"v20260326-204532-4583"
3207,"2026-03-27 15:38:55.371671+00","2026-03-27 15:39:55.371671+00",1.5757550406671186,52.02734375,27.878884844606215,1.6091000938975213,1.5872142394402085,60,"v20260326-204532-4583"
3208,"2026-03-27 15:39:05.41681+00","2026-03-27 15:40:05.41681+00",1.6134788666248736,51.27734375,27.921116844673787,1.6267704453467837,1.6272097333418076,60,"v20260326-204532-4583"
3209,"2026-03-27 15:39:10.344054+00","2026-03-27 15:40:10.344054+00",1.1387933840638358,51.27734375,27.8,1.4426270409026056,1.6272097333418076,60,"v20260326-204532-4583"
3210,"2026-03-27 15:39:15.399115+00","2026-03-27 15:40:15.399115+00",1.571386795783551,51.265625,27.64,1.5259384576318327,1.6272097333418076,60,"v20260326-204532-4583"
3211,"2026-03-27 15:39:20.331229+00","2026-03-27 15:40:20.331229+00",1.5713867957835508,51.265625,27.48109924396976,1.5259149484819388,1.6207736402367914,60,"v20260326-204532-4583"
3212,"2026-03-27 15:39:35.466447+00","2026-03-27 15:40:35.466447+00",1.6030822523585426,52.76953125,27.48,1.5535940194794675,1.5588887182112519,60,"v20260326-204532-4583"
3213,"2026-03-27 15:39:40.325339+00","2026-03-27 15:40:40.325339+00",1.6030822523585428,52.76953125,27.76,1.6030594156341236,1.558888718211252,60,"v20260326-204532-4583"
3214,"2026-03-27 15:39:45.345597+00","2026-03-27 15:40:45.345597+00",1.5872142394402085,52.03125,27.76,1.6164202326583053,1.5585163480580224,60,"v20260326-204532-4583"
3215,"2026-03-27 15:39:50.330405+00","2026-03-27 15:40:50.330405+00",1.5872142394402085,52.03125,27.720000000000002,1.609505339079468,1.5581813435700724,60,"v20260326-204532-4583"
3216,"2026-03-27 15:39:55.399327+00","2026-03-27 15:40:55.399327+00",1.5872142394402085,52.03125,27.880000000000003,1.6297049038415738,1.5845772170274404,60,"v20260326-204532-4583"
3217,"2026-03-27 15:40:05.373248+00","2026-03-27 15:41:05.373248+00",1.6272097333418076,52.265625,28.04,1.6489211667314414,1.234373442772824,60,"v20260326-204532-4583"
3218,"2026-03-27 15:40:10.344228+00","2026-03-27 15:41:10.344228+00",1.6272097333418076,52.265625,28.040000000000003,1.6477458509014111,0.9644418747787318,60,"v20260326-204532-4583"
3219,"2026-03-27 15:40:25.460966+00","2026-03-27 15:41:25.460966+00",1.6207736402367914,52.23828125,28.078876844926203,1.6481586333932963,1.2003334132970227,60,"v20260326-204532-4583"
3220,"2026-03-27 15:40:35.354815+00","2026-03-27 15:41:35.354815+00",1.5588887182112519,51.28515625,27.76,1.6093179377903326,1.6042975289964243,60,"v20260326-204532-4583"
3221,"2026-03-27 15:40:40.342194+00","2026-03-27 15:41:40.342194+00",1.558888718211252,51.28515625,27.8,1.6173507989913092,1.2353675798432266,60,"v20260326-204532-4583"
3222,"2026-03-27 15:40:45.377005+00","2026-03-27 15:41:45.377005+00",1.5585163480580224,52.26953125,27.240000000000002,1.5703543056964306,1.5853967615039377,60,"v20260326-204532-4583"
3223,"2026-03-27 15:40:50.342046+00","2026-03-27 15:41:50.342046+00",1.5581813435700724,52.26953125,27.401096043841754,1.593040616572829,0.9763665955722002,60,"v20260326-204532-4583"
3224,"2026-03-27 15:40:55.337014+00","2026-03-27 15:41:55.337014+00",1.5845772170274404,52.30078125,27.44,1.602169131707655,1.5695907046476307,60,"v20260326-204532-4583"
3225,"2026-03-27 15:41:00.346551+00","2026-03-27 15:42:00.346551+00",1.2350744236725284,52.30078125,27.83888644454222,1.5197999877193842,1.1002307642678342,60,"v20260326-204532-4583"
3226,"2026-03-27 15:41:05.316318+00","2026-03-27 15:42:05.316318+00",1.234373442772824,52.30078125,27.84,1.5218428601875678,1.5484787234043147,60,"v20260326-204532-4583"
3227,"2026-03-27 15:41:10.335283+00","2026-03-27 15:42:10.335283+00",0.9644418747787318,52.30078125,28.080000000000002,1.427663488612308,1.5484787234043147,60,"v20260326-204532-4583"
3228,"2026-03-27 15:41:15.389078+00","2026-03-27 15:42:15.389078+00",1.588463250862104,52.51953125,28.04,1.6285832428663383,1.5484787234043147,60,"v20260326-204532-4583"
3229,"2026-03-27 15:41:20.31742+00","2026-03-27 15:42:20.31742+00",1.588463250862104,52.51953125,27.96,1.542156218764085,1.5717283266778006,60,"v20260326-204532-4583"
3230,"2026-03-27 15:41:25.358207+00","2026-03-27 15:42:25.358207+00",1.2003334132970227,51.7890625,28.081123244929795,1.4011020994957166,1.5717283266778006,60,"v20260326-204532-4583"
3231,"2026-03-27 15:41:30.350261+00","2026-03-27 15:42:30.350261+00",1.6203569374270788,51.7890625,27.92,1.5159096316297096,1.5485011596990221,60,"v20260326-204532-4583"
3232,"2026-03-27 15:41:35.329523+00","2026-03-27 15:42:35.329523+00",1.6042975289964243,52.5,27.84,1.5372368049294716,1.5485011596990221,60,"v20260326-204532-4583"
3233,"2026-03-27 15:41:40.335885+00","2026-03-27 15:42:40.335885+00",1.2353675798432266,52.5,27.92,1.4597575738048572,1.5485011596990224,60,"v20260326-204532-4583"
3234,"2026-03-27 15:41:45.335521+00","2026-03-27 15:42:45.335521+00",1.5853967615039377,52.5,27.52,1.5436690549670113,1.5485011596990224,60,"v20260326-204532-4583"
3235,"2026-03-27 15:41:50.342954+00","2026-03-27 15:42:50.342954+00",0.9763665955722002,52.5,27.080000000000002,1.271403707297883,1.4367222046647845,60,"v20260326-204532-4583"
3236,"2026-03-27 15:41:55.388606+00","2026-03-27 15:42:55.388606+00",1.5695907046476307,51.546875,27.12,1.459908908768977,1.4367222046647845,60,"v20260326-204532-4583"
3237,"2026-03-27 15:42:00.33719+00","2026-03-27 15:43:00.33719+00",1.1002307642678342,51.546875,27.12,1.2993272768886674,1.4367222046647845,60,"v20260326-204532-4583"
3238,"2026-03-27 15:42:05.332791+00","2026-03-27 15:43:05.332791+00",1.5484787234043147,52.50390625,26.880000000000003,1.448061674060395,1.4367222046647845,60,"v20260326-204532-4583"
3239,"2026-03-27 15:42:10.332113+00","2026-03-27 15:43:10.332113+00",1.5484787234043147,52.50390625,27.360000000000003,1.5475187472555825,1.2907124608833467,60,"v20260326-204532-4583"
3240,"2026-03-27 15:42:15.382146+00","2026-03-27 15:43:15.382146+00",1.5484787234043147,52.50390625,27.560000000000002,1.585287131054665,1.2907124608833467,60,"v20260326-204532-4583"
3241,"2026-03-27 15:42:25.376417+00","2026-03-27 15:43:25.376417+00",1.5717283266778006,52.26953125,27.318907243710253,1.5629953555528786,1.0868772438117815,60,"v20260326-204532-4583"
3242,"2026-03-27 15:42:35.413356+00","2026-03-27 15:43:35.413356+00",1.5485011596990221,52.01953125,27.04,1.538695065695639,1.0868772438117815,60,"v20260326-204532-4583"
3243,"2026-03-27 15:42:40.338258+00","2026-03-27 15:43:40.338258+00",1.5485011596990224,52.01953125,26.840000000000003,1.5304388373835405,0.9480350763426992,60,"v20260326-204532-4583"
3244,"2026-03-27 15:42:55.446418+00","2026-03-27 15:43:55.446418+00",1.4367222046647845,51.99609375,25.441017640705628,1.4199671411503199,0.5591425294885465,60,"v20260326-204532-4583"
3245,"2026-03-27 15:43:00.331793+00","2026-03-27 15:44:00.331793+00",1.4367222046647845,51.99609375,24.880000000000003,1.405428576536706,0.8361843366145608,60,"v20260326-204532-4583"
3246,"2026-03-27 15:43:15.457073+00","2026-03-27 15:44:15.457073+00",1.2907124608833467,52.02734375,22.560000000000002,1.2262571399385664,0.7366836424689176,60,"v20260326-204532-4583"
3247,"2026-03-27 15:43:25.432308+00","2026-03-27 15:44:25.432308+00",1.0868772438117815,51.98828125,21.039158433662653,1.112531803159853,0.6274453354026058,60,"v20260326-204532-4583"
3248,"2026-03-27 15:43:30.333656+00","2026-03-27 15:44:30.333656+00",1.0868772438117815,51.98828125,20.16,1.1073669191206812,0.46127689574348235,60,"v20260326-204532-4583"
3249,"2026-03-27 15:43:35.30876+00","2026-03-27 15:44:35.30876+00",1.0868772438117815,51.98828125,19.28,1.0870853265894678,0.5384190446889252,60,"v20260326-204532-4583"
3250,"2026-03-27 15:43:45.409254+00","2026-03-27 15:44:45.409254+00",0.9480350763426992,51.734375,17.52,0.9470704968348017,0.4962905147657847,60,"v20260326-204532-4583"
3251,"2026-03-27 15:43:50.314815+00","2026-03-27 15:44:50.314815+00",0.9480350763426992,51.734375,16.68,0.9230312203456253,0.4432689254598068,60,"v20260326-204532-4583"
3252,"2026-03-27 15:43:55.318687+00","2026-03-27 15:44:55.318687+00",0.5591425294885465,51.71875,15.8,0.7339855505015743,0.29174483110679617,60,"v20260326-204532-4583"
3253,"2026-03-27 15:44:00.338761+00","2026-03-27 15:45:00.338761+00",0.8361843366145608,51.71875,15.319387224511022,0.7902508607346922,0.32478454081946645,60,"v20260326-204532-4583"
3254,"2026-03-27 15:44:05.341621+00","2026-03-27 15:45:05.341621+00",0.7842997873848236,51.47265625,14.679412823487061,0.7478812954035394,0.32478454081946645,60,"v20260326-204532-4583"
3255,"2026-03-27 15:44:10.320494+00","2026-03-27 15:45:10.320494+00",0.7842997873848236,51.47265625,13.76,0.7164820797951482,0.21278942614988194,60,"v20260326-204532-4583"
3256,"2026-03-27 15:44:15.352821+00","2026-03-27 15:45:15.352821+00",0.7366836424689176,51.47265625,13.28053122124885,0.7120600990699919,0.21278942614988194,60,"v20260326-204532-4583"
3257,"2026-03-27 15:44:20.343876+00","2026-03-27 15:45:20.343876+00",0.5135176110436669,51.47265625,12.52,0.6161665530047589,0.21278942614988194,60,"v20260326-204532-4583"
3258,"2026-03-27 15:44:25.335811+00","2026-03-27 15:45:25.335811+00",0.6274453354026058,51.45703125,11.760470418816753,0.6131515315536114,0.21278942614988194,60,"v20260326-204532-4583"
3259,"2026-03-27 15:44:30.331641+00","2026-03-27 15:45:30.331641+00",0.46127689574348235,51.45703125,11.2,0.5416024337821184,0.07629651813335153,60,"v20260326-204532-4583"
3260,"2026-03-27 15:44:35.387786+00","2026-03-27 15:45:35.387786+00",0.5384190446889252,52.20703125,10.68,0.5455982793611843,0.07629651813335153,60,"v20260326-204532-4583"
3261,"2026-03-27 15:44:40.334878+00","2026-03-27 15:45:40.334878+00",0.5384190446889252,52.20703125,9.639999999999999,0.48662836938175796,0.002488221016553363,60,"v20260326-204532-4583"
3262,"2026-03-27 15:44:45.333401+00","2026-03-27 15:45:45.333401+00",0.4962905147657847,51.93359375,9.040000000000001,0.4594204231972489,0.002488221016553363,60,"v20260326-204532-4583"
3263,"2026-03-27 15:44:50.337697+00","2026-03-27 15:45:50.337697+00",0.4432689254598068,51.93359375,8.08,0.41382326980858625,0.0024882210165533634,60,"v20260326-204532-4583"
3264,"2026-03-27 15:44:55.372312+00","2026-03-27 15:45:55.372312+00",0.29174483110679617,51.93359375,7.44,0.346786531329295,0.001747809382727634,60,"v20260326-204532-4583"
3265,"2026-03-27 15:45:05.387506+00","2026-03-27 15:46:05.387506+00",0.32478454081946645,50.9453125,6.08,0.2868212846141227,0.0025335559896233133,60,"v20260326-204532-4583"
3266,"2026-03-27 15:45:15.401042+00","2026-03-27 15:46:15.401042+00",0.21278942614988194,51.421875,4.680000000000001,0.19689313058655025,0.0025533943261533036,60,"v20260326-204532-4583"
3267,"2026-03-27 15:45:20.337272+00","2026-03-27 15:46:20.337272+00",0.21278942614988194,51.421875,3.8401536061442454,0.17871014864930437,0.0025533943261533036,60,"v20260326-204532-4583"
3268,"2026-03-27 15:45:25.339032+00","2026-03-27 15:46:25.339032+00",0.21278942614988194,51.421875,3.08,0.16506519127514155,0.0017819474782486805,60,"v20260326-204532-4583"
3269,"2026-03-27 15:45:35.396727+00","2026-03-27 15:46:35.396727+00",0.07629651813335153,50.671875,1.52,0.04984232692026345,0.0015180169973730573,60,"v20260326-204532-4583"
3270,"2026-03-27 15:45:45.384561+00","2026-03-27 15:46:45.384561+00",0.002488221016553363,50.421875,0.6000000000000001,0.0019348873560069665,0.002408368644020842,60,"v20260326-204532-4583"
3271,"2026-03-27 15:45:50.334588+00","2026-03-27 15:46:50.334588+00",0.0024882210165533634,50.421875,0.360014400576023,0.0017735098285921126,0.0018733494507881642,60,"v20260326-204532-4583"
3272,"2026-03-27 15:45:55.329555+00","2026-03-27 15:46:55.329555+00",0.001747809382727634,50.421875,0.32,0.002046282668469888,0.0018733494507881642,60,"v20260326-204532-4583"
3273,"2026-03-27 15:46:05.367721+00","2026-03-27 15:47:05.367721+00",0.0025335559896233133,50.9140625,0.31998720051197954,0.002617315839773212,0.0024992193919757405,60,"v20260326-204532-4583"
3274,"2026-03-27 15:46:15.366526+00","2026-03-27 15:47:15.366526+00",0.0025533943261533036,50.921875,0.31998720051197954,0.002415380855395463,0.0024664058513736275,60,"v20260326-204532-4583"
3275,"2026-03-27 15:46:20.334081+00","2026-03-27 15:47:20.334081+00",0.0025533943261533036,50.921875,0.28,0.0021037570691864607,0.0018310397525036336,60,"v20260326-204532-4583"
3276,"2026-03-27 15:46:25.334638+00","2026-03-27 15:47:25.334638+00",0.0017819474782486805,50.421875,0.32001280051202047,0.002378265651304894,0.005109258636426005,60,"v20260326-204532-4583"
3277,"2026-03-27 15:46:30.339404+00","2026-03-27 15:47:30.339404+00",0.002381327646998103,50.421875,0.2800112004480179,0.0023051470082846312,0.005109258636426005,60,"v20260326-204532-4583"
3278,"2026-03-27 15:46:35.311222+00","2026-03-27 15:47:35.311222+00",0.0015180169973730573,50.421875,0.32,0.002106382929841823,0.005993578659220981,60,"v20260326-204532-4583"
3279,"2026-03-27 15:46:45.373517+00","2026-03-27 15:47:45.373517+00",0.002408368644020842,50.42578125,0.32,0.002373730326372375,0.05671632862348804,60,"v20260326-204532-4583"
3280,"2026-03-27 15:46:55.380238+00","2026-03-27 15:47:55.380238+00",0.0018733494507881642,50.671875,0.32,0.0021802447373307377,0.041056727148840025,60,"v20260326-204532-4583"
3281,"2026-03-27 15:47:00.327604+00","2026-03-27 15:48:00.327604+00",0.0024434992836367356,50.671875,0.2799888004479821,0.0020710298476484274,0.05804301569073306,60,"v20260326-204532-4583"
3282,"2026-03-27 15:47:05.318004+00","2026-03-27 15:48:05.318004+00",0.0024992193919757405,50.42578125,0.32,0.0026405500154914052,0.05804301569073306,60,"v20260326-204532-4583"
3283,"2026-03-27 15:47:10.329146+00","2026-03-27 15:48:10.329146+00",0.0025464621926081436,50.42578125,0.28,0.0022940777527158114,0.038537660267862206,60,"v20260326-204532-4583"
3284,"2026-03-27 15:47:15.303768+00","2026-03-27 15:48:15.303768+00",0.0024664058513736275,50.42578125,0.31998720051197954,0.0028076960453302146,0.053831625573760304,60,"v20260326-204532-4583"
3285,"2026-03-27 15:47:20.337162+00","2026-03-27 15:48:20.337162+00",0.0018310397525036336,50.42578125,0.28,0.002193590341773862,0.053831625573760304,60,"v20260326-204532-4583"
3286,"2026-03-27 15:47:25.390346+00","2026-03-27 15:48:25.390346+00",0.005109258636426005,50.92578125,0.32001280051202047,0.004387747843525841,0.053831625573760304,60,"v20260326-204532-4583"
3287,"2026-03-27 15:47:30.341132+00","2026-03-27 15:48:30.341132+00",0.005109258636426005,50.92578125,0.3999840006399744,0.006703158704109955,0.05942968015047683,60,"v20260326-204532-4583"
3288,"2026-03-27 15:47:35.362906+00","2026-03-27 15:48:35.362906+00",0.005993578659220981,50.92578125,0.6799999999999999,0.012544971291453023,0.05942968015047683,60,"v20260326-204532-4583"
3289,"2026-03-27 15:47:40.325638+00","2026-03-27 15:48:40.325638+00",0.0046923780638112545,50.92578125,0.8,0.010084657384303227,0.042099985418597795,60,"v20260326-204532-4583"
3290,"2026-03-27 15:47:45.324213+00","2026-03-27 15:48:45.324213+00",0.05671632862348804,50.4296875,1.04,0.09064018050531493,0.05800476856042536,60,"v20260326-204532-4583"
3291,"2026-03-27 15:47:50.338297+00","2026-03-27 15:48:50.338297+00",0.05671632862348804,50.4296875,1.1999520019199232,0.07646987427442992,0.05800476856042536,60,"v20260326-204532-4583"
3292,"2026-03-27 15:47:55.341879+00","2026-03-27 15:48:55.341879+00",0.041056727148840025,50.4296875,1.3200528021120843,0.061380282034587216,0.05480192786066101,60,"v20260326-204532-4583"
3293,"2026-03-27 15:48:00.33143+00","2026-03-27 15:49:00.33143+00",0.05804301569073306,50.4296875,1.1999520019199232,0.040212120852054986,0.054801927860661015,60,"v20260326-204532-4583"
3294,"2026-03-27 15:48:05.334506+00","2026-03-27 15:49:05.334506+00",0.05804301569073306,50.4296875,1.28,0.044816837462731914,0.05480192786066101,60,"v20260326-204532-4583"
3295,"2026-03-27 15:48:10.328368+00","2026-03-27 15:49:10.328368+00",0.038537660267862206,50.4296875,1.2000000000000002,0.03617525194174976,0.055631303796812484,60,"v20260326-204532-4583"
3296,"2026-03-27 15:48:15.361079+00","2026-03-27 15:49:15.361079+00",0.053831625573760304,50.921875,1.2400496019840792,0.04787573680417695,0.055631303796812484,60,"v20260326-204532-4583"
3297,"2026-03-27 15:48:20.336795+00","2026-03-27 15:49:20.336795+00",0.053831625573760304,50.921875,1.2399504019839207,0.050775516120902364,0.055631303796812484,60,"v20260326-204532-4583"
3298,"2026-03-27 15:48:35.442688+00","2026-03-27 15:49:35.442688+00",0.05942968015047683,50.921875,1.32,0.06090640207977972,0.05190103092779693,60,"v20260326-204532-4583"
3299,"2026-03-27 15:48:40.34222+00","2026-03-27 15:49:40.34222+00",0.042099985418597795,50.921875,1.32,0.05425594186357382,0.05190103092779693,60,"v20260326-204532-4583"
3300,"2026-03-27 15:48:45.361907+00","2026-03-27 15:49:45.361907+00",0.05800476856042536,50.6796875,1.3200528021120843,0.05808698442963554,0.05724688609009458,60,"v20260326-204532-4583"
3301,"2026-03-27 15:48:50.332565+00","2026-03-27 15:49:50.332565+00",0.05800476856042536,50.6796875,1.3199472021119156,0.057730341116415354,0.05724688609009457,60,"v20260326-204532-4583"
3302,"2026-03-27 15:48:55.332432+00","2026-03-27 15:49:55.332432+00",0.05480192786066101,50.68359375,1.32,0.057595774332570834,0.05724688609009457,60,"v20260326-204532-4583"
3303,"2026-03-27 15:49:00.338705+00","2026-03-27 15:50:00.338705+00",0.054801927860661015,50.68359375,1.2799488020479182,0.055256800544315095,0.4602419983938851,60,"v20260326-204532-4583"
3304,"2026-03-27 15:49:05.337646+00","2026-03-27 15:50:05.337646+00",0.05480192786066101,50.68359375,1.24,0.053077784785289975,0.4602419983938851,60,"v20260326-204532-4583"
3305,"2026-03-27 15:49:15.413113+00","2026-03-27 15:50:15.413113+00",0.055631303796812484,50.67578125,1.2000480019200768,0.05165451757186489,1.504160018937238,60,"v20260326-204532-4583"
3306,"2026-03-27 15:49:20.326189+00","2026-03-27 15:50:20.326189+00",0.055631303796812484,50.67578125,1.1599536018559258,0.05114302918571825,1.504160018937238,60,"v20260326-204532-4583"
3307,"2026-03-27 15:49:35.433501+00","2026-03-27 15:50:35.433501+00",0.05190103092779693,50.42578125,1.2,0.055241425758006626,1.067299967917848,60,"v20260326-204532-4583"
3308,"2026-03-27 15:49:40.324222+00","2026-03-27 15:50:40.324222+00",0.05190103092779693,50.42578125,1.1600000000000001,0.05392044598290327,1.0672999679178479,60,"v20260326-204532-4583"
3309,"2026-03-27 15:49:45.349521+00","2026-03-27 15:50:45.349521+00",0.05724688609009458,50.92578125,1.28,0.06419586635916733,1.0672999679178479,60,"v20260326-204532-4583"
3310,"2026-03-27 15:49:50.334571+00","2026-03-27 15:50:50.334571+00",0.05724688609009457,50.92578125,1.28,0.06214812823850986,0.05928639948841055,60,"v20260326-204532-4583"
3311,"2026-03-27 15:49:55.33404+00","2026-03-27 15:50:55.33404+00",0.05724688609009457,50.92578125,1.3199472021119156,0.06335557601169138,0.05928639948841055,60,"v20260326-204532-4583"
3312,"2026-03-27 15:50:05.415424+00","2026-03-27 15:51:05.415424+00",0.4602419983938851,51.98828125,9.64,0.9314108246853342,0.050868525666871375,60,"v20260326-204532-4583"
3313,"2026-03-27 15:50:10.342805+00","2026-03-27 15:51:10.342805+00",0.4602419983938851,51.98828125,14.640585623424936,1.0634710627665611,0.050868525666871375,60,"v20260326-204532-4583"
3314,"2026-03-27 15:50:15.319049+00","2026-03-27 15:51:15.319049+00",1.504160018937238,51.7578125,19.6,1.6180085029984486,0.050868525666871375,60,"v20260326-204532-4583"
3315,"2026-03-27 15:50:20.340273+00","2026-03-27 15:51:20.340273+00",1.504160018937238,51.7578125,24.680000000000003,1.8071359229820847,0.04899269788175065,60,"v20260326-204532-4583"
3316,"2026-03-27 15:50:25.398953+00","2026-03-27 15:51:25.398953+00",1.504160018937238,51.7578125,26.641065642625705,1.7958980369267519,0.04899269788175065,60,"v20260326-204532-4583"
3317,"2026-03-27 15:50:35.35478+00","2026-03-27 15:51:35.35478+00",1.067299967917848,51.2265625,20.720000000000002,1.1654563298254996,0.053451268217456785,60,"v20260326-204532-4583"
3318,"2026-03-27 15:50:40.34142+00","2026-03-27 15:51:40.34142+00",1.0672999679178479,51.2265625,15.719999999999999,0.8916682446851432,0.04332834724006736,60,"v20260326-204532-4583"
3319,"2026-03-27 15:50:55.449948+00","2026-03-27 15:51:55.449948+00",0.05928639948841055,50.921875,1.5600624024960996,0.03613725440656635,0.055184658428520134,60,"v20260326-204532-4583"
3320,"2026-03-27 15:51:15.404958+00","2026-03-27 15:52:15.404958+00",0.050868525666871375,51.171875,1.2,0.04370835666006692,0.05484412229085407,60,"v20260326-204532-4583"
3321,"2026-03-27 15:51:25.399347+00","2026-03-27 15:52:25.399347+00",0.04899269788175065,50.42578125,1.1999520019199232,0.05918716531397162,0.055754211203778464,60,"v20260326-204532-4583"
3322,"2026-03-27 15:51:30.33042+00","2026-03-27 15:52:30.33042+00",0.048992697881750646,50.42578125,1.2000000000000002,0.0664675552751517,0.055754211203778464,60,"v20260326-204532-4583"
3323,"2026-03-27 15:51:35.333737+00","2026-03-27 15:52:35.333737+00",0.053451268217456785,50.67578125,1.28,0.06849384868176386,1.1993593397290154,60,"v20260326-204532-4583"
3324,"2026-03-27 15:51:40.327823+00","2026-03-27 15:52:40.327823+00",0.04332834724006736,50.67578125,1.2000000000000002,0.05067551825064212,1.199359339729015,60,"v20260326-204532-4583"
3325,"2026-03-27 15:51:45.336012+00","2026-03-27 15:52:45.336012+00",0.06099434175787249,50.67578125,1.28,0.05558278416494193,1.199359339729015,60,"v20260326-204532-4583"
3326,"2026-03-27 15:51:50.322339+00","2026-03-27 15:52:50.322339+00",0.04043924858546946,50.67578125,1.2400496019840794,0.04699914445614354,1.611177147319114,60,"v20260326-204532-4583"
3327,"2026-03-27 15:51:55.360624+00","2026-03-27 15:52:55.360624+00",0.055184658428520134,50.92578125,1.2799488020479182,0.05471474459674532,1.611177147319114,60,"v20260326-204532-4583"
3328,"2026-03-27 15:52:00.333544+00","2026-03-27 15:53:00.333544+00",0.05518465842852015,50.92578125,1.24,0.05313972426631999,1.6111771473191137,60,"v20260326-204532-4583"
3329,"2026-03-27 15:52:05.345875+00","2026-03-27 15:53:05.345875+00",0.05484412229085407,50.921875,1.2799488020479182,0.05717310253491623,1.6111771473191137,60,"v20260326-204532-4583"
3330,"2026-03-27 15:52:10.310335+00","2026-03-27 15:53:10.310335+00",0.05484412229085407,50.921875,1.2000000000000002,0.052191900306305036,1.4353950887964206,60,"v20260326-204532-4583"
3331,"2026-03-27 15:52:15.319839+00","2026-03-27 15:53:15.319839+00",0.05484412229085407,50.921875,1.2399504019839207,0.055876951601616674,1.4353950887964206,60,"v20260326-204532-4583"
3332,"2026-03-27 15:52:25.398451+00","2026-03-27 15:53:25.398451+00",0.055754211203778464,50.42578125,1.24,0.056438672818648,0.086619686031781,60,"v20260326-204532-4583"
3333,"2026-03-27 15:52:30.337938+00","2026-03-27 15:53:30.337938+00",0.055754211203778464,50.42578125,4.320172806912277,0.14764436938596717,0.086619686031781,60,"v20260326-204532-4583"
3334,"2026-03-27 15:52:35.342196+00","2026-03-27 15:53:35.342196+00",1.1993593397290154,51.78515625,9.64,2.4200599521941024,0.086619686031781,60,"v20260326-204532-4583"
3335,"2026-03-27 15:52:40.323125+00","2026-03-27 15:53:40.323125+00",1.199359339729015,51.78515625,14.760590423616943,2.2059978334062214,0.058278393034545135,60,"v20260326-204532-4583"
3336,"2026-03-27 15:52:45.416759+00","2026-03-27 15:53:45.416759+00",1.199359339729015,51.78515625,20.28,2.3235814320042083,0.058278393034545135,60,"v20260326-204532-4583"
3337,"2026-03-27 15:52:55.380784+00","2026-03-27 15:53:55.380784+00",1.611177147319114,51.2890625,28.080000000000002,2.6318764684049274,0.05927976438379863,60,"v20260326-204532-4583"
3338,"2026-03-27 15:53:00.328434+00","2026-03-27 15:54:00.328434+00",1.6111771473191137,51.2890625,28.0,1.6942026479746546,0.059279764383798624,60,"v20260326-204532-4583"
3339,"2026-03-27 15:53:15.444258+00","2026-03-27 15:54:15.444258+00",1.4353950887964206,50.53515625,22.12,0.7890829118780647,0.062469924080319206,60,"v20260326-204532-4583"
3340,"2026-03-27 15:53:20.338083+00","2026-03-27 15:54:20.338083+00",1.4353950887964206,50.53515625,16.6,0.6141974540638026,0.03976002434632049,60,"v20260326-204532-4583"
3341,"2026-03-27 15:53:25.316801+00","2026-03-27 15:54:25.316801+00",0.086619686031781,51.17578125,11.439542418303269,0.055428378427733856,0.05403374885979874,60,"v20260326-204532-4583"
3342,"2026-03-27 15:53:30.334473+00","2026-03-27 15:54:30.334473+00",0.086619686031781,51.17578125,5.92,0.034065730705037545,0.05403374885979874,60,"v20260326-204532-4583"
3343,"2026-03-27 15:53:35.326636+00","2026-03-27 15:54:35.326636+00",0.086619686031781,51.17578125,1.6400000000000001,0.03551088801344651,0.05403374885979874,60,"v20260326-204532-4583"
3344,"2026-03-27 15:53:45.381655+00","2026-03-27 15:54:45.381655+00",0.058278393034545135,50.921875,1.32,0.04206213266040162,0.0583642826674274,60,"v20260326-204532-4583"
3345,"2026-03-27 15:53:50.336707+00","2026-03-27 15:54:50.336707+00",0.058278393034545135,50.921875,1.28,0.057415371904325815,0.0583642826674274,60,"v20260326-204532-4583"
3346,"2026-03-27 15:53:55.356804+00","2026-03-27 15:54:55.356804+00",0.05927976438379863,50.67578125,1.359945602175913,0.07257196297677651,0.05402173913047417,60,"v20260326-204532-4583"
3347,"2026-03-27 15:54:00.338246+00","2026-03-27 15:55:00.338246+00",0.059279764383798624,50.67578125,1.36,0.07286635457362603,0.05402173913047417,60,"v20260326-204532-4583"
3348,"2026-03-27 15:54:05.336891+00","2026-03-27 15:55:05.336891+00",0.06049004837338735,50.42578125,1.4000000000000001,0.07121698043642774,0.05402173913047417,60,"v20260326-204532-4583"
3349,"2026-03-27 15:54:10.310622+00","2026-03-27 15:55:10.310622+00",0.04468057203304696,50.42578125,1.3199472021119156,0.05679723215751351,0.44915274130001176,60,"v20260326-204532-4583"
3350,"2026-03-27 15:54:15.319377+00","2026-03-27 15:55:15.319377+00",0.062469924080319206,50.42578125,1.360054402176087,0.06060744545780643,0.44915274130001176,60,"v20260326-204532-4583"
3351,"2026-03-27 15:54:20.334674+00","2026-03-27 15:55:20.334674+00",0.03976002434632049,50.42578125,1.3200528021120845,0.04818915474044017,0.33478348160698546,60,"v20260326-204532-4583"
3352,"2026-03-27 15:54:25.335372+00","2026-03-27 15:55:25.335372+00",0.05403374885979874,50.42578125,1.28,0.05190949977689317,1.3886596612683957,60,"v20260326-204532-4583"
3353,"2026-03-27 15:54:30.316951+00","2026-03-27 15:55:30.316951+00",0.05403374885979874,50.42578125,1.2000000000000002,0.04768457363923646,1.3886596612683957,60,"v20260326-204532-4583"
3354,"2026-03-27 15:54:45.436782+00","2026-03-27 15:55:45.436782+00",0.0583642826674274,50.42578125,1.28,0.05745185024243948,0.787535205275501,60,"v20260326-204532-4583"
3355,"2026-03-27 15:54:50.329624+00","2026-03-27 15:55:50.329624+00",0.0583642826674274,50.42578125,1.24,0.055667906309081555,0.787535205275501,60,"v20260326-204532-4583"
3356,"2026-03-27 15:54:55.332522+00","2026-03-27 15:55:55.332522+00",0.05402173913047417,50.671875,1.2799488020479182,0.05882611837080393,0.04889573851875144,60,"v20260326-204532-4583"
3357,"2026-03-27 15:55:00.32938+00","2026-03-27 15:56:00.32938+00",0.05402173913047417,50.671875,1.2400496019840794,0.05695227690369156,0.04889573851875144,60,"v20260326-204532-4583"
3358,"2026-03-27 15:55:05.353801+00","2026-03-27 15:56:05.353801+00",0.05402173913047417,50.671875,1.2399504019839207,0.056828817712265486,0.05034235690231854,60,"v20260326-204532-4583"
3359,"2026-03-27 15:55:15.420938+00","2026-03-27 15:56:15.420938+00",0.44915274130001176,51.99609375,8.76,0.8703476974131645,0.032831244095520594,60,"v20260326-204532-4583"
3360,"2026-03-27 15:55:20.33803+00","2026-03-27 15:56:20.33803+00",0.33478348160698546,51.99609375,13.60054402176087,0.8270538540591454,0.05951056014696897,60,"v20260326-204532-4583"
3361,"2026-03-27 15:55:25.352288+00","2026-03-27 15:56:25.352288+00",1.3886596612683957,52.0078125,18.080000000000002,1.6856965698878796,0.05951056014696897,60,"v20260326-204532-4583"
3362,"2026-03-27 15:55:30.338899+00","2026-03-27 15:56:30.338899+00",1.3886596612683957,52.0078125,22.720908836353455,1.8808569829744348,0.05634489118406096,60,"v20260326-204532-4583"
3363,"2026-03-27 15:55:35.344439+00","2026-03-27 15:56:35.344439+00",1.3886596612683957,52.0078125,23.68,1.6656733767683083,0.05634489118406096,60,"v20260326-204532-4583"
3364,"2026-03-27 15:55:45.341551+00","2026-03-27 15:56:45.341551+00",0.787535205275501,50.94140625,14.360000000000001,0.7227109128948959,0.05634489118406097,60,"v20260326-204532-4583"
3365,"2026-03-27 15:55:50.338488+00","2026-03-27 15:56:50.338488+00",0.787535205275501,50.94140625,9.879999999999999,0.5516344352006548,0.05609028446667195,60,"v20260326-204532-4583"
3366,"2026-03-27 15:55:55.364842+00","2026-03-27 15:56:55.364842+00",0.04889573851875144,50.4296875,5.24,0.043881785092156615,0.05609028446667195,60,"v20260326-204532-4583"
3367,"2026-03-27 15:56:00.338123+00","2026-03-27 15:57:00.338123+00",0.04889573851875144,50.4296875,1.52,0.025070629799259236,0.05609028446667195,60,"v20260326-204532-4583"
3368,"2026-03-27 15:56:05.352168+00","2026-03-27 15:57:05.352168+00",0.05034235690231854,50.4296875,1.2,0.03232789883954702,0.04910478198788687,60,"v20260326-204532-4583"
3369,"2026-03-27 15:56:10.336176+00","2026-03-27 15:57:10.336176+00",0.052057998037294814,50.4296875,1.1999520019199232,0.04858663967067252,0.06429571663916751,60,"v20260326-204532-4583"
3370,"2026-03-27 15:56:15.31841+00","2026-03-27 15:57:15.31841+00",0.032831244095520594,50.4296875,1.24,0.05346221680507419,0.06008620305612743,60,"v20260326-204532-4583"
3371,"2026-03-27 15:56:25.395593+00","2026-03-27 15:57:25.395593+00",0.05951056014696897,50.67578125,1.32,0.06934534371867773,0.038819914330434246,60,"v20260326-204532-4583"
3372,"2026-03-27 15:56:35.411166+00","2026-03-27 15:57:35.411166+00",0.05634489118406096,50.671875,1.36,0.062485441386805216,0.03420346185738532,60,"v20260326-204532-4583"
3373,"2026-03-27 15:56:40.325951+00","2026-03-27 15:57:40.325951+00",0.05634489118406097,50.671875,1.28,0.05510864437026197,0.03420346185738532,60,"v20260326-204532-4583"
3374,"2026-03-27 15:56:45.323541+00","2026-03-27 15:57:45.323541+00",0.05634489118406097,50.671875,1.2800512020480819,0.05617747408544786,0.03420346185738532,60,"v20260326-204532-4583"
3375,"2026-03-27 15:56:55.414087+00","2026-03-27 15:57:55.414087+00",0.05609028446667195,50.9296875,1.28,0.056963238249772355,0.0023755012531401555,60,"v20260326-204532-4583"
3376,"2026-03-27 15:57:00.333573+00","2026-03-27 15:58:00.333573+00",0.05609028446667195,50.9296875,1.2800512020480819,0.056327988935970096,0.002435864016496104,60,"v20260326-204532-4583"
3377,"2026-03-27 15:57:05.357358+00","2026-03-27 15:58:05.357358+00",0.04910478198788687,50.42578125,1.359945602175913,0.0609496149292728,0.002435864016496104,60,"v20260326-204532-4583"
3378,"2026-03-27 15:57:10.33626+00","2026-03-27 15:58:10.33626+00",0.06429571663916751,50.42578125,1.3599456021759129,0.06182085970403448,0.0024358640164961034,60,"v20260326-204532-4583"
3379,"2026-03-27 15:57:15.328678+00","2026-03-27 15:58:15.328678+00",0.06008620305612743,50.4296875,1.32,0.05841738101917836,0.0024358640164961034,60,"v20260326-204532-4583"
3380,"2026-03-27 15:57:20.33743+00","2026-03-27 15:58:20.33743+00",0.05609408905488657,50.4296875,1.28,0.05637994890350595,0.0024799307413422905,60,"v20260326-204532-4583"
3381,"2026-03-27 15:57:25.316718+00","2026-03-27 15:58:25.316718+00",0.038819914330434246,50.4296875,1.24,0.048190250447334944,0.0024799307413422905,60,"v20260326-204532-4583"
3382,"2026-03-27 15:57:35.378195+00","2026-03-27 15:58:35.378195+00",0.03420346185738532,50.421875,0.8800000000000001,0.031972930270467034,0.0014131292529741255,60,"v20260326-204532-4583"
3383,"2026-03-27 15:57:40.367671+00","2026-03-27 15:58:40.367671+00",0.03420346185738532,50.421875,0.72,0.027825357757612117,0.001815463999214505,60,"v20260326-204532-4583"
3384,"2026-03-27 15:57:55.447723+00","2026-03-27 15:58:55.447723+00",0.0023755012531401555,50.42578125,0.32001280051202047,0.001939978663125139,0.002429909402626231,60,"v20260326-204532-4583"
3385,"2026-03-27 15:58:05.376424+00","2026-03-27 15:59:05.376424+00",0.002435864016496104,50.421875,0.32,0.002598753955187915,0.001695341216504947,60,"v20260326-204532-4583"
3386,"2026-03-27 15:58:10.337797+00","2026-03-27 15:59:10.337797+00",0.0024358640164961034,50.421875,0.28,0.002617233877229072,0.0023828263250555604,60,"v20260326-204532-4583"
3387,"2026-03-27 15:58:15.333764+00","2026-03-27 15:59:15.333764+00",0.0024358640164961034,50.421875,0.31998720051197954,0.0036104885259138054,0.0017783430001610495,60,"v20260326-204532-4583"
3388,"2026-03-27 15:58:25.392836+00","2026-03-27 15:59:25.392836+00",0.0024799307413422905,50.421875,0.32,0.0037901577930340054,0.002517805976277247,60,"v20260326-204532-4583"
3389,"2026-03-27 15:58:30.337509+00","2026-03-27 15:59:30.337509+00",0.0024799307413422905,50.421875,0.28,0.0031421652736450096,0.002517805976277247,60,"v20260326-204532-4583"
3390,"2026-03-27 15:58:35.312369+00","2026-03-27 15:59:35.312369+00",0.0014131292529741255,50.421875,0.32,0.002541248905369962,0.002517805976277247,60,"v20260326-204532-4583"
3391,"2026-03-27 15:58:40.324746+00","2026-03-27 15:59:40.324746+00",0.001815463999214505,50.421875,0.2800112004480179,0.0018951745790159085,0.09197990582561393,60,"v20260326-204532-4583"
3392,"2026-03-27 15:58:45.33731+00","2026-03-27 15:59:45.33731+00",0.0018955117657976947,50.421875,0.32,0.0022579722890094605,0.09197990582561393,60,"v20260326-204532-4583"
3393,"2026-03-27 15:58:50.310575+00","2026-03-27 15:59:50.310575+00",0.001493015795455435,50.421875,0.28,0.001970480673771699,0.09197990582561393,60,"v20260326-204532-4583"
3394,"2026-03-27 15:58:55.315259+00","2026-03-27 15:59:55.315259+00",0.002429909402626231,50.9140625,0.32,0.0022826663489736157,0.2511943551268599,60,"v20260326-204532-4583"
3395,"2026-03-27 15:59:00.336463+00","2026-03-27 16:00:00.336463+00",0.002429909402626231,50.9140625,0.2800112004480179,0.0018718566158333204,0.2511943551268599,60,"v20260326-204532-4583"
3396,"2026-03-27 15:59:05.324077+00","2026-03-27 16:00:05.324077+00",0.001695341216504947,50.66796875,0.32,0.0019807753222631564,0.2511943551268599,60,"v20260326-204532-4583"
3397,"2026-03-27 15:59:10.328322+00","2026-03-27 16:00:10.328322+00",0.0023828263250555604,50.66796875,0.28,0.0020640205670549236,0.34605341356505603,60,"v20260326-204532-4583"
3398,"2026-03-27 15:59:15.327259+00","2026-03-27 16:00:15.327259+00",0.0017783430001610495,50.66796875,0.32,0.002177491860645319,0.34605341356505603,60,"v20260326-204532-4583"
3399,"2026-03-27 15:59:25.36937+00","2026-03-27 16:00:25.36937+00",0.002517805976277247,50.66796875,0.32,0.002439475410030862,0.4939600000000447,60,"v20260326-204532-4583"
3400,"2026-03-27 15:59:30.332241+00","2026-03-27 16:00:30.332241+00",0.002517805976277247,50.66796875,0.4,0.0032567086602590285,0.4939600000000447,60,"v20260326-204532-4583"
3401,"2026-03-27 15:59:45.433113+00","2026-03-27 16:00:45.433113+00",0.09197990582561393,50.93359375,1.6,0.08734247760625871,0.6061077452473805,60,"v20260326-204532-4583"
3402,"2026-03-27 15:59:50.329996+00","2026-03-27 16:00:50.329996+00",0.09197990582561393,50.93359375,2.3999040038398465,0.16477911498476347,0.6061077452473805,60,"v20260326-204532-4583"
3403,"2026-03-27 15:59:55.355981+00","2026-03-27 16:00:55.355981+00",0.2511943551268599,51.9453125,3.4,0.278929376393003,0.520207956909861,60,"v20260326-204532-4583"
3404,"2026-03-27 16:00:00.349352+00","2026-03-27 16:01:00.349352+00",0.2511943551268599,51.9453125,4.08,0.33934191154040605,0.7421999670564431,60,"v20260326-204532-4583"
3405,"2026-03-27 16:00:05.377379+00","2026-03-27 16:01:05.377379+00",0.2511943551268599,51.9453125,4.840000000000001,0.3961676704482833,0.7421999670564431,60,"v20260326-204532-4583"
3406,"2026-03-27 16:00:15.398529+00","2026-03-27 16:01:15.398529+00",0.34605341356505603,50.70703125,6.400256010240409,0.5989897284638878,0.8821446788413528,60,"v20260326-204532-4583"
3407,"2026-03-27 16:00:20.343848+00","2026-03-27 16:01:20.343848+00",0.34605341356505603,50.70703125,7.0,0.5907314578781901,0.8821446788413528,60,"v20260326-204532-4583"
3408,"2026-03-27 16:00:25.326452+00","2026-03-27 16:01:25.326452+00",0.4939600000000447,51.4609375,7.960000000000001,0.6314475809479331,0.8821446788413528,60,"v20260326-204532-4583"
3409,"2026-03-27 16:00:30.340539+00","2026-03-27 16:01:30.340539+00",0.4939600000000447,51.4609375,8.76,0.6277463881159396,1.042601018776261,60,"v20260326-204532-4583"
3410,"2026-03-27 16:00:35.337874+00","2026-03-27 16:01:35.337874+00",0.4939600000000447,51.4609375,9.480379215168607,0.6401362422657593,1.042601018776261,60,"v20260326-204532-4583"
3411,"2026-03-27 16:00:45.358853+00","2026-03-27 16:01:45.358853+00",0.6061077452473805,51.71484375,10.6,0.7031066403580435,1.1532228251932415,60,"v20260326-204532-4583"
3412,"2026-03-27 16:00:50.336174+00","2026-03-27 16:01:50.336174+00",0.6061077452473805,51.71484375,11.36,0.7639452451666991,1.1532228251932415,60,"v20260326-204532-4583"
3413,"2026-03-27 16:00:55.383357+00","2026-03-27 16:01:55.383357+00",0.520207956909861,50.96484375,12.08,0.7278298079447457,1.2125568013539136,60,"v20260326-204532-4583"
3414,"2026-03-27 16:01:00.332885+00","2026-03-27 16:02:00.332885+00",0.7421999670564431,50.96484375,12.799999999999999,0.743793528658875,1.2754540224875401,60,"v20260326-204532-4583"
3415,"2026-03-27 16:01:05.335188+00","2026-03-27 16:02:05.335188+00",0.7421999670564431,50.96484375,13.600000000000001,0.7719148344737753,1.31137804980292,60,"v20260326-204532-4583"
3416,"2026-03-27 16:01:10.343572+00","2026-03-27 16:02:10.343572+00",0.45175237994835504,50.96484375,14.719999999999999,0.6350424695501347,1.3113780498029202,60,"v20260326-204532-4583"
3417,"2026-03-27 16:01:15.341382+00","2026-03-27 16:02:15.341382+00",0.8821446788413528,51.48046875,15.4,0.8540656869443508,1.344667474355812,60,"v20260326-204532-4583"
3418,"2026-03-27 16:01:20.346193+00","2026-03-27 16:02:20.346193+00",0.8821446788413528,51.48046875,16.079356825726972,0.8755100919277147,0.9114828474920873,60,"v20260326-204532-4583"
3419,"2026-03-27 16:01:35.4457+00","2026-03-27 16:02:35.4457+00",1.042601018776261,51.7578125,18.2,1.0809119648154215,1.6022349393553827,60,"v20260326-204532-4583"
3420,"2026-03-27 16:01:40.331011+00","2026-03-27 16:02:40.331011+00",1.042601018776261,51.7578125,18.76,1.082743717332016,1.6022349393553827,60,"v20260326-204532-4583"
3421,"2026-03-27 16:01:45.372186+00","2026-03-27 16:02:45.372186+00",1.1532228251932415,51.5078125,19.84079363174527,1.186671149335178,1.6022349393553827,60,"v20260326-204532-4583"
3422,"2026-03-27 16:01:50.337958+00","2026-03-27 16:02:50.337958+00",1.1532228251932415,51.5078125,20.680000000000003,1.239250201949376,1.5954427772874513,60,"v20260326-204532-4583"
3423,"2026-03-27 16:01:55.341489+00","2026-03-27 16:02:55.341489+00",1.2125568013539136,52.24609375,21.28,1.2781636852101277,1.5954427772874513,60,"v20260326-204532-4583"
3424,"2026-03-27 16:02:00.328385+00","2026-03-27 16:03:00.328385+00",1.2754540224875401,52.24609375,21.84,1.3135702741282627,1.5954427772874513,60,"v20260326-204532-4583"
3425,"2026-03-27 16:02:05.3874+00","2026-03-27 16:03:05.3874+00",1.31137804980292,51.984375,22.76,1.378924757256045,1.5954427772874513,60,"v20260326-204532-4583"
3426,"2026-03-27 16:02:10.333281+00","2026-03-27 16:03:10.333281+00",1.3113780498029202,51.984375,23.16,1.3840851592469352,1.6295801015334939,60,"v20260326-204532-4583"
3427,"2026-03-27 16:02:15.342963+00","2026-03-27 16:03:15.342963+00",1.344667474355812,51.984375,23.92,1.4213885944640237,1.6295801015334939,60,"v20260326-204532-4583"
3428,"2026-03-27 16:02:20.333983+00","2026-03-27 16:03:20.333983+00",0.9114828474920873,51.984375,24.840000000000003,1.2643304449566535,1.629580101533494,60,"v20260326-204532-4583"
3429,"2026-03-27 16:02:25.40152+00","2026-03-27 16:03:25.40152+00",1.4885181586382958,52.48828125,25.68,1.4126174859696978,1.629580101533494,60,"v20260326-204532-4583"
3430,"2026-03-27 16:02:30.328274+00","2026-03-27 16:03:30.328274+00",1.4885181586382958,52.48828125,26.15895364185433,1.425348025114484,1.6080625000000044,60,"v20260326-204532-4583"
3431,"2026-03-27 16:02:35.321338+00","2026-03-27 16:03:35.321338+00",1.6022349393553827,52.04296875,27.0,1.5227662746269215,1.6080625000000044,60,"v20260326-204532-4583"
3432,"2026-03-27 16:02:40.348495+00","2026-03-27 16:03:40.348495+00",1.6022349393553827,52.04296875,27.478900843966244,1.579108216803851,1.6080625000000044,60,"v20260326-204532-4583"
3433,"2026-03-27 16:02:45.330307+00","2026-03-27 16:03:45.330307+00",1.6022349393553827,52.04296875,27.8,1.61941092125327,1.579728227021599,60,"v20260326-204532-4583"
3434,"2026-03-27 16:02:55.383414+00","2026-03-27 16:03:55.383414+00",1.5954427772874513,52.5234375,28.12,1.6495886140828697,1.579728227021599,60,"v20260326-204532-4583"
3435,"2026-03-27 16:03:00.34472+00","2026-03-27 16:04:00.34472+00",1.5954427772874513,52.5234375,27.83888644454222,1.6294680545273372,1.579728227021599,60,"v20260326-204532-4583"
3436,"2026-03-27 16:03:15.464154+00","2026-03-27 16:04:15.464154+00",1.6295801015334939,51.484375,28.080000000000002,1.6551887634789268,1.6271854826093384,60,"v20260326-204532-4583"
3437,"2026-03-27 16:03:20.33246+00","2026-03-27 16:04:20.33246+00",1.629580101533494,51.484375,28.400000000000002,1.681414787156208,1.6271854826093384,60,"v20260326-204532-4583"
3438,"2026-03-27 16:03:35.475212+00","2026-03-27 16:04:35.475212+00",1.6080625000000044,51.78515625,28.081123244929795,1.6393831324204848,1.603750115287112,60,"v20260326-204532-4583"
3439,"2026-03-27 16:03:55.411163+00","2026-03-27 16:04:55.411163+00",1.579728227021599,52.00390625,27.84,1.613543787221022,1.5803178140427034,60,"v20260326-204532-4583"
3440,"2026-03-27 16:04:15.3564+00","2026-03-27 16:05:15.3564+00",1.6271854826093384,52.26171875,28.038878444862206,1.644147293216749,1.22424030957715,60,"v20260326-204532-4583"
3441,"2026-03-27 16:04:35.39952+00","2026-03-27 16:05:35.39952+00",1.603750115287112,51.5234375,27.99888004479821,1.634535947372074,1.5687013047530953,60,"v20260326-204532-4583"
3442,"2026-03-27 16:04:45.359661+00","2026-03-27 16:05:45.359661+00",1.5803178140427034,51.296875,27.798888044478222,1.6154451224402386,1.5947728678440671,60,"v20260326-204532-4583"
3443,"2026-03-27 16:04:50.318205+00","2026-03-27 16:05:50.318205+00",1.5803178140427034,51.296875,27.840000000000003,1.6231406068860288,1.5947728678440671,60,"v20260326-204532-4583"
3444,"2026-03-27 16:04:55.371131+00","2026-03-27 16:05:55.371131+00",1.5803178140427034,51.296875,27.84,1.6231912834097115,1.5712887596899334,60,"v20260326-204532-4583"
3445,"2026-03-27 16:05:05.368629+00","2026-03-27 16:06:05.368629+00",1.6053081000496903,52.5390625,28.238870445182194,1.6589737095421275,1.5751793189502796,60,"v20260326-204532-4583"
3446,"2026-03-27 16:05:10.307652+00","2026-03-27 16:06:10.307652+00",1.6053081000496903,52.5390625,28.1211248449938,1.63994200656375,1.5801466275660367,60,"v20260326-204532-4583"
3447,"2026-03-27 16:05:15.328566+00","2026-03-27 16:06:15.328566+00",1.22424030957715,52.0234375,28.04,1.4978869313948882,1.2018595249267274,60,"v20260326-204532-4583"
3448,"2026-03-27 16:05:20.348+00","2026-03-27 16:06:20.348+00",1.6458529817304282,52.0234375,27.840000000000003,1.5555136209608103,0.9386070967742259,60,"v20260326-204532-4583"
3449,"2026-03-27 16:05:25.383678+00","2026-03-27 16:06:25.383678+00",1.605272712418331,51.8046875,28.0,1.5786598973386825,1.5841245149667864,60,"v20260326-204532-4583"
3450,"2026-03-27 16:05:30.322412+00","2026-03-27 16:06:30.322412+00",1.5687013047530953,51.8046875,27.561102444097763,1.5636102206696276,1.5841245149667864,60,"v20260326-204532-4583"
3451,"2026-03-27 16:05:35.356201+00","2026-03-27 16:06:35.356201+00",1.5687013047530953,51.8046875,27.52,1.5855417420817004,1.5353152186130141,60,"v20260326-204532-4583"
3452,"2026-03-27 16:05:40.339234+00","2026-03-27 16:06:40.339234+00",1.0147405840012855,51.8046875,27.680000000000003,1.3724751894672644,1.5353152186130141,60,"v20260326-204532-4583"
3453,"2026-03-27 16:05:45.378651+00","2026-03-27 16:06:45.378651+00",1.5947728678440671,52.02734375,27.798888044478222,1.5135599839484353,1.5353152186130141,60,"v20260326-204532-4583"
3454,"2026-03-27 16:05:50.354359+00","2026-03-27 16:06:50.354359+00",1.5947728678440671,52.02734375,27.64,1.5022543239043153,1.4051888950377789,60,"v20260326-204532-4583"
3455,"2026-03-27 16:05:55.343844+00","2026-03-27 16:06:55.343844+00",1.5712887596899334,52.296875,27.878884844606215,1.552138707901167,1.4051888950377789,60,"v20260326-204532-4583"
3456,"2026-03-27 16:06:00.346934+00","2026-03-27 16:07:00.346934+00",1.5712887596899334,52.296875,27.720000000000002,1.5673744026409904,1.4051888950377789,60,"v20260326-204532-4583"
3457,"2026-03-27 16:06:05.316019+00","2026-03-27 16:07:05.316019+00",1.5751793189502796,51.52734375,27.438902443902244,1.562452142824101,1.4051888950377789,60,"v20260326-204532-4583"
3458,"2026-03-27 16:06:10.349081+00","2026-03-27 16:07:10.349081+00",1.5801466275660367,51.52734375,27.441097643905756,1.5791904708018245,1.2652938653496575,60,"v20260326-204532-4583"
3459,"2026-03-27 16:06:15.393029+00","2026-03-27 16:07:15.393029+00",1.2018595249267274,51.52734375,27.400000000000002,1.4786574555506808,1.2652938653496575,60,"v20260326-204532-4583"
3460,"2026-03-27 16:06:20.338725+00","2026-03-27 16:07:20.338725+00",0.9386070967742259,51.52734375,27.360000000000003,1.3909750948348063,1.2652938653496575,60,"v20260326-204532-4583"
3461,"2026-03-27 16:06:25.332852+00","2026-03-27 16:07:25.332852+00",1.5841245149667864,52.98828125,27.48,1.6605327768022151,1.1145890059652606,60,"v20260326-204532-4583"
3462,"2026-03-27 16:06:30.337137+00","2026-03-27 16:07:30.337137+00",1.5841245149667864,52.98828125,27.48,1.5634029374458143,1.1145890059652606,60,"v20260326-204532-4583"
3463,"2026-03-27 16:06:35.332359+00","2026-03-27 16:07:35.332359+00",1.5353152186130141,51.76171875,27.44,1.5118177033707199,1.1145890059652606,60,"v20260326-204532-4583"
3464,"2026-03-27 16:06:40.329501+00","2026-03-27 16:07:40.329501+00",1.5353152186130141,51.76171875,27.158913643454262,1.511611160971289,0.9982564391379672,60,"v20260326-204532-4583"
3465,"2026-03-27 16:06:45.339487+00","2026-03-27 16:07:45.339487+00",1.5353152186130141,51.76171875,26.64,1.5070978846764154,0.9982564391379672,60,"v20260326-204532-4583"
3466,"2026-03-27 16:06:55.395098+00","2026-03-27 16:07:55.395098+00",1.4051888950377789,51.5390625,25.28101124044962,1.400349234517108,0.8791663924794217,60,"v20260326-204532-4583"
3467,"2026-03-27 16:07:00.327469+00","2026-03-27 16:08:00.327469+00",1.4051888950377789,51.5390625,24.23903043878245,1.3664234512960765,0.8791663924794217,60,"v20260326-204532-4583"
3468,"2026-03-27 16:07:15.479375+00","2026-03-27 16:08:15.479375+00",1.2652938653496575,51.73828125,22.479100835966562,1.2462840068434689,0.7337347315050061,60,"v20260326-204532-4583"
3469,"2026-03-27 16:07:20.34198+00","2026-03-27 16:08:20.34198+00",1.2652938653496575,51.73828125,21.680000000000003,1.227002721145701,0.733734731505006,60,"v20260326-204532-4583"
3470,"2026-03-27 16:07:25.416252+00","2026-03-27 16:08:25.416252+00",1.1145890059652606,52.703125,21.200848033921357,1.1973312762013677,0.5961324015422678,60,"v20260326-204532-4583"
3471,"2026-03-27 16:07:30.335928+00","2026-03-27 16:08:30.335928+00",1.1145890059652606,52.703125,20.400000000000002,1.1694647174550192,0.5961324015422678,60,"v20260326-204532-4583"
3472,"2026-03-27 16:07:35.324278+00","2026-03-27 16:08:35.324278+00",1.1145890059652606,52.703125,19.28,1.0949150393055624,0.5961324015422678,60,"v20260326-204532-4583"
3473,"2026-03-27 16:07:45.404345+00","2026-03-27 16:08:45.404345+00",0.9982564391379672,52.1953125,18.079276828926844,0.9906714062964976,0.47713431387186184,60,"v20260326-204532-4583"
3474,"2026-03-27 16:07:50.346618+00","2026-03-27 16:08:50.346618+00",0.9982564391379672,52.1953125,17.28,0.962012527287642,0.47713431387186184,60,"v20260326-204532-4583"
3475,"2026-03-27 16:07:55.343093+00","2026-03-27 16:08:55.343093+00",0.8791663924794217,51.2265625,16.6,0.9117475850040981,0.3802202316810538,60,"v20260326-204532-4583"
3476,"2026-03-27 16:08:00.329463+00","2026-03-27 16:09:00.329463+00",0.8791663924794217,51.2265625,16.04,0.8990589725464542,0.3802202316810537,60,"v20260326-204532-4583"
3477,"2026-03-27 16:08:05.382769+00","2026-03-27 16:09:05.382769+00",0.6338936217508712,51.2265625,15.200000000000001,0.7830563126079588,0.31448432055745956,60,"v20260326-204532-4583"
3478,"2026-03-27 16:08:15.373515+00","2026-03-27 16:09:15.373515+00",0.7337347315050061,52.22265625,13.360000000000001,0.7007520808801663,0.23587863413053473,60,"v20260326-204532-4583"
3479,"2026-03-27 16:08:20.340768+00","2026-03-27 16:09:20.340768+00",0.733734731505006,52.22265625,12.52,0.6620510350768173,0.1494173207899872,60,"v20260326-204532-4583"
3480,"2026-03-27 16:08:25.347332+00","2026-03-27 16:09:25.347332+00",0.5961324015422678,51.2109375,11.76,0.6004021000368764,0.11922112411668646,60,"v20260326-204532-4583"
3481,"2026-03-27 16:08:30.328186+00","2026-03-27 16:09:30.328186+00",0.5961324015422678,51.2109375,11.0,0.5837973774718023,0.11922112411668646,60,"v20260326-204532-4583"
3482,"2026-03-27 16:08:35.379125+00","2026-03-27 16:09:35.379125+00",0.5961324015422678,51.2109375,10.439582416703333,0.5724853626999478,0.007691094723911416,60,"v20260326-204532-4583"
3483,"2026-03-27 16:08:45.362377+00","2026-03-27 16:09:45.362377+00",0.47713431387186184,51.20703125,8.8,0.44910260012697145,0.011350773175124462,60,"v20260326-204532-4583"
3484,"2026-03-27 16:08:50.333332+00","2026-03-27 16:09:50.333332+00",0.47713431387186184,51.20703125,8.2,0.4425266096212783,0.007424729913401829,60,"v20260326-204532-4583"
3485,"2026-03-27 16:08:55.394442+00","2026-03-27 16:09:55.394442+00",0.3802202316810538,50.6953125,7.48,0.39472330399196803,0.002547410701471521,60,"v20260326-204532-4583"
3486,"2026-03-27 16:09:00.341471+00","2026-03-27 16:10:00.341471+00",0.3802202316810537,50.6953125,6.640265610624425,0.3617548473485013,0.002547410701471521,60,"v20260326-204532-4583"
3487,"2026-03-27 16:09:05.352648+00","2026-03-27 16:10:05.352648+00",0.31448432055745956,51.6796875,5.959761609535619,0.317218763728143,0.0024736251403411737,60,"v20260326-204532-4583"
3488,"2026-03-27 16:09:10.33479+00","2026-03-27 16:10:10.33479+00",0.23587863413053473,51.6796875,5.2,0.27076828621157034,0.0024736251403411733,60,"v20260326-204532-4583"
3489,"2026-03-27 16:09:15.312586+00","2026-03-27 16:10:15.312586+00",0.23587863413053473,51.6796875,4.4,0.23099852450448716,0.0024736251403411733,60,"v20260326-204532-4583"
3490,"2026-03-27 16:09:20.351331+00","2026-03-27 16:10:20.351331+00",0.1494173207899872,51.6796875,3.6799999999999997,0.16713223185075488,0.002445758653205654,60,"v20260326-204532-4583"
3491,"2026-03-27 16:09:25.328325+00","2026-03-27 16:10:25.328325+00",0.11922112411668646,50.9296875,2.879884804607816,0.12600841890503628,0.002445758653205654,60,"v20260326-204532-4583"
3492,"2026-03-27 16:09:30.342233+00","2026-03-27 16:10:30.342233+00",0.11922112411668646,50.9296875,2.2,0.10167635238332007,0.002445758653205654,60,"v20260326-204532-4583"
3493,"2026-03-27 16:09:35.332414+00","2026-03-27 16:10:35.332414+00",0.007691094723911416,50.671875,1.48,0.00978620318661769,0.0023920712539853752,60,"v20260326-204532-4583"
3494,"2026-03-27 16:09:40.332658+00","2026-03-27 16:10:40.332658+00",0.011350773175124462,50.671875,0.9199632014719412,0.008993690341045303,0.0023920712539853752,60,"v20260326-204532-4583"
3495,"2026-03-27 16:09:45.312956+00","2026-03-27 16:10:45.312956+00",0.011350773175124462,50.671875,0.56,0.006404593843525693,0.0023920712539853752,60,"v20260326-204532-4583"
3496,"2026-03-27 16:09:50.337647+00","2026-03-27 16:10:50.337647+00",0.007424729913401829,50.671875,0.360014400576023,0.004570083921244314,0.0025327931675627096,60,"v20260326-204532-4583"
3497,"2026-03-27 16:09:55.330031+00","2026-03-27 16:10:55.330031+00",0.002547410701471521,50.421875,0.32001280051202047,0.00248615109889132,0.0025327931675627096,60,"v20260326-204532-4583"
3498,"2026-03-27 16:10:00.334477+00","2026-03-27 16:11:00.334477+00",0.002547410701471521,50.421875,0.28,0.0026643337833649025,0.0025327931675627096,60,"v20260326-204532-4583"
3499,"2026-03-27 16:10:05.361837+00","2026-03-27 16:11:05.361837+00",0.0024736251403411737,50.421875,0.32001280051202047,0.003575419649737094,0.0025327931675627096,60,"v20260326-204532-4583"
3500,"2026-03-27 16:10:10.333133+00","2026-03-27 16:11:10.333133+00",0.0024736251403411733,50.421875,0.28,0.004234526916870985,0.002447838023421075,60,"v20260326-204532-4583"
3501,"2026-03-27 16:10:15.333075+00","2026-03-27 16:11:15.333075+00",0.0024736251403411733,50.421875,0.31998720051197954,0.004483587698592454,0.002447838023421075,60,"v20260326-204532-4583"
3502,"2026-03-27 16:10:25.375371+00","2026-03-27 16:11:25.375371+00",0.002445758653205654,50.41796875,0.32,0.0037571812626929217,0.0023981337480127166,60,"v20260326-204532-4583"
3503,"2026-03-27 16:10:30.33222+00","2026-03-27 16:11:30.33222+00",0.002445758653205654,50.41796875,0.28,0.0025855783838747487,0.0023981337480127166,60,"v20260326-204532-4583"
3504,"2026-03-27 16:10:35.339107+00","2026-03-27 16:11:35.339107+00",0.0023920712539853752,50.41796875,0.31998720051197954,0.0031543980227818885,0.0023981337480127166,60,"v20260326-204532-4583"
3505,"2026-03-27 16:10:40.329216+00","2026-03-27 16:11:40.329216+00",0.0023920712539853752,50.41796875,0.2800112004480179,0.003139133277272611,0.0025468764292074482,60,"v20260326-204532-4583"
3506,"2026-03-27 16:10:45.326166+00","2026-03-27 16:11:45.326166+00",0.0023920712539853752,50.41796875,0.32,0.003508495291898694,0.0025468764292074482,60,"v20260326-204532-4583"
3507,"2026-03-27 16:10:55.379939+00","2026-03-27 16:11:55.379939+00",0.0025327931675627096,50.66796875,0.32,0.002722661894228203,0.0024886718749191536,60,"v20260326-204532-4583"
3508,"2026-03-27 16:11:00.329186+00","2026-03-27 16:12:00.329186+00",0.0025327931675627096,50.66796875,0.2800112004480179,0.002252725133589295,0.0024886718749191536,60,"v20260326-204532-4583"
3509,"2026-03-27 16:11:15.431072+00","2026-03-27 16:12:15.431072+00",0.002447838023421075,50.6640625,0.32,0.002743027118081201,0.002512911970321444,60,"v20260326-204532-4583"
3510,"2026-03-27 16:11:20.328375+00","2026-03-27 16:12:20.328375+00",0.0024478380234210745,50.6640625,0.28,0.002327085016030102,0.002512911970321444,60,"v20260326-204532-4583"
3511,"2026-03-27 16:11:25.332102+00","2026-03-27 16:12:25.332102+00",0.0023981337480127166,50.6640625,0.32,0.0028232493337029853,0.002380181715026057,60,"v20260326-204532-4583"
3512,"2026-03-27 16:11:30.336551+00","2026-03-27 16:12:30.336551+00",0.0023981337480127166,50.6640625,0.28,0.0023191678810961856,NULL,60,"v20260326-204532-4583"
3513,"2026-03-27 16:11:35.33837+00","2026-03-27 16:12:35.33837+00",0.0023981337480127166,50.6640625,0.32001280051202047,0.0027870209275895207,NULL,60,"v20260326-204532-4583"
3514,"2026-03-27 16:11:45.392937+00","2026-03-27 16:12:45.392937+00",0.0025468764292074482,50.41796875,0.32,0.002739302253857663,NULL,60,"v20260326-204532-4583"
3515,"2026-03-27 16:11:50.337452+00","2026-03-27 16:12:50.337452+00",0.0017767434449556029,50.41796875,0.28,0.001984152193611213,NULL,60,"v20260326-204532-4583"
3516,"2026-03-27 16:11:55.314844+00","2026-03-27 16:12:55.314844+00",0.0024886718749191536,50.41796875,0.31998720051197954,0.002565398286059979,NULL,60,"v20260326-204532-4583"
3517,"2026-03-27 16:12:00.339723+00","2026-03-27 16:13:00.339723+00",0.0024886718749191536,50.41796875,0.2799888004479821,0.002083622119321786,NULL,60,"v20260326-204532-4583"
3518,"2026-03-27 16:12:05.348858+00","2026-03-27 16:13:05.348858+00",0.0024886718749191536,50.41796875,0.32,0.0026678978505609,NULL,60,"v20260326-204532-4583"
3519,"2026-03-27 16:12:15.363131+00","2026-03-27 16:13:15.363131+00",0.002512911970321444,50.41796875,0.32,0.0027084624438171927,NULL,60,"v20260326-204532-4583"
3520,"2026-03-27 16:12:20.337504+00","2026-03-27 16:13:20.337504+00",0.002512911970321444,50.41796875,0.2800112004480179,0.0022271322382105933,NULL,60,"v20260326-204532-4583"
3521,"2026-03-27 16:12:25.335089+00","2026-03-27 16:13:25.335089+00",0.002380181715026057,50.41796875,0.32001280051202047,0.002766207120153763,NULL,60,"v20260326-204532-4583"
3522,"2026-03-27 16:12:30.332125+00","2026-03-27 16:13:30.332125+00",0.002380181715026057,50.41796875,0.28,0.002336940625106868,NULL,60,"v20260326-204532-4583"
